GEO,OBJECTID,STATECODE,COUNTYCODE,FIPSCODE,COUNTY,STATE,V001_DENOMINATOR,V001_FLAG,V001_NUMERATOR,V001_RACE_AIAN,V001_RACE_AIAN_FLAG,V001_RACE_ASIAN,V001_RACE_ASIAN_FLAG,V001_RACE_BLACK,V001_RACE_BLACK_FLAG,V001_RACE_HISPANIC,V001_RACE_HISPANIC_FLAG,V001_RACE_NHOPI,V001_RACE_NHOPI_FLAG,V001_RACE_WHITE,V001_RACE_WHITE_FLAG,V001_RAWVALUE,V002_RAWVALUE,V003_DENOMINATOR,V003_NUMERATOR,V003_RAWVALUE,V004_DENOMINATOR,V004_NUMERATOR,V004_RAWVALUE,V005_RACE_AIAN,V005_RACE_ASIAN,V005_RACE_BLACK,V005_RACE_HISPANIC,V005_RACE_WHITE,V005_RAWVALUE,V009_RAWVALUE,V011_RAWVALUE,V014_DENOMINATOR,V014_NUMERATOR,V014_RACE_AIAN,V014_RACE_ASIAN,V014_RACE_BLACK,V014_RACE_HISPANIC,V014_RACE_NHOPI,V014_RACE_TOM,V014_RACE_WHITE,V014_RAWVALUE,V015_DENOMINATOR,V015_NUMERATOR,V015_RACE_AIAN,V015_RACE_ASIAN,V015_RACE_BLACK,V015_RACE_HISPANIC,V015_RACE_NHOPI,V015_RACE_WHITE,V015_RAWVALUE,V021_DENOMINATOR,V021_NUMERATOR,V021_RAWVALUE,V023_DENOMINATOR,V023_NUMERATOR,V023_RAWVALUE,V024_NUMERATOR,V024_RACE_AIAN,V024_RACE_ASIAN,V024_RACE_BLACK,V024_RACE_HISPANIC,V024_RACE_WHITE,V024_RAWVALUE,V036_RAWVALUE,V037_DENOMINATOR,V037_FLAG,V037_NUMERATOR,V037_RACE_AIAN,V037_RACE_ASIAN,V037_RACE_BLACK,V037_RACE_HISPANIC,V037_RACE_NHOPI,V037_RACE_TOM,V037_RACE_WHITE,V037_RAWVALUE,V039_DENOMINATOR,V039_NUMERATOR,V039_RACE_AIAN,V039_RACE_ASIAN,V039_RACE_BLACK,V039_RACE_HISPANIC,V039_RACE_NHOPI,V039_RACE_WHITE,V039_RAWVALUE,V042_RAWVALUE,V044_DENOMINATOR,V044_NUMERATOR,V044_RAWVALUE,V045_DENOMINATOR,V045_NUMERATOR,V045_RAWVALUE,V049_RAWVALUE,V050_RACE_AIAN,V050_RACE_ASIAN,V050_RACE_BLACK,V050_RACE_HISPANIC,V050_RACE_WHITE,V050_RAWVALUE,V051_RAWVALUE,V052_DENOMINATOR,V052_NUMERATOR,V052_RAWVALUE,V053_DENOMINATOR,V053_NUMERATOR,V053_RAWVALUE,V054_DENOMINATOR,V054_NUMERATOR,V054_RAWVALUE,V055_DENOMINATOR,V055_NUMERATOR,V055_RAWVALUE,V056_DENOMINATOR,V056_NUMERATOR,V056_RAWVALUE,V057_DENOMINATOR,V057_NUMERATOR,V057_RAWVALUE,V058_DENOMINATOR,V058_NUMERATOR,V058_RAWVALUE,V059_DENOMINATOR,V059_NUMERATOR,V059_RAWVALUE,V060_RAWVALUE,V061_DENOMINATOR,V061_NUMERATOR,V061_RAWVALUE,V062_DENOMINATOR,V062_NUMERATOR,V062_RAWVALUE,V063_RACE_AIAN,V063_RACE_ASIAN,V063_RACE_BLACK,V063_RACE_HISPANIC,V063_RACE_WHITE,V063_RAWVALUE,V065_DENOMINATOR,V065_NUMERATOR,V065_RAWVALUE,V067_DENOMINATOR,V067_NUMERATOR,V067_RACE_AIAN,V067_RACE_ASIAN,V067_RACE_BLACK,V067_RACE_HISPANIC,V067_RACE_WHITE,V067_RAWVALUE,V069_DENOMINATOR,V069_NUMERATOR,V069_RAWVALUE,V070_RAWVALUE,V080_DENOMINATOR,V080_NUMERATOR,V080_RAWVALUE,V081_DENOMINATOR,V081_NUMERATOR,V081_RAWVALUE,V082_DENOMINATOR,V082_NUMERATOR,V082_RAWVALUE,V083_DENOMINATOR,V083_NUMERATOR,V083_RAWVALUE,V085_DENOMINATOR,V085_NUMERATOR,V085_RAWVALUE,V088_DENOMINATOR,V088_NUMERATOR,V088_RAWVALUE,V122_DENOMINATOR,V122_NUMERATOR,V122_RAWVALUE,V124_RAWVALUE,V125_RAWVALUE,V126_DENOMINATOR,V126_NUMERATOR,V126_RAWVALUE,V127_DENOMINATOR,V127_NUMERATOR,V127_RACE_AIAN,V127_RACE_ASIAN,V127_RACE_BLACK,V127_RACE_HISPANIC,V127_RACE_NHOPI,V127_RACE_WHITE,V127_RAWVALUE,V128_DENOMINATOR,V128_NUMERATOR,V128_RACE_AIAN,V128_RACE_ASIAN,V128_RACE_BLACK,V128_RACE_HISPANIC,V128_RACE_NHOPI,V128_RACE_WHITE,V128_RAWVALUE,V129_DENOMINATOR,V129_NUMERATOR,V129_RACE_AIAN,V129_RACE_ASIAN,V129_RACE_BLACK,V129_RACE_HISPANIC,V129_RACE_NHOPI,V129_RACE_TOM,V129_RACE_WHITE,V129_RAWVALUE,V131_DENOMINATOR,V131_NUMERATOR,V131_RAWVALUE,V132_DENOMINATOR,V132_NUMERATOR,V132_RAWVALUE,V133_DENOMINATOR,V133_NUMERATOR,V133_RAWVALUE,V134_DENOMINATOR,V134_NUMERATOR,V134_RAWVALUE,V135_DENOMINATOR,V135_NUMERATOR,V135_RACE_AIAN,V135_RACE_ASIAN,V135_RACE_BLACK,V135_RACE_HISPANIC,V135_RACE_NHOPI,V135_RACE_WHITE,V135_RAWVALUE,V136_DENOMINATOR,V136_NUMERATOR,V136_OTHER_DATA_1,V136_OTHER_DATA_2,V136_OTHER_DATA_3,V136_RAWVALUE,V137_DENOMINATOR,V137_RAWVALUE,V138_DENOMINATOR,V138_NUMERATOR,V138_RACE_AIAN,V138_RACE_ASIAN,V138_RACE_BLACK,V138_RACE_HISPANIC,V138_RACE_NHOPI,V138_RACE_WHITE,V138_RAWVALUE,V139_NUMERATOR,V139_RAWVALUE,V140_DENOMINATOR,V140_NUMERATOR,V140_RAWVALUE,V141_RAWVALUE,V143_RAWVALUE,V144_RAWVALUE,V145_RAWVALUE,V147_RACE_AIAN,V147_RACE_ASIAN,V147_RACE_BLACK,V147_RACE_HISPANIC,V147_RACE_NHOPI,V147_RACE_WHITE,V147_RAWVALUE,V148_DENOMINATOR,V148_NUMERATOR,V148_RACE_AIAN,V148_RACE_ASIAN,V148_RACE_BLACK,V148_RACE_HISPANIC,V148_RACE_NHOPI,V148_RACE_WHITE,V148_RAWVALUE,V149_DENOMINATOR,V149_NUMERATOR,V149_RAWVALUE,V151_DENOMINATOR,V151_NUMERATOR,V151_RAWVALUE,V153_DENOMINATOR,V153_NUMERATOR,V153_RAWVALUE,V154_DENOMINATOR,V154_NUMERATOR,V154_RAWVALUE,V155_RACE_AIAN,V155_RACE_ASIAN,V155_RACE_BLACK,V155_RACE_HISPANIC,V155_RACE_WHITE,V155_RAWVALUE,V156_RAWVALUE,V158_DENOMINATOR,V158_OTHER_DATA_1,V158_OTHER_DATA_2,V158_RAWVALUE,V159_RACE_AIAN,V159_RACE_ASIAN,V159_RACE_BLACK,V159_RACE_HISPANIC,V159_RACE_WHITE,V159_RAWVALUE,V160_RACE_AIAN,V160_RACE_ASIAN,V160_RACE_BLACK,V160_RACE_HISPANIC,V160_RACE_WHITE,V160_RAWVALUE,V161_DENOMINATOR,V161_NUMERATOR,V161_OTHER_DATA_1,V161_RACE_AIAN,V161_RACE_ASIAN,V161_RACE_BLACK,V161_RACE_HISPANIC,V161_RACE_NHOPI,V161_RACE_WHITE,V161_RAWVALUE,V166_DENOMINATOR,V166_NUMERATOR,V166_RAWVALUE,V167_RAWVALUE,V168_DENOMINATOR,V168_NUMERATOR,V168_RAWVALUE,V169_RAWVALUE,V170_RAWVALUE,V171_DENOMINATOR,V171_NUMERATOR,V171_RAWVALUE,V172_DENOMINATOR,V172_NUMERATOR,V172_RAWVALUE,V177_DENOMINATOR,V177_NUMERATOR,V177_RAWVALUE,V178_RAWVALUE,YEAR,SHAPE__AREA,SHAPE__LENGTH
"{
  ""coordinates"": [
    [
      [
        [
          -8.950714060000000e+01,
          3.372182520000000e+01
        ],
        [
          -8.950687760000000e+01,
          3.367761120000000e+01
        ],
        [
          -8.950650160000001e+01,
          3.345981220000000e+01
        ],
        [
          -8.938109760000000e+01,
          3.346031320000000e+01
        ],
        [
          -8.936244360000001e+01,
          3.347340320000000e+01
        ],
        [
          -8.934054759999999e+01,
          3.346942020000000e+01
        ],
        [
          -8.931897960000001e+01,
          3.349433020000000e+01
        ],
        [
          -8.929614560000000e+01,
          3.350674020000000e+01
        ],
        [
          -8.926148660000000e+01,
          3.351863420000000e+01
        ],
        [
          -8.924603260000001e+01,
          3.351623520000000e+01
        ],
        [
          -8.922447860000000e+01,
          3.352604120000000e+01
        ],
        [
          -8.918096850000001e+01,
          3.353285120000000e+01
        ],
        [
          -8.908845150000001e+01,
          3.353320820000000e+01
        ],
        [
          -8.908826850000000e+01,
          3.356204520000000e+01
        ],
        [
          -8.901861850000000e+01,
          3.356212020000000e+01
        ],
        [
          -8.901854550000000e+01,
          3.363537920000000e+01
        ],
        [
          -8.903602650000001e+01,
          3.363357520000000e+01
        ],
        [
          -8.903450350000000e+01,
          3.373943630000000e+01
        ],
        [
          -8.919178660000000e+01,
          3.373860820000000e+01
        ],
        [
          -8.919192959999999e+01,
          3.372216420000000e+01
        ],
        [
          -8.950714060000000e+01,
          3.372182520000000e+01
        ]
      ]
    ]
  ],
  ""type"": ""MultiPolygon""
}",14,28,155,28155,Webster County,MS,27248,0,238,,2,,2,20356.447924133,,,2,,2,12919.943095792,,14293.945639136,20.4,5802,1086,18.717683557,9983,4,40.068115797,,,4522,,3669,3852,19.5,37.8,2113,58,,,38.363171355,,,,25,27.449124468,,,,,,,,,,126,116.55,92.5,3875,151,3.896774194,633,,,49.496981891,,14.024041214,27.1,3.885360121,863,0,106,,,19.186046512,,,,10.534124629,12.282734647,68567,25,,,,,,42.919255817,36.460688086,5.076892561,23741,100497,4.233056737,9983,50,500.9,15.778506428,,,52,,39,40,9993,9993,2367,23.686580606,9993,1868,18.69308516,9993,1771,17.722405684,9993,44,0.4403082158,9993,192,1.921344941,9993,5131,51.34594216,9926,9926,100,9320,6,0.0643776824,11,8309,18,216.6,9993,7,70.049034324,,,32708,22731,59559,51249,1758,1746,99.317406143,3990,3656,,,,,88.43537415,91.629072682,2268,1340,59.082892416,29.7,9993,1,0.0100070049,9993,21,0.210147103,2353,658,27.964300892,10253,369.826323165,3.60700598,8155,1307,16.026977315,9993,3,30.02101471,2466,238,9.651257097,0,9.1,9993,7846,78.514960472,27248,238,,,916.284397144,,,619.689870647,665.254386763,,,,,,,,,,,,,,,,,,,,9993,20,200.140098069,9926,798,8.039492243,16.9,3.60700598,6.9,6,1,16.666666667,48901,56,,,,,,128.017556693,114.51708554,3700,380,9.574759945,0.6216216216,0.6486486486,10.27027027,3990,56.2,,,,,,,,,,1680,16.9,9983,14,14.023840529,44.571011477,33,12.3,17,,,66.4629381,,,71.239679907,70.435562897,48901,14,,,,,,28.738635176,28.629271385,,,,54493,40547,0.7440772209,4065,3166,77.884378844,3917,313,7.990809293,,,24,,33,32,7.540719351,1100,-888,0,,,,2.959525318,,3.299559993,3.177884935,,,3.128482588,,3.615108628,3.473236244,48901,11,22.494427517,,,,,,25.728860378,23.114498613,4065,3104,76.359163592,0.04461797282,6755,5730,84.826054774,-7120.133,,51249,,13.208062596,601,2,3.327787022,7420,5395,72.708894879,54,2024,1582945855.70312,177520.263517923
"{
  ""coordinates"": [
    [
      [
        [
          -8.934081150000000e+01,
          3.090991760000000e+01
        ],
        [
          -8.934145140000000e+01,
          3.064772560000000e+01
        ],
        [
          -8.924014140000000e+01,
          3.064765160000000e+01
        ],
        [
          -8.924007840000000e+01,
          3.067716560000000e+01
        ],
        [
          -8.888453830000000e+01,
          3.067729760000000e+01
        ],
        [
          -8.888453930000000e+01,
          3.073559660000000e+01
        ],
        [
          -8.888504330000001e+01,
          3.091079370000000e+01
        ],
        [
          -8.913797240000000e+01,
          3.090988270000000e+01
        ],
        [
          -8.934081150000000e+01,
          3.090991760000000e+01
        ]
      ]
    ]
  ],
  ""type"": ""MultiPolygon""
}",15,28,131,28131,Stone County,MS,52015,0,428,,2,,2,13873.500963772,,,2,,2,14091.783569415,,13747.431248791,22.7,10339,2049,19.818164233,18644,6,32.181935207,,,1946,,3385,3363,21.8,41.2,5088,122,,,16.483516484,,,,27.323943662,23.977987421,,,,,,,,,,177,163.725,92.5,6955,289,4.155283968,966,,,56.261682243,46.09929078,23.294858342,24.8,4.117287812,1486,0,175,,,23.19391635,,,,9.361329834,11.776581427,128251,38,,,,,,29.577349869,29.629398601,5.254052082,22685,107915,4.757108221,18644,75,402.3,15.041126387,,,28,,36,35,18669,18669,3982,21.329476673,18669,3236,17.333547592,18669,3392,18.169157427,18669,110,0.5892120628,18669,462,2.474690664,18669,9236,49.47238738,18333,18333,100,17264,38,0.2201112141,12.2,15749,35,222.2,18669,7,37.495313086,,,22883,117840,61048,54283,2411,2399,99.502281211,6656,5696,,,,,81.867988521,85.576923077,3883,2167,55.807365439,30.5,18669,13,0.06963415287,18669,103,0.5517167497,3965,997,25.145018916,17786,2237.3482367,12.579265921,14305,2358,16.483746942,18669,4,21.425893192,4150,332,8,0,9,18669,14330,76.75826236,52015,428,,,614.650340233,,,657.962709626,642.682538121,19376,15,,,,,,71.612718419,77.415359207,,,,,,,,,,,18669,22,117.842412556,18333,13964,76.168657612,17.7,12.579265921,5.8,24,5,20.833333333,92169,88,,,62.326477421,,,103.659315849,95.476787206,6305,905,11.442307692,3.552735924,1.268834259,14.35368755,6656,55.1,55340,18,,,,,,42.465850379,32.526201662,3260,17.7,18644,10,5.363655868,41.492933297,33.4,13.3,17.8,,,72.182761246,,,71.175635382,71.493511485,92169,18,,,,,,19.879868793,19.529342838,,,,52506,33641,0.6407077286,6517,5079,77.9346325,6174,789,12.779397473,,,23,,33,33,9.244613443,1800,20,15,19.444444444,,,3.009901303,,3.381509001,3.270860118,,,3.073183155,,3.513285719,3.39120951,92169,14,15.189488874,,,,,,19.205043646,15.17080212,6517,4842,74.297989873,0.01647125579,11853,10147,85.60701932,-3442.004,,54283,,14.951273879,1133,7,6.178287732,14270,7878,55.2067274,56.1,2024,1576488521.82422,169643.025161124
"{
  ""coordinates"": [
    [
      [
        [
          -9.109540400000000e+01,
          3.132098070000000e+01
        ],
        [
          -9.107995990000001e+01,
          3.128883370000000e+01
        ],
        [
          -9.105947490000000e+01,
          3.128192670000000e+01
        ],
        [
          -9.106021890000000e+01,
          3.099895860000000e+01
        ],
        [
          -9.089473590000000e+01,
          3.099963560000000e+01
        ],
        [
          -9.082603290000000e+01,
          3.099936560000000e+01
        ],
        [
          -9.082583520000000e+01,
          3.099936600000000e+01
        ],
        [
          -9.078375090000000e+01,
          3.099945260000000e+01
        ],
        [
          -9.077986390000000e+01,
          3.099946260000000e+01
        ],
        [
          -9.077598690000001e+01,
          3.099949660000000e+01
        ],
        [
          -9.076933880000000e+01,
          3.099937960000000e+01
        ],
        [
          -9.075878080000000e+01,
          3.099958860000000e+01
        ],
        [
          -9.073455780000000e+01,
          3.099922760000000e+01
        ],
        [
          -9.073447880000001e+01,
          3.099921960000000e+01
        ],
        [
          -9.065119880000000e+01,
          3.099951560000000e+01
        ],
        [
          -9.064872680000001e+01,
          3.099949160000000e+01
        ],
        [
          -9.058868180000000e+01,
          3.099965560000000e+01
        ],
        [
          -9.058737880000000e+01,
          3.099960960000000e+01
        ],
        [
          -9.058445380000001e+01,
          3.099970360000000e+01
        ],
        [
          -9.058352379999999e+01,
          3.099970360000000e+01
        ],
        [
          -9.056720079999999e+01,
          3.099973860000000e+01
        ],
        [
          -9.054762130000000e+01,
          3.099972890000000e+01
        ],
        [
          -9.054820479999999e+01,
          3.134957970000000e+01
        ],
        [
          -9.063330780000000e+01,
          3.134931170000000e+01
        ],
        [
          -9.098300790000000e+01,
          3.134867670000000e+01
        ],
        [
          -9.098756290000000e+01,
          3.133693370000000e+01
        ],
        [
          -9.100344790000000e+01,
          3.133792370000000e+01
        ],
        [
          -9.101801790000000e+01,
          3.134750770000000e+01
        ],
        [
          -9.102834090000000e+01,
          3.133568870000000e+01
        ],
        [
          -9.105719990000000e+01,
          3.133070270000000e+01
        ],
        [
          -9.106574689999999e+01,
          3.133890370000000e+01
        ],
        [
          -9.106923990000000e+01,
          3.132833970000000e+01
        ],
        [
          -9.109540400000000e+01,
          3.132098070000000e+01
        ]
      ]
    ]
  ],
  ""type"": ""MultiPolygon""
}",110,28,005,28005,Amite County,MS,33191,0,310,,2,,2,19684.503392193,,,2,,2,11418.560162012,,14426.889695301,26.4,6732,1255,18.642305407,12637,2,15.826541109,,,4240,,3578,3796,23.8,41.9,2352,55,,,22.471910112,,,,24.79338843,23.384353741,,,,,,,,,,63,45.675,72.5,4295,225,5.238649593,711,,,61.842105263,,17.179294824,28.2,4.375992995,860,0,101,,,16.666666667,,,,6.54396728,11.744186047,86944,26,,,34.770514604,,,27.890112955,29.90430622,5.007796126,13288,73376,5.521974714,12637,52,411.5,11.953091604,,,39,,37,37,12619,12619,2564,20.31856724,12619,3291,26.079721056,12619,4855,38.47373009,12619,52,0.4120770267,12619,212,1.68000634,12619,6482,51.366986291,12720,12720,100,12017,39,0.3245402347,14.7,10853,30,276.4,12619,2,15.849116412,,,20602,,51753,45433,886,883,99.661399549,3724,2949,,,,,81.223805532,79.189044039,2314,1308,56.525496975,35.9,12619,3,0.02377367462,12619,32,0.2535858626,2600,1145,44.038461538,13131,894.30386825,6.810630327,9209,1443,15.669453795,12619,3,23.773674618,2596,205,7.896764253,0,8.4,12619,7379,58.475315001,33191,310,,,869.25522635,,,511.390257245,637.631193505,,,,,,,,,,,,,,,,,,,,12619,11,87.170140265,12720,3355,26.375786164,21.7,6.810630327,5.5,23,6,26.086956522,61912,53,,,114.23442536,,,69.973130318,85.605375371,5415,710,11.747572816,1.846722068,0.2585410896,13.111726685,3724,49.5,,,,,,,,,,2770,21.7,12637,17,13.452559943,22.937903715,36.1,14.6,18.4,,,69.530514977,,,75.225496572,73.07973863,61912,10,,,,,,,16.151957617,,,,56008,28947,0.5168368804,5834,4722,80.93932122,5239,471,8.990265318,,,14,,23,20,0.3116211494,1200,-888,-888,,,,2.605655889,,,2.600740147,,,2.326366132,,,2.29963353,,,,,,,,,,,5834,4011,68.752142612,0.004704618709,9134,7996,87.541055397,-32470.71,,45433,,16.62227896,418,2,4.784688995,9765,7196,73.691756272,43.8,2024,2596987272.92969,211326.8903979
"{
  ""coordinates"": [
    [
      [
        [
          -8.924634460000000e+01,
          3.437935040000000e+01
        ],
        [
          -8.924549060000000e+01,
          3.416119230000000e+01
        ],
        [
          -8.924444160000000e+01,
          3.407394830000000e+01
        ],
        [
          -8.913916360000000e+01,
          3.407412230000000e+01
        ],
        [
          -8.882452850000000e+01,
          3.407495430000000e+01
        ],
        [
          -8.882497150000000e+01,
          3.436476540000000e+01
        ],
        [
          -8.892855150000000e+01,
          3.436500740000000e+01
        ],
        [
          -8.892887550000000e+01,
          3.437924640000000e+01
        ],
        [
          -8.924634460000000e+01,
          3.437935040000000e+01
        ]
      ]
    ]
  ],
  ""type"": ""MultiPolygon""
}",122,28,115,28115,Pontotoc County,MS,89967,0,622,,2,,2,11389.323886378,,,2,,2,11178.775980452,,11027.998823162,20.8,18192,4048,22.251539138,31445,6,19.080934966,,,4012,,3151,3225,19.8,37.4,7626,267,,,30.350194553,33.962264151,,,36.748329621,35.011801731,222011,11,,,,,,,4.954709451,459,396.645,86.41503268,14893,514,3.451285839,1832,,,43.544303797,51.785714286,18.122115726,23,3.758004673,3071,0,304,,,16.584158416,7.324840764,,,9.067468844,9.899055682,222011,68,,,42.22972973,,,31.867807613,30.629112972,4.966290538,25172,106148,4.216907675,31445,192,610.6,16.314137171,,,49,,44,44,31389,31389,8166,26.015483131,31389,4878,15.540475963,31389,4825,15.371627003,31389,186,0.5925642741,31389,2383,7.591831533,31389,15953,50.823536908,31184,31184,100,29075,737,2.534823732,11.4,25688,24,93.4,31389,12,38.229953168,,,34564,36983,61926,51086,5770,5734,99.376083189,13607,11569,,,92.964648232,,85.205514424,85.022414933,8102,5129,63.305356702,29.8,31389,17,0.05415910032,31389,138,0.4396444614,8180,1891,23.117359413,29957,1847.022328194,6.165578423,26345,4685,17.783260581,31389,3,9.557488292,8553,704,8.231030048,0,9.4,31389,23477,74.793717544,89967,622,,,540.373718247,,,588.418421061,568.381991869,36710,22,,,,,,54.711008637,59.929174612,3044,21,,,,,,,,6.898817346,31389,31,98.760712351,31184,16305,52.286428938,14.5,6.165578423,7.1,48,11,22.916666667,159553,154,,,75.767142316,,,108.74131923,96.519651777,10825,1080,5.64222326,4.203233256,1.154734411,9.976905312,13607,37.7,96080,16,,,,,,20.624793752,16.652789342,4520,14.5,31445,30,9.540467483,38.474254228,32.8,12.4,17.1,,,73.706680896,,,73.061227398,73.390264486,159553,22,,,,,,14.00456384,13.788521682,,,,46125,37626,0.8157398374,11630,8391,72.14961307,10853,804,7.408089929,,,29,20,33,33,4.196128691,4000,44,21,16.25,,,2.843177704,2.68337801,3.14339853,3.024507808,,,3.020680285,2.784670636,3.131496224,3.053591125,159553,26,16.295525625,,,,,,17.654082124,17.024525188,11630,8434,72.519346518,0.05471033184,20499,16410,80.052685497,-6651.7595,,51086,,16.204048076,2180,9,4.128440367,22655,14361,63.389980137,59.8,2024,1900812641.94141,175671.303890862
"{
  ""coordinates"": [
    [
      [
        [
          -9.019863690000000e+01,
          3.455443140000000e+01
        ],
        [
          -9.019854190000000e+01,
          3.451109440000000e+01
        ],
        [
          -9.019763990000000e+01,
          3.434025730000000e+01
        ],
        [
          -9.019409190000000e+01,
          3.430141330000000e+01
        ],
        [
          -9.013444690000000e+01,
          3.426520130000000e+01
        ],
        [
          -9.013546180000000e+01,
          3.416008030000000e+01
        ],
        [
          -8.995858480000000e+01,
          3.415956030000000e+01
        ],
        [
          -8.993149080000001e+01,
          3.416430930000000e+01
        ],
        [
          -8.972143670000000e+01,
          3.416351930000000e+01
        ],
        [
          -8.972105569999999e+01,
          3.419255130000000e+01
        ],
        [
          -8.971947170000000e+01,
          3.433601530000000e+01
        ],
        [
          -8.972217070000001e+01,
          3.442264540000000e+01
        ],
        [
          -8.972051879999999e+01,
          3.446474940000000e+01
        ],
        [
          -8.972134680000001e+01,
          3.455428040000000e+01
        ],
        [
          -9.019863690000000e+01,
          3.455443140000000e+01
        ]
      ]
    ]
  ],
  ""type"": ""MultiPolygon""
}",145,28,107,28107,Panola County,MS,94428,0,762,,2,,2,14967.931759434,,,2,,2,11501.916878017,,13164.142463412,26.7,18720,3718,19.861111111,32851,7,21.308331558,,,3696,,3510,3628,23.3,41.9,7632,352,,,51.885764116,,,,39.781021898,46.121593291,237394,42,,,27.934852538,,,,17.692106793,374,325.25,86.965240642,12333,576,4.670396497,2593,,,34.704545455,5.263157895,9.970958374,33.3,4.302148916,3286,0,405,,,15.299684543,,,,8.66873065,12.325015216,237394,97,,,37.24647005,,,47.698759832,40.860341879,4.836425766,19020,100040,5.259726604,32851,326,992.4,13.151026617,,,36,,31,32,32661,32661,7922,24.255227948,32661,5802,17.764306053,32661,16135,49.401426778,32661,113,0.345978384,32661,660,2.020758703,32661,16942,51.872263556,33208,26935,81.1099735,30906,8,0.02588494144,14.9,27068,77,284.5,32661,34,104.099690763,,,36555,,57313,40595,5513,5492,99.619082169,11587,10108,,,84.666381523,,86.255572065,87.235695176,8047,4486,55.747483534,34.9,32661,3,0.009185266832,32661,68,0.2081993815,8146,3465,42.536214093,34707,3686.322820433,10.621266086,26472,4239,16.013145966,32661,15,45.92633416,8169,572,7.002081038,1,9,32661,15325,46.921404733,94428,762,,,707.831256582,,,575.965328933,632.651658955,36533,35,,,114.383757506,,,80.556572684,95.80379383,3333,30,,,12.20132181,,,,,9.00090009,32661,39,119.408468816,33208,11261,33.910503493,16.5,10.621266086,6.2,71,21,29.577464789,169063,195,,,95.019775991,,,144.613159798,115.341618213,12355,1455,9.585062241,1.659247268,1.497369486,11.77660866,11587,43.4,,,,,,,,,,5500,16.5,32851,41,12.480594198,37.293869408,37.4,14.3,18.1,,,69.935717313,,,72.987568329,71.67801279,169063,38,,,32.069174397,,,13.953901384,22.476828165,,,,46214,34106,0.7380014714,12392,8788,70.916720465,11340,1234,10.881834215,,,34,,49,45,20.303233736,3700,32,40,19.459459459,,,2.731134224,,3.316659422,2.943931558,,,2.933786279,,3.274339701,3.066616999,169063,14,8.280936692,,,,,,,8.225656809,12392,8846,71.384764364,0.145974463,22135,18122,81.870341089,-28308.495,,40595,,19.827564971,2268,12,5.291005291,25300,15627,61.766798419,56,2024,2694278668.97656,208542.591771447
"{
  ""coordinates"": [
    [
      [
        [
          -8.997459170000000e+01,
          3.176166080000000e+01
        ],
        [
          -8.997605770000000e+01,
          3.152248280000000e+01
        ],
        [
          -8.995910270000000e+01,
          3.152242680000000e+01
        ],
        [
          -8.995894560000001e+01,
          3.139049470000000e+01
        ],
        [
          -8.982333760000000e+01,
          3.139002670000000e+01
        ],
        [
          -8.982424159999999e+01,
          3.143409870000000e+01
        ],
        [
          -8.965421760000000e+01,
          3.143381070000000e+01
        ],
        [
          -8.958682450000001e+01,
          3.143369370000000e+01
        ],
        [
          -8.958692460000000e+01,
          3.151344980000000e+01
        ],
        [
          -8.959737760000000e+01,
          3.151514180000000e+01
        ],
        [
          -8.959933660000000e+01,
          3.153465280000000e+01
        ],
        [
          -8.963946660000001e+01,
          3.155949780000000e+01
        ],
        [
          -8.967233360000000e+01,
          3.156449780000000e+01
        ],
        [
          -8.971703260000000e+01,
          3.158892580000000e+01
        ],
        [
          -8.973511160000000e+01,
          3.161034580000000e+01
        ],
        [
          -8.975561960000000e+01,
          3.160975680000000e+01
        ],
        [
          -8.975510860000000e+01,
          3.177465980000000e+01
        ],
        [
          -8.997459170000000e+01,
          3.176166080000000e+01
        ]
      ]
    ]
  ],
  ""type"": ""MultiPolygon""
}",147,28,065,28065,Jefferson Davis County,MS,29815,0,328,,2,,2,22113.245275845,,,2,,2,14963.315841494,,19291.083987729,26.4,6062,1159,19.119102606,11134,3,26.944494342,,,5303,,2714,3940,22.6,44.1,1968,77,,,33.284023669,,,,56.985294118,39.12601626,78750,22,,,42.84306585,,,,27.936507937,80,74,92.5,3876,195,5.030959752,1156,,,41.274054413,,40.976331361,53.3,4.371509647,842,0,121,,,18.546845124,,,,7.236842105,14.370546318,78750,49,,,66.406752067,,,57.173605973,62.222222222,5.035089974,17653,93747,5.310542117,11134,107,961,11.273156997,,,45,,44,44,11088,11088,2213,19.958513709,11088,2698,24.332611833,11088,6513,58.739177489,11088,33,0.2976190476,11088,213,1.920995671,11088,5812,52.417027417,11321,11321,100,10694,7,0.06545726576,15.3,9574,32,334.2,11088,13,117.243867244,,,33144,,47206,36642,1279,1276,99.765441751,4431,3933,,,85.820280297,,89.811643836,88.761002031,2469,1536,62.211421628,35.7,11088,10,0.09018759019,11088,28,0.2525252525,2242,832,37.109723461,12487,1194.790985792,9.568278896,8138,1292,15.876136643,11088,4,36.075036075,2184,145,6.639194139,0,8.9,11088,4205,37.923881674,29815,328,,,934.769094381,,,639.951155342,810.676756197,,,,,,,,,,,,,,,,,,,,11088,13,117.243867244,11321,2893,25.554279657,15,9.568278896,6.7,30,5,16.666666667,55700,96,,,187.418760013,,,153.176008808,172.351885099,4615,945,16.536312849,2.383531961,2.491874323,20.476706392,4431,60.5,,,,,,,,,,1700,15,11134,13,11.675947548,17.458878248,37.9,14,17.8,,,67.971541458,,,73.005940624,70.021181822,55700,21,,,54.411898068,,,,37.701974865,,,,30550,38056,1.245695581,4453,3648,81.922299573,4071,670,16.457872759,,,35,,41,39,3.34049955,1000,5,-888,,,,2.600780331,,,2.622984729,,,2.646776387,,,2.645205407,,,,,,,,,,,4453,3135,70.401976196,0.03095525463,8072,6901,85.493062438,-30247.88,,36642,,18.871786475,605,3,4.958677686,8945,6213,69.457797652,47.8,2024,1464620588.73047,178753.397998657
"{
  ""coordinates"": [
    [
      [
        [
          -8.882305430000000e+01,
          3.499516410000000e+01
        ],
        [
          -8.882347849999999e+01,
          3.485863550000000e+01
        ],
        [
          -8.875296150000000e+01,
          3.485878150000000e+01
        ],
        [
          -8.875307050000001e+01,
          3.475696650000000e+01
        ],
        [
          -8.871851350000000e+01,
          3.475678750000000e+01
        ],
        [
          -8.836547740000000e+01,
          3.475561050000000e+01
        ],
        [
          -8.836353630000001e+01,
          3.499559610000000e+01
        ],
        [
          -8.838051340000000e+01,
          3.499561650000000e+01
        ],
        [
          -8.846980640000000e+01,
          3.499605850000000e+01
        ],
        [
          -8.846988240000000e+01,
          3.499603950000000e+01
        ],
        [
          -8.878661750000001e+01,
          3.499525850000000e+01
        ],
        [
          -8.882305430000000e+01,
          3.499516410000000e+01
        ]
      ]
    ]
  ],
  ""type"": ""MultiPolygon""
}",159,28,003,28003,Alcorn County,MS,99475,0,790,,2,,2,14757.926060533,,,2,,2,12785.430852631,,12760.185722467,22.1,19778,3513,17.762159976,34349,15,43.669393578,,,5287,,4077,4218,22,38.7,7702,272,,,46.313799622,62.717770035,,,33.13648294,35.315502467,257018,28,,,41.169205434,,,6.129762354,10.894178618,362,338.13,93.406077348,15111,543,3.593408775,1850,,37.5,54.06779661,4.166666667,12.079722704,24.8,4.068533252,2876,0,341,,,19.158878505,10.365853659,,,10.699955417,11.85674548,257018,68,,,,,,27.348170502,26.457290929,5.136605124,18322,94620,5.164283375,34349,136,395.9,15.569066749,,,33,,35,35,34204,34204,7607,22.240088878,34204,6538,19.114723424,34204,4229,12.364050988,34204,169,0.494094258,34204,1292,3.777335984,34204,17408,50.894632207,34740,22276,64.122049511,32821,80,0.2437463819,11.4,29049,52,179,34204,109,318.676178225,,63571,20064,,50101,49627,5632,5599,99.4140625,14245,12530,,,68.193604149,,90.565723794,87.960687961,8578,4336,50.547913266,30.4,34204,15,0.04385451994,34204,228,0.6665887031,7867,2250,28.60048303,37057,2892.615027904,7.80585322,27346,4031,14.740729906,34204,20,58.472693252,7972,577,7.237832413,0,8.3,34204,27872,81.487545316,99475,790,,,724.5068573,,,597.989344056,601.500868121,35899,34,,,,,,101.944221947,94.710159057,2956,31,,,,,,,9.598603839,10.48714479,34204,74,216.348965033,34740,18250,52.533103051,17.9,7.80585322,6.2,38,8,21.052631579,182326,194,,,111.691909038,,,107.752170009,106.402816932,14610,1520,8.465050931,1.334702259,0.9240246407,10.403832991,14245,26.8,108191,15,,,,,,13.48390359,13.864369495,6260,17.9,34349,35,10.189525168,47.371412892,33.1,13.1,17.7,,,70.914524109,,,72.290153987,72.370235611,182326,47,,,49.144439977,,,22.614652965,25.77800204,,,,44907,33234,0.7400627964,13975,9211,65.910554562,13177,1431,10.859831525,,27,37,23,42,42,28.250172899,3900,31,38,17.692307692,,,2.653514447,,3.234093782,3.063121212,,,2.294056811,,2.996072842,2.799657081,182326,42,23.035661398,,,,,,23.862934717,21.53812266,13975,10229,73.194991055,0.1712755094,24069,19712,81.897876937,-4226.1655,,49627,,16.370121103,2000,11,5.5,28305,15793,55.795795796,60.5,2024,1550259209.98047,167056.640369396
"{
  ""coordinates"": [
    [
      [
        [
          -8.882513150000000e+01,
          3.439389940000000e+01
        ],
        [
          -8.882497150000000e+01,
          3.436476540000000e+01
        ],
        [
          -8.882452850000000e+01,
          3.407495430000000e+01
        ],
        [
          -8.871896950000000e+01,
          3.407452730000000e+01
        ],
        [
          -8.871869850000000e+01,
          3.408934630000000e+01
        ],
        [
          -8.854335740000000e+01,
          3.408905030000000e+01
        ],
        [
          -8.854218240000000e+01,
          3.433799440000000e+01
        ],
        [
          -8.854208439999999e+01,
          3.446528240000000e+01
        ],
        [
          -8.854175440000000e+01,
          3.450919840000000e+01
        ],
        [
          -8.873647050000000e+01,
          3.450891640000000e+01
        ],
        [
          -8.873667650000000e+01,
          3.449466240000000e+01
        ],
        [
          -8.878944749999999e+01,
          3.449493640000000e+01
        ],
        [
          -8.878977949999999e+01,
          3.439369840000000e+01
        ],
        [
          -8.882513150000000e+01,
          3.439389940000000e+01
        ]
      ]
    ]
  ],
  ""type"": ""MultiPolygon""
}",179,28,081,28081,Lee County,MS,238039,0,1659,,2,,2,16282.250823819,,8883.611422381,1,,2,10019.689440004,,12135.022911154,18.4,48614,8187,16.840827745,82883,98,118.238963358,,,4417,,2414,2715,17.7,35.8,18905,628,,,45.828258222,33.980582524,,,26.587622384,33.218725205,594601,67,,,25.895651782,,,5.174269393,11.26806043,1093,954.355,87.315187557,40763,1359,3.333905748,3598,,,37.330567082,16.715830875,7.275788727,17.8,3.423021453,7751,0,1013,,13.253012048,19.529956968,10.280373832,,,8.802816901,13.069281383,594601,149,,,34.339886059,,,21.990644921,25.058820957,4.968319252,25022,119927,4.792862281,82883,710,856.6,16.035267553,,22,46,,45,45,82959,82959,20580,24.807434998,82959,12970,15.634228956,82959,25716,30.998445015,82959,325,0.391759785,82959,2640,3.182294869,82959,43250,52.134186767,83343,43110,51.725999784,77916,735,0.9433235792,11,68486,229,334.4,82959,662,797.984546583,,,42996,71667,77033,58266,14877,14805,99.516031458,38045,33624,,,90.026267611,76.148969889,88.794931983,88.379550532,21851,14988,68.591826461,26.7,82959,35,0.0421895153,82959,859,1.035451247,20741,6381,30.76515115,82910,5714.204707355,6.8920573,68897,9644,13.997706722,82959,62,74.735712822,21274,1596,7.502115258,0,9.6,82959,52397,63.160115238,238039,1659,,,713.39940238,455.716428659,,523.512117,575.875854092,92719,80,,,124.491407057,,,61.786796934,86.28220753,7888,81,,,17.303297421,,,,5.495763682,10.268762677,82959,283,341.132366591,83343,40694,48.827136052,13.3,6.8920573,7.3,101,14,13.861386139,423920,425,,,90.484325151,,,110.460055157,100.25476505,31865,4510,11.176658163,3.153930645,0.9571630315,14.153459909,38045,21.1,253785,51,,,,,,26.466424571,20.09575034,11090,13.3,82883,110,13.271720377,41.729519887,31.9,11.1,16,,,68.908153736,79.656105055,,73.962547653,72.393681501,423920,84,,,27.301305002,,,17.556565058,19.815059445,4724,280,5.927180356,56041,39218,0.6998090684,32001,22383,69.944689228,30716,3400,11.069149629,,44,45,27,53,52,37.528998363,9900,151,95,24.848484848,,,2.780830319,2.944244133,3.36832938,3.109594974,,,3.018315782,3.565945741,3.33915184,3.226755867,423920,58,13.68182676,,,,,,20.318598115,14.280555515,32001,25934,81.041217462,0.13479863,55410,48358,87.273055405,-7781.24975,,58266,,16.270209041,5509,68,12.343438011,62660,36954,58.975422917,63.3,2024,1728535028.18359,179900.811930339
"{
  ""coordinates"": [
    [
      [
        [
          -9.004049070000001e+01,
          3.139467870000000e+01
        ],
        [
          -9.004047170000000e+01,
          3.133601970000000e+01
        ],
        [
          -9.004038070000000e+01,
          3.123391570000000e+01
        ],
        [
          -9.003188070000000e+01,
          3.123394270000000e+01
        ],
        [
          -9.003190170000001e+01,
          3.117573270000000e+01
        ],
        [
          -9.000614370000000e+01,
          3.117561070000000e+01
        ],
        [
          -9.000594160000000e+01,
          3.113230570000000e+01
        ],
        [
          -8.993818360000000e+01,
          3.113295470000000e+01
        ],
        [
          -8.993824760000000e+01,
          3.111116370000000e+01
        ],
        [
          -8.992952560000001e+01,
          3.111117270000000e+01
        ],
        [
          -8.992950660000000e+01,
          3.108923470000000e+01
        ],
        [
          -8.992097860000000e+01,
          3.108931170000000e+01
        ],
        [
          -8.992094960000000e+01,
          3.107468270000000e+01
        ],
        [
          -8.983587860000000e+01,
          3.107493170000000e+01
        ],
        [
          -8.983591360000000e+01,
          3.100206490000000e+01
        ],
        [
          -8.983554760000000e+01,
          3.100206460000000e+01
        ],
        [
          -8.982462260000000e+01,
          3.100206560000000e+01
        ],
        [
          -8.981643459999999e+01,
          3.100208960000000e+01
        ],
        [
          -8.975264760000000e+01,
          3.100185870000000e+01
        ],
        [
          -8.975213859999999e+01,
          3.100018870000000e+01
        ],
        [
          -8.975148660000001e+01,
          3.099969570000000e+01
        ],
        [
          -8.974919460000000e+01,
          3.099956070000000e+01
        ],
        [
          -8.974723460000000e+01,
          3.100018970000000e+01
        ],
        [
          -8.974522060000000e+01,
          3.100225770000000e+01
        ],
        [
          -8.974182660000000e+01,
          3.100344670000000e+01
        ],
        [
          -8.973250960000000e+01,
          3.100483670000000e+01
        ],
        [
          -8.972962160000000e+01,
          3.100393270000000e+01
        ],
        [
          -8.972815260000000e+01,
          3.100243670000000e+01
        ],
        [
          -8.972815070000000e+01,
          3.100230530000000e+01
        ],
        [
          -8.965404350000000e+01,
          3.100250770000000e+01
        ],
        [
          -8.965421760000000e+01,
          3.143381070000000e+01
        ],
        [
          -8.982424159999999e+01,
          3.143409870000000e+01
        ],
        [
          -8.982333760000000e+01,
          3.139002670000000e+01
        ],
        [
          -8.995894560000001e+01,
          3.139049470000000e+01
        ],
        [
          -8.997590970000000e+01,
          3.139459270000000e+01
        ],
        [
          -9.004049070000001e+01,
          3.139467870000000e+01
        ]
      ]
    ]
  ],
  ""type"": ""MultiPolygon""
}",184,28,091,28091,Marion County,MS,67524,0,642,,2,,2,18489.465717919,,,2,,2,14287.431028616,,15297.445382724,25.9,13468,2804,20.81972082,24378,9,36.918533104,,,5212,,3599,3870,24.8,42.8,5146,170,,,33.149171271,,,,34.471544715,33.035367276,173990,29,,,27.228172082,,,12.369785914,16.667624576,270,241.4,89.407407407,10131,387,3.819958543,1817,,,39.524055872,,29.838454229,33.5,4.356672064,1976,0,239,,,17.107309487,,,,9.881422925,12.0951417,173990,59,,,32.673806498,,,35.34224547,33.909994827,5.002723995,17809,85883,4.822449323,24378,153,627.6,13.376292833,,,53,,35,38,24050,24050,5514,22.927234927,24050,4538,18.869022869,24050,7522,31.276507277,24050,69,0.2869022869,24050,436,1.812889813,24050,12366,51.417879418,24441,18205,74.485495683,22931,75,0.327068161,14.1,20480,70,341.8,24050,17,70.686070686,,,29818,,46000,44129,3515,3509,99.829302987,8800,7439,,,86.090075727,,83.655645664,84.534090909,6033,2972,49.262390187,34.3,24050,10,0.04158004158,24050,111,0.4615384615,5683,1982,34.875945803,27088,1656.432394475,6.11500441,18953,3175,16.751965388,24050,5,20.79002079,5787,408,7.050285122,0,8.8,24050,15630,64.98960499,67524,642,,,824.776907271,,,680.639679608,712.9561248,24635,25,,,121.876904327,,,99.800399202,101.481631825,2039,24,,,,,,,,11.770475723,24050,19,79.002079002,24441,9896,40.48934168,18.1,6.11500441,6.4,32,3,9.375,123176,151,,,110.881897886,,,132.286687716,122.588816003,9770,1695,15.068493151,2.149437052,1.279426817,17.349027636,8800,41.1,73392,15,,,,,,25.137733833,20.438194899,4450,18.1,24378,48,19.689884322,31.569350424,35.8,14.5,18.7,,,67.78272424,,,70.984876542,70.275907561,123176,31,,,28.365136668,,,23.711764779,25.167240372,,,,48212,34035,0.7059445781,9102,7224,79.36717205,8359,1322,15.81528891,,,38,,33,34,13.800768392,2700,27,-888,,,,2.911718975,,3.164082806,3.041453005,,,2.985064855,,3.439548868,3.215242652,123176,14,11.36585049,,,,,,12.388586901,10.7455979,9102,6586,72.357723577,0.07091903386,16676,13804,82.777644519,-13668.35,,44129,,18.130934306,1471,11,7.477906186,18910,12177,64.394500264,55.5,2024,1948535050.63281,199776.791621878
"{
  ""coordinates"": [
    [
      [
        [
          -9.288074650000000e+01,
          3.260081390000000e+01
        ],
        [
          -9.288093250000000e+01,
          3.258527090000000e+01
        ],
        [
          -9.287946750000000e+01,
          3.245402280000000e+01
        ],
        [
          -9.277698850000000e+01,
          3.245361680000000e+01
        ],
        [
          -9.262168740000000e+01,
          3.245307380000000e+01
        ],
        [
          -9.262240840000000e+01,
          3.249641390000000e+01
        ],
        [
          -9.241552140000000e+01,
          3.249561490000000e+01
        ],
        [
          -9.241523440000000e+01,
          3.258285990000000e+01
        ],
        [
          -9.241517540000000e+01,
          3.267025990000000e+01
        ],
        [
          -9.251900540000000e+01,
          3.267081290000000e+01
        ],
        [
          -9.251902240000000e+01,
          3.272078290000000e+01
        ],
        [
          -9.254554340000000e+01,
          3.271814490000000e+01
        ],
        [
          -9.257130140000000e+01,
          3.274858490000000e+01
        ],
        [
          -9.259118340000001e+01,
          3.275459690000000e+01
        ],
        [
          -9.261342840000000e+01,
          3.275253290000000e+01
        ],
        [
          -9.263705240000000e+01,
          3.275926390000000e+01
        ],
        [
          -9.272541350000000e+01,
          3.275944890000000e+01
        ],
        [
          -9.282798250000000e+01,
          3.275943790000000e+01
        ],
        [
          -9.282842650000001e+01,
          3.271119690000000e+01
        ],
        [
          -9.286379350000000e+01,
          3.268792390000000e+01
        ],
        [
          -9.286878150000000e+01,
          3.267800690000000e+01
        ],
        [
          -9.286027650000000e+01,
          3.264141890000000e+01
        ],
        [
          -9.286661250000000e+01,
          3.260723290000000e+01
        ],
        [
          -9.288074650000000e+01,
          3.260081390000000e+01
        ]
      ]
    ]
  ],
  ""type"": ""MultiPolygon""
}",202,22,061,22061,Lincoln Parish,LA,132910,0,698,,2,,2,14006.153649251,,,2,,2,8353.111042728,,10328.628637322,20.9,27002,3072,11.376935042,48152,32,66.456221964,,,4480,,3055,3465,21.5,43.7,17743,239,,,15.830570114,35.476718404,,,9.356879283,13.470100885,331905,23,,,13.424821002,,,,6.929693738,402,344.49,85.694029851,21350,748,3.503512881,3533,,,57.019374069,66.666666667,18.476571175,38.1,4.294958264,3670,0,410,,,16.189290162,,,,7.842014883,11.171662125,331905,42,,,11.187350835,,,12.964100714,12.654223347,5.673383116,14921,98780,6.620199719,48152,392,814.1,17.716925041,,,42,,43,43,48129,48129,9402,19.534999688,48129,6960,14.461135698,48129,19133,39.753578923,48129,217,0.4508716159,48129,1603,3.330632259,48129,24539,50.985892082,48396,19557,40.410364493,45776,266,0.5810905278,13.3,41466,61,147.1,48129,211,438.405119574,,53892,25206,,53448,44752,6411,2894,45.141163625,20920,16590,,,76.831047563,63.22815534,82.306781167,79.30210325,10696,7171,67.043754675,30.7,48129,40,0.08310997527,48129,686,1.425336076,9399,3766,40.06809235,46735,9065.98162449,19.398698244,36139,3500,9.684828025,48129,20,41.554987637,9641,480,4.978736646,1,9.6,48129,25877,53.765920755,132910,698,,,693.983452712,,,431.879134958,514.66113762,50766,24,,,67.234424025,,,,47.275735729,3722,20,,,,,,,,5.373455132,48129,63,130.898211058,48396,36907,76.260434747,14.8,19.398698244,5.7,41,9,21.951219512,236386,138,,,52.619393404,,,64.00531007,58.379091824,17860,3170,14.992679356,2.127659574,2.799552072,17.749160134,20920,21.5,141446,14,,,,,,13.172280253,9.897770174,7150,14.8,48152,60,12.460541618,51.779135276,39.3,13.6,19.3,,,71.670492503,,,76.367522461,74.799817249,236386,36,,,18.942981625,,,14.223402238,15.229328302,4594,416,9.055289508,48837,33199,0.679791961,18043,9367,51.914870033,16505,3260,19.751590427,,55,29,36,43,40,35.529337096,,,,,,,,,,,,,,,,,236386,26,10.998959329,,,,,,18.658677493,12.094312145,18043,14812,82.092778363,0.1668452621,26298,23315,88.656932086,-7861.182,,44752,,35.520200215,2638,19,7.20242608,36615,19275,52.642359689,55.2,2024,1728193025.69141,178957.960363923
"{
  ""coordinates"": [
    [
      [
        [
          -9.013679279999999e+01,
          3.372165420000000e+01
        ],
        [
          -9.013701680000000e+01,
          3.367695020000000e+01
        ],
        [
          -9.012778080000000e+01,
          3.367696220000000e+01
        ],
        [
          -8.978689570000000e+01,
          3.367673320000000e+01
        ],
        [
          -8.950687760000000e+01,
          3.367761120000000e+01
        ],
        [
          -8.950714060000000e+01,
          3.372182520000000e+01
        ],
        [
          -8.950735870000000e+01,
          3.386747530000000e+01
        ],
        [
          -8.976905570000000e+01,
          3.386734020000000e+01
        ],
        [
          -8.976930170000000e+01,
          3.389714330000000e+01
        ],
        [
          -8.992610480000000e+01,
          3.389796320000000e+01
        ],
        [
          -8.992629980000000e+01,
          3.382386020000000e+01
        ],
        [
          -8.997827380000000e+01,
          3.382396620000000e+01
        ],
        [
          -8.997837280000000e+01,
          3.380972520000000e+01
        ],
        [
          -9.010221580000000e+01,
          3.381052120000000e+01
        ],
        [
          -9.013649680000000e+01,
          3.380932520000000e+01
        ],
        [
          -9.013679279999999e+01,
          3.372165420000000e+01
        ]
      ]
    ]
  ],
  ""type"": ""MultiPolygon""
}",464,28,043,28043,Grenada County,MS,58138,0,542,,2,,2,20635.205820386,,,2,,2,12234.961620604,,16043.59456425,23.8,11914,2192,18.398522746,21365,8,37.444418441,,,3749,,2591,2880,21.2,42.8,4482,175,,,45.014520813,,,,34.373586612,39.045069166,147728,30,,,34.96948118,,,,20.307592332,274,232.9,85,8811,330,3.745318352,1342,,,51.181102362,,14.602346806,27.1,4.086501351,1819,0,220,,,13.778705637,,,,10.218978102,12.094557449,147728,45,,,34.96948118,,,27.430737388,30.461388498,5.098022118,19516,99416,5.094076655,21365,200,936.1,13.078857023,,,38,,39,38,21088,21088,5042,23.909332322,21088,3942,18.693095599,21088,9149,43.384863429,21088,74,0.3509104704,21088,328,1.55538695,21088,10982,52.077010622,21629,11353,52.489712885,20178,0,0,13.2,17742,82,462.2,21088,14,66.388467375,,,31089,,62374,46718,3806,3797,99.763531266,8902,8000,,,86.996012406,,90.407093914,89.867445518,5386,3260,60.527292982,32.1,21088,6,0.0284522003,21088,103,0.4884294385,5123,2165,42.2603943,21906,1296.215541976,5.917171286,16885,2491,14.752739118,21088,10,47.420333839,5226,330,6.314580941,1,9,21088,11207,53.143968134,58138,542,,,911.761207444,,,599.544445114,727.679113432,21897,21,,,107.52688172,,,,95.903548431,,,,,,,,,,,21088,37,175.455235205,21629,15129,69.947755328,16.3,5.917171286,6.8,33,5,15.151515152,104875,118,,,125.030699502,,,107.587569226,112.514898689,8475,1415,15.136778116,1.415929204,0.6489675516,16.696165192,8902,22.9,62733,10,,,,,,,15.940573542,3520,16.3,21365,27,12.637491224,42.57492372,37.1,13.4,17.3,,,66.28728465,,,71.973782851,69.464610918,104875,36,,,44.653821251,,,28.219690289,34.326579261,,,,42676,40066,0.9388415034,8434,5757,68.259426132,7876,1115,14.156932453,,,32,,41,39,44.887009926,2300,67,29,41.739130435,,,2.818207193,,3.535490759,3.149342112,,,3.247088114,,3.972341003,3.561695292,104875,18,17.163289631,,,,,,19.810917154,18.121133651,8434,6419,76.108608015,0.002956693243,14635,12006,82.036214554,-13779.62,,46718,,19.063316067,1343,9,6.701414743,15795,10911,69.078822412,54.2,2024,1688373192.23047,199112.673065753
"{
  ""coordinates"": [
    [
      [
        [
          -8.978689570000000e+01,
          3.367673320000000e+01
        ],
        [
          -8.978523269999999e+01,
          3.341628120000000e+01
        ],
        [
          -8.971585270000000e+01,
          3.341677220000000e+01
        ],
        [
          -8.971563670000000e+01,
          3.340207220000000e+01
        ],
        [
          -8.964631970000001e+01,
          3.340255020000000e+01
        ],
        [
          -8.964528570000000e+01,
          3.328552110000000e+01
        ],
        [
          -8.945381360000000e+01,
          3.328594810000000e+01
        ],
        [
          -8.945405560000000e+01,
          3.343320620000000e+01
        ],
        [
          -8.944633159999999e+01,
          3.343984320000000e+01
        ],
        [
          -8.942220759999999e+01,
          3.342950720000000e+01
        ],
        [
          -8.940227760000001e+01,
          3.345277520000000e+01
        ],
        [
          -8.938109760000000e+01,
          3.346031320000000e+01
        ],
        [
          -8.950650160000001e+01,
          3.345981220000000e+01
        ],
        [
          -8.950687760000000e+01,
          3.367761120000000e+01
        ],
        [
          -8.978689570000000e+01,
          3.367673320000000e+01
        ]
      ]
    ]
  ],
  ""type"": ""MultiPolygon""
}",465,28,097,28097,Montgomery County,MS,26326,0,294,,2,,2,18047.281752587,,,2,,2,15833.799349581,,16458.579702069,26.7,5238,982,18.747613593,9729,5,51.392743345,,,4879,,3293,3929,23.8,45.2,1967,80,,,53.627760252,,,,29.572836802,40.6710727,69700,17,,,38.499791459,,,,24.390243902,75,65.625,87.5,3899,166,4.257501924,708,,,50,,15.336134454,33.3,4.375675261,891,0,109,,,15.856236786,,,,7.518796992,12.233445567,69700,14,,,,,,30.237224773,20.086083214,5.31099161,14788,79698,5.389369759,9729,79,812,12.127987691,,,48,,39,42,9530,9530,2155,22.612801679,9530,2173,22.801678909,9530,4166,43.714585519,9530,37,0.388247639,9530,186,1.951731375,9530,4952,51.962224554,9822,9822,100,9407,0,0,15.2,8197,25,305,9530,3,31.4795383,,,25265,,49963,42195,1176,1176,100,3384,2639,,,77.557755776,,73.206621704,77.98463357,2130,1119,52.535211268,35.6,9530,3,0.0314795383,9530,64,0.6715634837,2223,1170,52.631578947,10925,1092.606681938,10.000976494,7337,1135,15.469537958,9530,3,31.4795383,2199,166,7.548885857,0,9,9530,4988,52.339979014,26326,294,,,921.496627952,,,683.605440009,771.356757522,9572,12,,,,,,,125.365649812,,,,,,,,,,,9530,12,125.9181532,9822,435,4.428833232,17.6,10.000976494,6.1,16,2,12.5,49361,49,,,54.637344625,,,139.594400713,99.26865339,4365,735,12.642607683,4.238258877,1.145475372,16.838487973,3384,43,,,,,,,,,,1750,17.6,9729,12,12.334258403,28.019889593,36.6,14.5,18.7,,,67.760539005,,,70.998152006,69.841156106,49361,17,,,,,,42.653844662,34.440145054,,,,43167,29583,0.6853151713,3830,2552,66.631853786,3492,738,21.134020619,,,20,,21,21,8.095560217,1000,20,10,30,,,2.490307371,,2.927651381,2.644603072,,,2.774354159,,3.228962738,2.887069183,,,,,,,,,,,3830,2755,71.932114883,0.006240430214,6714,5079,75.647899911,,,42195,,16.158312596,605,8,13.223140496,7625,5075,66.557377049,51.9,2024,1522317615,193586.841867572
"{
  ""coordinates"": [
    [
      [
        [
          -9.076449000000000e+01,
          3.344569810000000e+01
        ],
        [
          -9.076377900000000e+01,
          3.327036510000000e+01
        ],
        [
          -9.071628300000000e+01,
          3.327003810000000e+01
        ],
        [
          -9.055521690000000e+01,
          3.327053910000000e+01
        ],
        [
          -9.055555490000000e+01,
          3.332918710000000e+01
        ],
        [
          -9.045323890000000e+01,
          3.332949010000000e+01
        ],
        [
          -9.045137490000000e+01,
          3.370805320000000e+01
        ],
        [
          -9.045229190000001e+01,
          3.372295620000000e+01
        ],
        [
          -9.045164890000000e+01,
          3.381139620000000e+01
        ],
        [
          -9.045101790000000e+01,
          3.398569520000000e+01
        ],
        [
          -9.065700800000000e+01,
          3.398759220000000e+01
        ],
        [
          -9.065860600000001e+01,
          3.361627820000000e+01
        ],
        [
          -9.076347500000000e+01,
          3.361617020000000e+01
        ],
        [
          -9.076351500000000e+01,
          3.352939510000000e+01
        ],
        [
          -9.076095599999999e+01,
          3.352644810000000e+01
        ],
        [
          -9.076449000000000e+01,
          3.344569810000000e+01
        ]
      ]
    ]
  ],
  ""type"": ""MultiPolygon""
}",466,28,133,28133,Sunflower County,MS,71029,0,753,,2,,2,19891.540231371,,,2,,2,14329.863241591,,18191.05424075,30.2,11844,2184,18.439716312,25402,9,35.43028108,,,4578,,4319,4398,25.7,50.9,6024,212,,,42.776080314,,,,10.327022375,35.192563081,180380,60,,,39.468091566,,,,33.26311121,257,218.45,85,7180,415,5.77994429,2187,,,46.70922298,72.815533981,16.060961313,42.1,4.610590732,2000,0,300,,,16.51263093,,,,9.118541033,15,180380,43,,,25.80605987,,,,23.838563034,4.882728369,13567,84811,6.251271468,25402,248,976.3,13.316941677,,,38,,35,37,24811,24811,5278,21.272822538,24811,3767,15.182781831,24811,18105,72.971665793,24811,92,0.3708032727,24811,499,2.011204708,24811,11621,46.838096006,25971,16630,64.03295984,24460,210,0.8585445626,17.7,21691,135,622.4,24811,9,36.274233203,,,31285,49329,83413,38423,3059,3059,100,8599,7271,,,83.304940375,,89.969995714,84.556343761,7576,3624,47.835269271,37.8,24811,11,0.04433517391,24811,100,0.4030470356,5543,3350,60.436586686,29450,7345.23336608,24.941369664,16852,2437,14.46119155,24811,10,40.304703559,5278,280,5.305039788,1,9.1,24811,5893,23.751561807,71029,753,,,971.745821317,,,770.998570608,898.387716608,24884,27,,,112.273539168,,,,108.503456036,2040,26,,,12.711864407,,,,,12.745098039,24811,36,145.096932812,25971,6155,23.699510993,19.3,24.941369664,4.1,31,3,9.677419355,126968,146,,,107.625248883,,,143.242613012,114.98960368,8345,1400,13.14145744,3.055721989,1.497902936,16.776512882,8599,22.1,,,,,,,,,,5080,19.3,25402,28,11.022754114,30.292970656,38.7,15,17.9,,,66.701116857,,,69.753724043,67.717796946,126968,44,,,40.897594576,,,,34.654401109,1224,197,16.094771242,37279,34937,0.9371764264,8136,4556,55.998033432,7394,1036,14.011360563,,,15,,23,19,25.348658813,2500,70,15,34,,,2.728605919,,,2.724022598,,,2.960699657,,,2.964381068,126968,12,9.451200302,,,,,,,8.9017386,8136,5495,67.539331367,0.07248719262,17621,13574,77.033085523,,,38423,,21.388231007,1456,18,12.362637363,20040,9681,48.308383234,57.5,2024,2647501259.8125,260764.869584001
"{
  ""coordinates"": [
    [
      [
        [
          -8.940123250000001e+01,
          3.179686880000000e+01
        ],
        [
          -8.939918350000001e+01,
          3.143403480000000e+01
        ],
        [
          -8.914609740000000e+01,
          3.143405780000000e+01
        ],
        [
          -8.894347340000000e+01,
          3.143346380000000e+01
        ],
        [
          -8.894336040000000e+01,
          3.182457090000000e+01
        ],
        [
          -8.931656550000000e+01,
          3.180209580000000e+01
        ],
        [
          -8.940123250000001e+01,
          3.179686880000000e+01
        ]
      ]
    ]
  ],
  ""type"": ""MultiPolygon""
}",472,28,067,28067,Jones County,MS,188276,0,1431,,2,,2,15200.612505352,,,2,,2,12573.778089372,,13240.918019863,22.9,36898,7201,19.515962925,66744,33,49.44264653,,,5995,,4010,4345,21,39.6,16812,612,,,39.694656489,76.923076923,,,31.137230642,36.402569593,475394,42,,,17.290318862,,,4.565286863,8.834777048,752,678.195,90.185505319,24851,1027,4.132630478,4070,,,61.046306115,62.306701031,11.410059302,25.5,4.205141196,6371,0,757,,,17.162162162,8.112582781,,,9.170052234,11.881965155,475394,133,,,26.655908246,,,30.326548447,27.976793986,5.050643378,19685,104118,5.289204978,66744,533,798.6,14.04685662,,38,40,,36,36,66569,66569,16327,24.526431222,66569,12277,18.442518289,66569,19285,28.969940964,66569,470,0.7060343403,66569,3238,4.864125945,66569,34178,51.342216347,67246,42045,62.524165006,62767,740,1.178963468,12.8,55054,176,319.7,66569,108,162.237678199,,,29778,33412,62081,58000,11341,11314,99.761925756,27751,23481,,,84.502000421,,87.96044768,84.613167093,16264,9317,57.286030497,30.4,66569,34,0.05107482462,66569,343,0.5152548484,16615,5667,34.107733975,67761,6134.722962981,9.053471706,52999,8265,15.594633861,66569,38,57.083627514,16877,1169,6.926586479,0,9.7,66569,42776,64.258138172,188276,1431,,,695.657766807,,,586.280738973,608.132378928,76006,72,,,110.002357193,,,90.620752152,94.729363471,6506,63,,,12.663755459,,,,8.806818182,9.683369198,66569,116,174.255283991,67246,34635,51.504922226,16.5,9.053471706,6.4,60,4,6.666666667,339226,330,,,80.749354005,,,110.774920924,97.280279224,24855,3525,10.761690831,2.232951116,2.051901026,14.182257091,27751,27.5,202835,26,,,,,,16.883336147,12.818300589,11110,16.5,66744,95,14.233489153,59.049145164,35.5,13.2,17.2,,,70.784426288,,,72.588409996,72.259152328,339226,80,,,26.243540052,,,23.345127963,23.583097994,4228,504,11.920529801,47030,32828,0.6980225388,24323,18156,74.645397361,23006,2906,12.631487438,,39,41,30,46,46,45.643708744,7700,169,98,34.675324675,,,2.810860084,3.087394097,3.321542576,3.092473933,,,2.746781908,2.910666643,3.147200449,2.95577058,339226,65,19.16126712,,,11.233106551,,,24.042031185,19.22456675,24323,16376,67.327221149,0.2060779476,44140,38018,86.130493883,-14293.298,,58000,,13.951724138,4533,22,4.853298037,49800,30091,60.423694779,54.5,2024,2505368872.41016,200392.374869438
"{
  ""coordinates"": [
    [
      [
        [
          -9.231194330000000e+01,
          3.214604180000000e+01
        ],
        [
          -9.231252430000001e+01,
          3.192766180000000e+01
        ],
        [
          -9.200563020000000e+01,
          3.192738880000000e+01
        ],
        [
          -9.190357120000000e+01,
          3.192746280000000e+01
        ],
        [
          -9.190450720000000e+01,
          3.197140480000000e+01
        ],
        [
          -9.188982919999999e+01,
          3.197169580000000e+01
        ],
        [
          -9.190205720000000e+01,
          3.199581080000000e+01
        ],
        [
          -9.189438520000000e+01,
          3.201055680000000e+01
        ],
        [
          -9.190282120000001e+01,
          3.202544980000000e+01
        ],
        [
          -9.189850220000000e+01,
          3.204019880000000e+01
        ],
        [
          -9.190902020000000e+01,
          3.204621580000000e+01
        ],
        [
          -9.192211420000000e+01,
          3.206630280000000e+01
        ],
        [
          -9.193323520000000e+01,
          3.206688780000000e+01
        ],
        [
          -9.191108720000000e+01,
          3.208504580000000e+01
        ],
        [
          -9.190353320000000e+01,
          3.207581480000000e+01
        ],
        [
          -9.189802320000000e+01,
          3.208557080000000e+01
        ],
        [
          -9.186820820000000e+01,
          3.209156080000000e+01
        ],
        [
          -9.187447220000000e+01,
          3.210406980000000e+01
        ],
        [
          -9.186948320000000e+01,
          3.211535980000000e+01
        ],
        [
          -9.188308420000000e+01,
          3.213235280000000e+01
        ],
        [
          -9.189439120000000e+01,
          3.213799280000000e+01
        ],
        [
          -9.189473520000000e+01,
          3.215155580000000e+01
        ],
        [
          -9.189289820000000e+01,
          3.216280480000000e+01
        ],
        [
          -9.191059220000000e+01,
          3.216906580000000e+01
        ],
        [
          -9.193276220000000e+01,
          3.216524180000000e+01
        ],
        [
          -9.195485820000000e+01,
          3.217356380000000e+01
        ],
        [
          -9.198060920000000e+01,
          3.216663980000000e+01
        ],
        [
          -9.197591420000001e+01,
          3.217718580000000e+01
        ],
        [
          -9.198231920000001e+01,
          3.219329780000000e+01
        ],
        [
          -9.197526120000001e+01,
          3.220429580000000e+01
        ],
        [
          -9.200013819999999e+01,
          3.219039880000000e+01
        ],
        [
          -9.200639719999999e+01,
          3.220163380000000e+01
        ],
        [
          -9.197798520000001e+01,
          3.221618080000000e+01
        ],
        [
          -9.198484120000001e+01,
          3.222309480000000e+01
        ],
        [
          -9.199823920000000e+01,
          3.221153780000000e+01
        ],
        [
          -9.199259520000000e+01,
          3.222709880000000e+01
        ],
        [
          -9.200540820000001e+01,
          3.222891480000000e+01
        ],
        [
          -9.199699520000000e+01,
          3.224638880000000e+01
        ],
        [
          -9.199337319999999e+01,
          3.227680080000000e+01
        ],
        [
          -9.203447930000000e+01,
          3.227724280000000e+01
        ],
        [
          -9.210650430000000e+01,
          3.227689180000000e+01
        ],
        [
          -9.210633330000000e+01,
          3.225873580000000e+01
        ],
        [
          -9.215264630000000e+01,
          3.225883880000000e+01
        ],
        [
          -9.216485030000000e+01,
          3.227687480000000e+01
        ],
        [
          -9.231216929999999e+01,
          3.227735380000000e+01
        ],
        [
          -9.231194330000000e+01,
          3.214604180000000e+01
        ]
      ]
    ]
  ],
  ""type"": ""MultiPolygon""
}",517,22,021,22021,Caldwell Parish,LA,27141,0,246,,2,,2,17407.505476788,1,,2,,2,12033.215771824,,12297.563028714,24.4,5167,664,12.85078382,9571,3,31.344687076,,,12524,,7543,8107,27,41.1,2026,87,,,31.847133758,,,,46.124279308,42.941757157,,,,,,,,,,84,81.9,97.5,3694,141,3.817000541,617,,,70.235546039,,17.584369449,28.8,4.862117499,792,0,85,,,20.869565217,,,,9.076923077,10.732323232,69318,17,,,,,,27.444379391,24.524654491,6.169652479,16694,119569,7.162393674,9571,37,386.6,17.206109862,,,30,,31,32,9554,9554,2206,23.089805317,9554,1812,18.965878166,9554,1547,16.192170819,9554,42,0.4396064476,9554,376,3.935524388,9554,4538,47.498429977,9645,9645,100,9108,13,0.1427316645,13.1,8076,28,346.7,9554,14,146.53548252,,,21875,,57619,46464,1443,612,42.411642412,3085,2718,,,,,85.576459238,88.103727715,2820,935,33.156028369,35.1,9554,3,0.03140046054,9554,40,0.4186728072,2215,774,34.943566591,10132,392.212119966,3.871023687,7289,765,10.49526684,9554,3,31.40046054,2233,110,4.926108374,1,8.6,9554,7415,77.611471635,27141,246,,,739.069436451,,,669.760337583,658.130032268,,,,,,,,,,,,,,,,,,,,9554,9,94.20138162,9645,6198,64.261275272,16.3,3.871023687,7,12,3,25,49238,51,,,,,,113.270691209,103.578536902,3900,690,11.598414795,5.871794872,0.641025641,17.692307692,3085,42.9,,,,,,,,,,1580,16.3,9571,10,10.448229025,46.804850752,37.1,15.6,21.2,,,,,,71.995903427,72.085405717,49238,12,,,,,,28.317672802,24.371420448,,,,46544,44973,0.9662469921,3521,2452,69.639307015,3137,416,13.261077463,,,19,,29,28,14.48477223,,,,,,,,,,,,,,,,,49238,11,22.340468744,,,,,,22.233203773,19.04783486,3521,2519,71.542175518,0.05043723485,6877,5497,79.933110368,-4043.623,,46464,,34.211432507,582,2,3.436426117,7660,4762,62.167101828,43.4,2024,1957818447.02344,211870.608477882
"{
  ""coordinates"": [
    [
      [
        [
          -8.836353630000001e+01,
          3.499559610000000e+01
        ],
        [
          -8.836547740000000e+01,
          3.475561050000000e+01
        ],
        [
          -8.834837140000000e+01,
          3.475536150000000e+01
        ],
        [
          -8.834831640000000e+01,
          3.474087950000000e+01
        ],
        [
          -8.833070440000000e+01,
          3.474072750000000e+01
        ],
        [
          -8.832919840000000e+01,
          3.446357740000000e+01
        ],
        [
          -8.815629730000001e+01,
          3.446322040000000e+01
        ],
        [
          -8.813999330000000e+01,
          3.458170950000000e+01
        ],
        [
          -8.813925130000000e+01,
          3.458780150000000e+01
        ],
        [
          -8.813872430000001e+01,
          3.458922150000000e+01
        ],
        [
          -8.813426830000000e+01,
          3.462266650000000e+01
        ],
        [
          -8.811841230000000e+01,
          3.472429850000000e+01
        ],
        [
          -8.811642329999999e+01,
          3.474630950000000e+01
        ],
        [
          -8.810756530000000e+01,
          3.481163450000000e+01
        ],
        [
          -8.809789330000000e+01,
          3.489220850000000e+01
        ],
        [
          -8.810000429999999e+01,
          3.489410150000000e+01
        ],
        [
          -8.812504330000000e+01,
          3.490223350000000e+01
        ],
        [
          -8.813669729999999e+01,
          3.490759850000000e+01
        ],
        [
          -8.813972630000001e+01,
          3.490963750000000e+01
        ],
        [
          -8.814634030000001e+01,
          3.491438050000000e+01
        ],
        [
          -8.815462230000000e+01,
          3.492239850000000e+01
        ],
        [
          -8.816159930000001e+01,
          3.493346250000000e+01
        ],
        [
          -8.817210740000000e+01,
          3.495521950000000e+01
        ],
        [
          -8.817611140000000e+01,
          3.496252550000000e+01
        ],
        [
          -8.817997840000000e+01,
          3.496747250000000e+01
        ],
        [
          -8.818743440000000e+01,
          3.497491550000000e+01
        ],
        [
          -8.819881640000000e+01,
          3.499119850000000e+01
        ],
        [
          -8.820006940000000e+01,
          3.499564050000000e+01
        ],
        [
          -8.825383040000000e+01,
          3.499555950000000e+01
        ],
        [
          -8.825811640000001e+01,
          3.499546950000000e+01
        ],
        [
          -8.836353630000001e+01,
          3.499559610000000e+01
        ]
      ]
    ]
  ],
  ""type"": ""MultiPolygon""
}",535,28,141,28141,Tishomingo County,MS,52362,0,522,,2,,2,17605.388537301,1,,2,,2,13833.473881768,,13495.511981294,22.5,10727,2154,20.08017153,18750,5,26.666666667,,,922,,4429,4355,23.2,38.5,3886,109,,,,,,,29.495178673,28.049408132,,,,,,,,,,236,217.12,92,8493,311,3.661839162,765,,,70.967741935,78.378378378,21.733034212,19.7,4.345323975,1417,0,150,,,,,,,10.768072289,10.585744531,135447,52,,,,,,41.319030592,38.391400326,5.186120403,16025,95697,5.971731669,18750,30,160,14.814458429,,,43,,36,36,18619,18619,3964,21.290080026,18619,3959,21.263225737,18619,501,2.690799721,18619,84,0.451152049,18619,682,3.662924969,18619,9480,50.915731242,18850,18850,100,17843,304,1.70374937,11.5,15982,11,68.8,18619,21,112.788012246,130192,,,16788,49879,51652,2893,2875,99.377808503,7399,6718,,,,,89.64717575,90.796053521,4265,2443,57.280187573,32.5,18619,9,0.04833771953,18619,40,0.214834309,4053,1107,27.313101406,19593,,,14729,2524,17.136261796,18619,1,5.370857726,4199,401,9.549892832,0,8.1,18619,17148,92.099468285,52362,522,,,982.236977071,,,694.465022418,685.511489228,18082,11,,,,,,67.327702289,60.833978542,,,,,,,,,,,18619,35,187.980020409,18850,9624,51.055702918,19.6,,,32,9,28.125,96404,130,,,,,,144.288846137,134.849176383,7940,1165,10.984654731,1.876574307,2.329974811,14.672544081,7399,33.8,57408,14,,,,,,26.341536841,24.386845039,3710,19.6,18750,12,6.4,57.459311309,34.1,13.8,18.3,,,,,,70.524559094,70.815227094,96404,28,,,,,,31.318509239,29.04443799,,,,51691,38971,0.7539223462,8463,6230,73.614557486,7960,1138,14.296482412,,,47,,41,41,14.463410349,2000,25,22,23.5,,,,,3.222907052,3.202749162,,,,,3.330761122,3.33317739,96404,29,30.081739347,,,,,,34.824989178,32.079049815,8463,6040,71.369490724,0.06949147355,13416,10932,81.484794275,-1035.046,,51652,,13.527065748,1018,12,11.787819253,14930,9138,61.205626256,51.4,2024,1705724617.16016,190666.952336751
"{
  ""coordinates"": [
    [
      [
        [
          -8.908844350000000e+01,
          3.353252420000000e+01
        ],
        [
          -8.908865750000000e+01,
          3.344582720000000e+01
        ],
        [
          -8.908826050000000e+01,
          3.328600920000000e+01
        ],
        [
          -8.896596850000000e+01,
          3.328611420000000e+01
        ],
        [
          -8.881305840000000e+01,
          3.328643020000000e+01
        ],
        [
          -8.866908140000000e+01,
          3.328692820000000e+01
        ],
        [
          -8.867125540000001e+01,
          3.350617420000000e+01
        ],
        [
          -8.867153140000001e+01,
          3.356514120000000e+01
        ],
        [
          -8.871011640000000e+01,
          3.355902220000000e+01
        ],
        [
          -8.873548640000000e+01,
          3.356522520000000e+01
        ],
        [
          -8.877060140000000e+01,
          3.356521820000000e+01
        ],
        [
          -8.898418650000001e+01,
          3.356425720000000e+01
        ],
        [
          -8.901861850000000e+01,
          3.356212020000000e+01
        ],
        [
          -8.908826850000000e+01,
          3.356204520000000e+01
        ],
        [
          -8.908845150000001e+01,
          3.353320820000000e+01
        ],
        [
          -8.908844350000000e+01,
          3.353252420000000e+01
        ]
      ]
    ]
  ],
  ""type"": ""MultiPolygon""
}",541,28,105,28105,Oktibbeha County,MS,143349,0,677,,2,,2,13975.037921164,,,2,,2,7709.887785303,,10179.469546176,21.4,31168,5120,16.427104723,51842,21,40.507696462,,,2231,,1284,1544,17.6,44.9,18654,187,,,20.023384975,,,,4.409832989,10.02465959,350249,23,,,15.318627451,,,,6.566756793,347,298.42,86,22093,904,4.091793781,2188,,,36.405295316,,10.050653159,25.2,3.781512795,3757,0,438,,7.567567568,18.539646321,,,,5.36756126,11.658237956,350249,51,,,22.977941176,,,10.121662382,14.561069411,4.762631933,13141,109659,8.344798722,51842,459,885.4,16.887780039,,27,42,,44,43,51427,51427,8807,17.125245494,51427,6345,12.337876991,51427,19089,37.11863418,51427,149,0.2897310751,51427,942,1.831722636,51427,25577,49.734575223,51788,18976,36.641693056,48849,380,0.777907429,13.2,45331,73,161,51427,116,225.562447741,,24292,34470,32266,49470,47284,4902,4881,99.571603427,21814,17830,,,81.911764706,,82.554965883,81.736499496,11674,8962,76.768888127,28.5,51427,46,0.08944717755,51427,1720,3.344546639,8871,3346,37.718408297,47671,9251.018386847,19.405966703,40011,5643,14.103621504,51427,21,40.834581057,9290,599,6.447793326,0,9.7,51427,28930,56.254496665,143349,677,,,738.54536248,,,395.659200417,526.23553012,50497,32,,,83.569339338,,,47.355958958,63.370101194,3799,41,,,17.553793884,,,,,10.792313767,51427,52,101.114200712,51788,38988,75.28384954,15.6,19.405966703,5.5,40,17,42.5,250616,156,,,62.945418854,,,65.891088407,62.246624318,18850,4145,21.605218378,1.697612732,0.1856763926,21.98938992,21814,20.1,,,,,,,,,,8020,15.6,51842,54,10.416264805,22.604398631,33.4,11.9,16,,,71.422581573,,,78.265269611,75.523451622,250616,38,,,20.270558614,,,12.753113885,15.162639257,,,,52215,39931,0.7647419324,21165,10052,47.493503425,19076,4187,21.949045922,,56,36,,51,48,63.575039725,3800,17,-888,,,,2.620728645,,3.617808156,2.898475969,,,2.593578085,,3.392626094,2.837464462,250616,29,11.571487854,,,,,,16.774086168,12.880624874,21165,17076,80.680368533,0.0103650253,26082,23718,90.936277893,,,47284,,22.775145927,2593,20,7.71307366,39355,19757,50.202007369,50.6,2024,1722195511.46484,167187.881323559
"{
  ""coordinates"": [
    [
      [
        [
          -8.871998440000000e+01,
          3.381133630000000e+01
        ],
        [
          -8.871963140000000e+01,
          3.368025930000000e+01
        ],
        [
          -8.849641939999999e+01,
          3.368008130000000e+01
        ],
        [
          -8.849098340000000e+01,
          3.367373230000000e+01
        ],
        [
          -8.851310940000000e+01,
          3.366070330000000e+01
        ],
        [
          -8.851392240000000e+01,
          3.365021530000000e+01
        ],
        [
          -8.850409639999999e+01,
          3.365855630000000e+01
        ],
        [
          -8.847736940000000e+01,
          3.366649930000000e+01
        ],
        [
          -8.845602340000001e+01,
          3.366370530000000e+01
        ],
        [
          -8.844507240000000e+01,
          3.367158230000000e+01
        ],
        [
          -8.840656530000000e+01,
          3.367334830000000e+01
        ],
        [
          -8.839416430000000e+01,
          3.369559630000000e+01
        ],
        [
          -8.837033529999999e+01,
          3.368592430000000e+01
        ],
        [
          -8.833052530000001e+01,
          3.371859330000000e+01
        ],
        [
          -8.832512430000000e+01,
          3.374559730000000e+01
        ],
        [
          -8.824894260000001e+01,
          3.374498000000000e+01
        ],
        [
          -8.824414729999999e+01,
          3.378167930000000e+01
        ],
        [
          -8.824303030000000e+01,
          3.379568630000000e+01
        ],
        [
          -8.824005930000000e+01,
          3.381088530000000e+01
        ],
        [
          -8.823549730000001e+01,
          3.384720930000000e+01
        ],
        [
          -8.822652230000000e+01,
          3.391155730000000e+01
        ],
        [
          -8.822652230000000e+01,
          3.391167130000000e+01
        ],
        [
          -8.822643330000000e+01,
          3.391288130000000e+01
        ],
        [
          -8.821074630000000e+01,
          3.402920530000000e+01
        ],
        [
          -8.820723430000000e+01,
          3.405833940000000e+01
        ],
        [
          -8.820378940000001e+01,
          3.408656060000000e+01
        ],
        [
          -8.854335740000000e+01,
          3.408905030000000e+01
        ],
        [
          -8.871869850000000e+01,
          3.408934630000000e+01
        ],
        [
          -8.871896950000000e+01,
          3.407452730000000e+01
        ],
        [
          -8.871998440000000e+01,
          3.381133630000000e+01
        ]
      ]
    ]
  ],
  ""type"": ""MultiPolygon""
}",551,28,095,28095,Monroe County,MS,95429,0,824,,2,,2,16318.028109971,,,2,,2,12250.554842481,,13451.947384746,23,19221,3381,17.590135789,33883,17,50.172652953,,,5214,,2336,2867,21.2,39.1,7552,227,,,29.75724354,,,,29.927319367,30.058262712,247394,21,,,15.93646662,,,,8.488483957,312,266.4,85.384615385,15582,619,3.972532409,1538,,,28.108581436,,11.651511948,20.7,4.116171475,2830,0,419,,,20.833333333,,,,12,14.80565371,247394,73,,,19.920583275,,,34.442544398,29.507587088,5.137361821,20574,104185,5.063915622,33883,307,906.1,13.856941654,,,41,,37,38,33577,33577,7556,22.503499419,33577,6796,20.240045269,33577,10228,30.461327695,33577,101,0.3008011436,33577,554,1.649938946,33577,17413,51.859904101,34180,28203,82.513165594,32224,126,0.3910129096,12.3,28674,52,181.4,33577,7,20.847604015,,,33831,31955,61310,51754,4717,4693,99.491202035,13500,11686,,,80.909863946,,84.658136229,86.562962963,7928,3759,47.414228052,32.3,33577,8,0.02382583316,33577,114,0.3395181225,7713,2104,27.278620511,36989,1431.277509781,3.869467976,26642,3851,14.454620524,33577,16,47.651666319,7792,521,6.686344969,0,9.6,33577,22236,66.223903267,95429,824,,,724.047651687,,,606.137079579,638.984982373,34400,29,,,125.33572068,,,69.537805387,84.302325581,2842,21,,,,,,,,7.389162562,33577,39,116.150936653,34180,13498,39.490930369,14.2,3.869467976,7.4,56,13,23.214285714,175694,187,,,78.757875788,,,120.834609755,106.435051852,13480,1235,6.941266209,1.587537092,0.9272997033,9.161721068,13500,30.7,104258,12,,,,,,,11.509908113,4910,14.2,33883,42,12.395596612,53.236250952,33.2,13,17.6,,,70.365003285,,,72.552904479,71.880794521,175694,44,,,24.377437744,,,26.379386637,25.043541612,,,,55938,34247,0.612231399,13410,10135,75.57792692,12660,1157,9.139020537,,,31,,45,43,19.018188413,3800,55,37,24.210526316,,,3.072392255,,3.207050178,3.172935019,,,3.211427785,,3.349760884,3.297702499,175694,33,18.782656209,,,,,,26.05812827,20.302659022,13410,11185,83.407904549,0.3753217141,23671,20099,84.909805247,-13631.259666667,,51754,,15.260656181,1905,14,7.349081365,27470,17259,62.828540226,59.8,2024,2906484461.72266,226225.720381542
"{
  ""coordinates"": [
    [
      [
        [
          -8.973030960000000e+01,
          3.263423400000000e+01
        ],
        [
          -8.973015760000000e+01,
          3.257725400000000e+01
        ],
        [
          -8.932260350000000e+01,
          3.257643900000000e+01
        ],
        [
          -8.931759350000000e+01,
          3.257646400000000e+01
        ],
        [
          -8.931916860000000e+01,
          3.293166010000000e+01
        ],
        [
          -8.973015970000000e+01,
          3.292993010000000e+01
        ],
        [
          -8.973002169999999e+01,
          3.288507800000000e+01
        ],
        [
          -8.973030960000000e+01,
          3.263423400000000e+01
        ]
      ]
    ]
  ],
  ""type"": ""MultiPolygon""
}",560,28,079,28079,Leake County,MS,62173,0,463,36605.224539844,,,2,12667.741180185,,,2,,2,10904.818513253,,12903.993543126,25.5,11341,2435,21.470769773,21196,5,23.589356482,8807,,2236,,2642,2717,23.1,44.2,4056,224,103.064066852,,39.76945245,137.809187279,,,48.933500627,55.226824458,157584,28,,,21.301198953,,,13.568521031,17.76830135,174,143.55,82.5,7889,327,4.145012042,1522,59.228650138,,42.586120819,53.203883495,10.197183099,32.3,4.388637799,2180,0,245,7.766990291,,13.781321185,10.112359551,,,8.888888889,11.23853211,157584,51,,,19.779684742,,,35.278154681,32.363691745,5.219751572,19529,88394,4.526294229,21196,196,924.7,13.779718786,,,42,,41,41,21135,21135,4802,22.72060563,21135,3867,18.296664301,21135,8330,39.413295481,21135,1486,7.030991247,21135,1134,5.365507452,21135,10695,50.603264727,21275,21275,100,20003,384,1.919712043,14,17655,60,339.8,21135,2,9.462976106,46818,,41362,21447,50845,46429,2577,2577,100,8014,6687,,,79.057187017,,81.454055873,83.441477415,5319,2661,50.02820079,33,21135,8,0.03785190442,21135,130,0.6150934469,4888,1764,36.088379705,23805,2713.438941255,11.398609289,15604,2707,17.348115868,21135,6,28.388928318,4484,298,6.645851918,0,9.4,21135,10071,47.650816182,62173,463,1558.073640933,,616.267336973,,,527.200912704,605.341211683,24743,18,,,,,,,72.747847876,,,,,,,,,,,21135,20,94.62976106,21275,7318,34.397179788,17.5,11.398609289,5.9,36,8,22.222222222,112201,120,227.088402271,,61.774416871,,,134.138162307,106.950918441,8115,800,6.840432295,3.450400493,0.2464571781,9.858287123,8014,43.3,,,,,,,,,,3750,17.5,21196,28,13.21003963,41.078168351,37.4,14,18,,,72.63763733,,,74.028790979,72.51198201,112201,30,,,,,,34.492670308,26.73772961,,,,46055,37596,0.8163283031,7369,5601,76.007599403,6827,590,8.642156145,45,,26,,36,35,1.685748627,2900,-888,7,,,,2.630650494,2.632754511,3.116675209,2.736593048,,,2.619870626,2.767577587,2.878770658,2.71154026,112201,18,16.042637766,,,,,,27.085347489,16.593733533,7369,5191,70.443750848,0.03505106719,14465,11764,81.32734186,-19694.54,,46429,,16.57153934,1443,9,6.237006237,16615,9200,55.371652122,55.9,2024,2147657092.46875,185376.73453419
"{
  ""coordinates"": [
    [
      [
        [
          -8.891441840000000e+01,
          3.292660610000000e+01
        ],
        [
          -8.891452140000000e+01,
          3.257696100000000e+01
        ],
        [
          -8.838886250000000e+01,
          3.257812900000000e+01
        ],
        [
          -8.838304429999999e+01,
          3.262668500000000e+01
        ],
        [
          -8.838299030000000e+01,
          3.262696000000000e+01
        ],
        [
          -8.837334330000000e+01,
          3.271183110000000e+01
        ],
        [
          -8.836835429999999e+01,
          3.274766210000000e+01
        ],
        [
          -8.835429730000000e+01,
          3.287513610000000e+01
        ],
        [
          -8.834785530000001e+01,
          3.292908370000000e+01
        ],
        [
          -8.881278740000000e+01,
          3.292597910000000e+01
        ],
        [
          -8.890846139999999e+01,
          3.292680610000000e+01
        ],
        [
          -8.891441840000000e+01,
          3.292660610000000e+01
        ]
      ]
    ]
  ],
  ""type"": ""MultiPolygon""
}",582,28,069,28069,Kemper County,MS,25283,0,187,,2,,2,9911.309953089,,,2,,2,11397.452906779,1,10160.944465181,25.8,4457,902,20.237828136,8829,1,11.326311021,,,3027,,2866,3171,21.8,43.1,2553,53,,,21.138211382,,,,23.985239852,20.759890325,,,,,,,,,,64,59.2,92.5,3251,192,5.905875115,651,63.917525773,,53.122251539,,7.179487179,43.5,4.140998374,602,0,86,,,16.241299304,,,,8.805031447,14.285714286,67867,22,,,46.151230295,,,,32.416343731,4.755867789,17351,83731,4.825716097,8829,41,464.4,12.748415588,,,45,,39,41,8654,8654,1520,17.564132193,8654,1925,22.244048995,8654,5209,60.191818812,8654,343,3.963485094,8654,107,1.236422464,8654,4297,49.653339496,8988,8988,100,8478,19,0.2241094598,15.3,7721,17,220.2,8654,0,,,,35298,,60841,39856,915,909,99.344262295,3192,2726,,,84.978070175,,91.50390625,85.401002506,1819,1012,55.634964266,33.4,8654,4,0.04622140051,8654,22,0.2542177028,1635,825,50.458715596,10456,2506.318556612,23.970146869,5990,992,16.560934891,8654,2,23.110700254,1625,101,6.215384615,0,9.2,8654,2884,33.325629767,25283,187,,,539.60741882,,,544.973702649,529.879195767,,,,,,,,,,,,,,,,,,,,8654,5,57.776750636,8988,662,7.365376057,17.2,23.970146869,4.7,28,8,28.571428571,48002,32,,,68.667170226,,,74.142724745,66.663889005,3755,720,9.315068493,8.255659121,1.997336884,19.174434088,3192,60.6,,,,,,,,,,1580,17.2,8829,10,11.326311021,11.788894485,38.5,13.4,17,,,75.620881214,,,76.062728985,76.534573692,,,,,,,,,,,,,40610,35613,0.8769514898,3143,2413,76.77378301,2782,324,11.646297628,,,25,,28,26,1.18698548,900,,,,,,2.665122364,,,2.684904243,,,2.857983247,,,2.855304892,,,,,,,,,,,3143,2211,70.346802418,,5930,4744,80,-31067.24,,39856,,16.908370132,506,2,3.95256917,7985,4731,59.248591108,46.5,2024,2814712869.30859,214547.633622474
"{
  ""coordinates"": [
    [
      [
        [
          -9.054820479999999e+01,
          3.134957970000000e+01
        ],
        [
          -9.054762130000000e+01,
          3.099972890000000e+01
        ],
        [
          -9.048675480000000e+01,
          3.099969860000000e+01
        ],
        [
          -9.048588180000000e+01,
          3.099974560000000e+01
        ],
        [
          -9.047728979999999e+01,
          3.099972260000000e+01
        ],
        [
          -9.047593380000001e+01,
          3.099974560000000e+01
        ],
        [
          -9.047409980000000e+01,
          3.099980360000000e+01
        ],
        [
          -9.044248480000000e+01,
          3.099972760000000e+01
        ],
        [
          -9.044173080000000e+01,
          3.099973460000000e+01
        ],
        [
          -9.043735680000000e+01,
          3.099973560000000e+01
        ],
        [
          -9.042685480000000e+01,
          3.099978160000000e+01
        ],
        [
          -9.042212280000000e+01,
          3.099981560000000e+01
        ],
        [
          -9.038054169999999e+01,
          3.099987760000000e+01
        ],
        [
          -9.036937670000000e+01,
          3.100034060000000e+01
        ],
        [
          -9.034731010000000e+01,
          3.100036450000000e+01
        ],
        [
          -9.034723570000000e+01,
          3.100036460000000e+01
        ],
        [
          -9.034601270000000e+01,
          3.100036860000000e+01
        ],
        [
          -9.025956060000000e+01,
          3.100066280000000e+01
        ],
        [
          -9.026039670000000e+01,
          3.135027970000000e+01
        ],
        [
          -9.054820479999999e+01,
          3.134957970000000e+01
        ]
      ]
    ]
  ],
  ""type"": ""MultiPolygon""
}",599,28,113,28113,Pike County,MS,110070,0,971,,2,,2,16909.974165204,,,2,,2,12941.884772755,,14868.977035909,26.8,21583,4074,18.875967196,39973,15,37.525329597,,,5589,,2551,3536,23,45.1,10011,344,,,39.480430696,,,,27.361220731,34.362201578,276912,51,,,27.695778758,,,,18.417403363,473,391.425,82.753699789,14017,678,4.836983663,3577,,,53.245901639,80.769230769,28.0945758,36.3,4.170070189,3632,0,491,,,15.731814198,,,,9.626093874,13.518722467,276912,90,,,30.397805954,,,36.036338038,32.501300052,5.563944629,12727,78918,6.200832875,39973,425,1063.2,12.218610875,,,29,,36,34,39644,39644,10015,25.26233478,39644,7037,17.750479265,39644,21649,54.608515791,39644,177,0.4464736152,39644,676,1.705176067,39644,20764,52.376147715,40324,24997,61.990377939,37477,42,0.1120687355,15.4,32841,153,465.9,39644,187,471.698113208,,196691,32707,,51146,40945,6070,6064,99.901153213,14632,11900,,,80.607364897,,82.892561983,81.328594861,9358,4655,49.743534943,36.3,39644,20,0.05044899606,39644,256,0.6457471496,10268,4543,44.244253993,40404,2304.97307358,5.704814062,31263,4604,14.726673704,39644,22,55.493895671,10201,593,5.813155573,0,8.7,39644,16571,41.79951569,110070,971,,,795.597881622,,,630.834425599,703.969584174,45340,39,,,91.823991773,,,87.719298246,86.016762241,3694,35,,,11.231101512,,,,,9.474824039,39644,74,186.66128544,40324,22903,56.79744073,19.9,5.704814062,6,59,16,27.118644068,197289,203,,,95.240789461,,,116.367436117,102.894738176,14560,2390,15.444733904,1.820054945,0.9615384615,16.414835165,14632,29.5,118258,30,,,15.609390609,,,37.946116515,25.368262612,8000,19.9,39973,63,15.760638431,32.961389751,40.4,14.3,18.6,,,68.770995313,,,71.564983234,70.331209407,197289,58,,,33.947212085,,,24.935879168,29.398496622,,,,47534,33634,0.7075777338,14745,9597,65.08646999,13226,2222,16.800241948,,31,23,,37,33,38.055827054,4600,33,85,25.652173913,,,2.533774538,,3.346606446,2.74252167,,,2.437103471,,3.258304975,2.633000169,197289,17,8.616800734,,,,,,14.471103868,8.261486025,14745,11344,76.934554086,0.2076906036,25894,21416,82.706418475,-19054.810333333,,40945,,19.167175479,2660,24,9.022556391,28970,17342,59.86192613,51,2024,1459120896.02344,155114.586151452
"{
  ""coordinates"": [
    [
      [
        [
          -8.945162150000000e+01,
          3.143403480000000e+01
        ],
        [
          -8.945107849999999e+01,
          3.134638870000000e+01
        ],
        [
          -8.934786850000000e+01,
          3.134670570000000e+01
        ],
        [
          -8.934895550000000e+01,
          3.101037570000000e+01
        ],
        [
          -8.934070650000000e+01,
          3.100103870000000e+01
        ],
        [
          -8.934081150000000e+01,
          3.090991760000000e+01
        ],
        [
          -8.913797240000000e+01,
          3.090988270000000e+01
        ],
        [
          -8.913840840000000e+01,
          3.100044270000000e+01
        ],
        [
          -8.914618140000000e+01,
          3.100045270000000e+01
        ],
        [
          -8.914609740000000e+01,
          3.143405780000000e+01
        ],
        [
          -8.939918350000001e+01,
          3.143403480000000e+01
        ],
        [
          -8.945162150000000e+01,
          3.143403480000000e+01
        ]
      ]
    ]
  ],
  ""type"": ""MultiPolygon""
}",601,28,035,28035,Forrest County,MS,214385,0,1504,,2,,2,16915.037568672,,,2,,2,11220.757552815,,13196.962600317,21,45850,8382,18.281352236,77875,68,87.319422151,,,5683,,3058,3560,19,40,21164,514,,,31.30259172,57.73955774,,,16.971905264,24.286524287,530211,66,,,23.252875016,,,5.95917962,12.447874525,692,641.895,92.759393064,33326,1252,3.756826502,4880,,,51.170943767,43.73088685,8.885415414,28.4,3.717200371,7106,0,944,,,18.524382521,6.911447084,,10.638297872,9.343816148,13.284548269,530211,95,,,20.725388601,,,16.553276721,17.91739515,4.793281264,19288,97754,5.068125259,77875,888,1140.3,15.873027406,,38,39,,45,44,78110,78110,17517,22.426065805,78110,11094,14.203046985,78110,28518,36.51004993,78110,296,0.3789527589,78110,2660,3.405453847,78110,41373,52.967609781,78158,27040,34.596586402,73000,412,0.5643835616,12.6,64796,441,680.6,78110,378,483.93291512,,,31519,53639,62174,51344,10655,10616,99.63397466,35362,29619,,,82.741594169,79.27852349,83.743721241,83.759402749,20172,14186,70.325203252,29.6,78110,63,0.08065548585,78110,869,1.112533606,17452,6588,37.7492551,74934,6760.829968577,9.022379652,63548,9332,14.684962548,78110,34,43.528357445,18506,1046,5.652220901,0,8.9,78110,44668,57.186019716,214385,1504,,,852.169296281,,,551.724672161,643.654931805,80773,77,,,127.510360217,,,74.053267281,95.328884652,7228,80,,,14.916286149,,,,8.059701493,11.068068622,78110,245,313.660222763,78158,58882,75.337137593,18,9.022379652,6.1,79,6,7.594936709,378288,335,,,75.662221217,,,101.277584204,88.556866726,28115,4855,14.441219158,2.63204695,1.155966566,17.268362084,35362,20.5,227781,45,,,,,,28.535511287,19.755818088,13990,18,77875,102,13.097913323,54.458776391,33.4,12.2,16.6,,,68.795001416,,,73.539495934,71.964781968,378288,89,,,23.335077571,,,25.087108014,23.527048175,,,,46219,32156,0.6957311928,29351,16406,55.89588089,27493,4192,15.24751755,,45,38,35,50,48,68.993312669,7700,32,75,13.896103896,,,2.77987682,2.87576227,3.480922356,3.082074669,,,2.739495136,3.117840266,3.384290711,3.037070448,378288,56,14.80353593,,,,,,23.089707394,14.650139945,29351,24093,82.085789241,0.2796681198,47240,42289,89.519475021,-10751.664,,51344,,19.741352446,5169,47,9.092667827,56540,31654,55.985143261,59.8,2024,1666100478.54297,205682.389865034
"{
  ""coordinates"": [
    [
      [
        [
          -8.884171230000000e+01,
          3.143370880000000e+01
        ],
        [
          -8.884093430000000e+01,
          3.099841570000000e+01
        ],
        [
          -8.883434430000000e+01,
          3.099798870000000e+01
        ],
        [
          -8.842564140000000e+01,
          3.099830680000000e+01
        ],
        [
          -8.842573419999999e+01,
          3.100018870000000e+01
        ],
        [
          -8.842581220000000e+01,
          3.100112870000000e+01
        ],
        [
          -8.843201220000000e+01,
          3.111430370000000e+01
        ],
        [
          -8.843810920000000e+01,
          3.123006570000000e+01
        ],
        [
          -8.843821620000000e+01,
          3.123125770000000e+01
        ],
        [
          -8.843898520000000e+01,
          3.124690170000000e+01
        ],
        [
          -8.843878520000000e+01,
          3.125265980000000e+01
        ],
        [
          -8.844518720000001e+01,
          3.135586080000000e+01
        ],
        [
          -8.844521420000000e+01,
          3.135597480000000e+01
        ],
        [
          -8.844869120000000e+01,
          3.142089380000000e+01
        ],
        [
          -8.844866519999999e+01,
          3.142128280000000e+01
        ],
        [
          -8.844957479999999e+01,
          3.143584050000000e+01
        ],
        [
          -8.854095130000000e+01,
          3.143457780000000e+01
        ],
        [
          -8.884171230000000e+01,
          3.143370880000000e+01
        ]
      ]
    ]
  ],
  ""type"": ""MultiPolygon""
}",602,28,041,28041,Greene County,MS,38019,0,246,,2,,2,7881.279845355,,,2,,2,8496.954760247,,8196.574891983,21.7,6476,1064,16.429894997,13630,1,7.336757153,,,3826,,2565,3078,21.3,38.8,2441,90,,,46.189376443,,,,36.534446764,36.87013519,,,,,,,,,,135,111.375,82.5,4182,242,5.786704926,655,,,42.2,,19.80798383,26.7,4.009078702,988,0,62,,,15.753424658,,,,4.738760632,6.275303644,94554,26,,,,,,32.146823309,27.497514648,4.975080432,20014,100523,5.022634156,13630,76,557.6,16.398353516,,,21,,28,27,13552,13552,2497,18.425324675,13552,2156,15.909090909,13552,3495,25.789551358,13552,48,0.3541912633,13552,204,1.505312869,13552,5580,41.174734357,13530,13530,100,12968,19,0.1465144972,11.7,11868,84,707.8,13552,7,51.652892562,,,35250,,53760,52585,1659,1644,99.095840868,3214,2165,,,,,64.864864865,67.361543248,4309,1676,38.895335345,29.1,13552,1,0.007378984652,13552,28,0.2066115702,2550,645,25.294117647,14400,243.367535799,1.690052332,9011,1189,13.194983909,13552,2,14.757969303,2669,141,5.282877482,0,9,13552,9640,71.133412043,38019,246,,,544.014263137,,,515.173560669,511.966249706,,,,,,,,,,,,,,,,,,,,13552,12,88.547815821,13530,1922,14.205469327,16.8,1.690052332,7.1,21,5,23.80952381,67624,40,,,,,,69.630752217,59.150597421,3825,415,7.880434783,3.529411765,0.3921568627,10.849673203,3214,55.9,,,,,,,,,,2290,16.8,13630,10,7.336757153,46.001265606,34.8,12.6,16.4,,,77.801251638,,,75.550349197,76.128905319,,,,,,,,,,,,,54545,38598,0.707635897,3910,2978,76.163682864,3337,359,10.758166017,,,21,,25,25,0.9044102538,1300,7,-888,,,,2.72989415,,3.145015471,3.064729061,,,2.700464783,,2.915516938,2.865172198,,,,,,,,,,,3910,2677,68.465473146,0.06194834796,10020,8128,81.117764471,-5308.407,,52585,,15.175430256,693,1,1.443001443,10820,5812,53.715341959,46.3,2024,2553010783.86719,203564.327039407
"{
  ""coordinates"": [
    [
      [
        [
          -9.281715550000000e+01,
          3.216170380000000e+01
        ],
        [
          -9.282219750000000e+01,
          3.216259980000000e+01
        ],
        [
          -9.281535049999999e+01,
          3.214741880000000e+01
        ],
        [
          -9.231194330000000e+01,
          3.214604180000000e+01
        ],
        [
          -9.231216929999999e+01,
          3.227735380000000e+01
        ],
        [
          -9.231196330000000e+01,
          3.232097180000000e+01
        ],
        [
          -9.241558340000000e+01,
          3.240803480000000e+01
        ],
        [
          -9.241552140000000e+01,
          3.249561490000000e+01
        ],
        [
          -9.262240840000000e+01,
          3.249641390000000e+01
        ],
        [
          -9.262168740000000e+01,
          3.245307380000000e+01
        ],
        [
          -9.277698850000000e+01,
          3.245361680000000e+01
        ],
        [
          -9.277317940000000e+01,
          3.223598980000000e+01
        ],
        [
          -9.278750450000000e+01,
          3.221497580000000e+01
        ],
        [
          -9.280096949999999e+01,
          3.221073080000000e+01
        ],
        [
          -9.279882250000000e+01,
          3.218133080000000e+01
        ],
        [
          -9.281715550000000e+01,
          3.216170380000000e+01
        ]
      ]
    ]
  ],
  ""type"": ""MultiPolygon""
}",611,22,049,22049,Jackson Parish,LA,41907,0,330,,2,,2,16447.578317534,,,2,,2,11302.602748928,,12339.972066569,22.1,7966,909,11.410996736,14876,3,20.166711482,,,6395,,3963,4343,23.9,44.1,2839,86,,,29.090909091,,,,30.190677966,30.292356464,,,,,,,,,,167,154.475,92.5,6942,221,3.183520599,1155,,,62.474226804,25.675675676,35.291189647,36.9,4.571362026,1046,0,104,,,14.285714286,,,,8.437067773,9.942638623,109608,24,,,35.339094677,,,17.549069899,21.896211955,5.913467945,17654,87915,4.979891243,14876,65,436.9,16.745082544,,,51,,44,45,14839,14839,3152,21.241323539,14839,3066,20.661769661,14839,3947,26.598827414,14839,66,0.4447739066,14839,303,2.041916571,14839,7284,49.086865692,15031,9786,65.105448739,14299,97,0.6783691167,12.5,12765,63,493.5,14839,18,121.301974527,13963,20938,29818,,46981,43813,2100,827,39.380952381,4867,4130,,,82.029598309,,85.657514451,84.857201562,3751,1307,34.844041589,32.3,14839,7,0.04717299009,14839,75,0.5054248939,3246,1137,35.027726433,16274,1745.643102556,10.726576764,10996,1072,9.748999636,14839,2,13.47799717,3186,177,5.555555556,1,9.3,14839,10184,68.629961588,41907,330,,,819.432321797,,,506.818820981,577.081123539,14501,18,,,,,,128.36970475,124.129370388,,,,,,,,,,,14839,17,114.562975942,15031,2504,16.65890493,15,10.726576764,6.5,22,6,27.272727273,77942,66,,,77.374721223,,,92.961487384,84.678350568,5860,775,11.706036745,1.023890785,1.194539249,13.225255973,4867,34.7,,,,,,,,,,2280,15,14876,23,15.461145469,35.240931494,38.9,14.1,19.8,,,69.233073656,,,74.773607693,73.570536659,77942,14,,,,,,,17.962074363,,,,45952,36047,0.7844489903,5461,3743,68.540560337,4763,506,10.623556582,,,26,,36,34,14.399089721,,,,,,,,,,,,,,,,,77942,13,16.679069051,,,,,,19.752472984,14.824433776,5461,4006,73.356528108,0.200597555,10772,8968,83.252877831,-1348.853,,43813,,32.017894232,801,2,2.496878901,12355,7632,61.772561716,53.1,2024,2108361948.34766,196268.145070315
"{
  ""coordinates"": [
    [
      [
        [
          -9.164877210000000e+01,
          3.098317260000000e+01
        ],
        [
          -9.166251210000000e+01,
          3.097036760000000e+01
        ],
        [
          -9.164492310000000e+01,
          3.092897660000000e+01
        ],
        [
          -9.166073609999999e+01,
          3.089498560000000e+01
        ],
        [
          -9.166181709999999e+01,
          3.086002460000000e+01
        ],
        [
          -9.164696710000000e+01,
          3.084494160000000e+01
        ],
        [
          -9.162338710000000e+01,
          3.084048560000000e+01
        ],
        [
          -9.160303709999999e+01,
          3.084596960000000e+01
        ],
        [
          -9.157855210000000e+01,
          3.084628360000000e+01
        ],
        [
          -9.156354109999999e+01,
          3.083648860000000e+01
        ],
        [
          -9.155641310000000e+01,
          3.084864860000000e+01
        ],
        [
          -9.156361110000000e+01,
          3.088333760000000e+01
        ],
        [
          -9.157608410000000e+01,
          3.089340760000000e+01
        ],
        [
          -9.161386709999999e+01,
          3.090181560000000e+01
        ],
        [
          -9.161461410000000e+01,
          3.091760560000000e+01
        ],
        [
          -9.156831310000000e+01,
          3.091880760000000e+01
        ],
        [
          -9.154931410000000e+01,
          3.091623360000000e+01
        ],
        [
          -9.153449310000001e+01,
          3.090628360000000e+01
        ],
        [
          -9.151559200000000e+01,
          3.087518660000000e+01
        ],
        [
          -9.151790000000000e+01,
          3.085138660000000e+01
        ],
        [
          -9.153947900000000e+01,
          3.079122950000000e+01
        ],
        [
          -9.155725710000000e+01,
          3.077816450000000e+01
        ],
        [
          -9.158448110000000e+01,
          3.077277050000000e+01
        ],
        [
          -9.159294710000000e+01,
          3.076602150000000e+01
        ],
        [
          -9.159460110000001e+01,
          3.075018950000000e+01
        ],
        [
          -9.157127210000000e+01,
          3.073534950000000e+01
        ],
        [
          -9.155302500000001e+01,
          3.073080350000000e+01
        ],
        [
          -9.150992400000000e+01,
          3.074028450000000e+01
        ],
        [
          -9.148691200000000e+01,
          3.074134250000000e+01
        ],
        [
          -9.145038800000000e+01,
          3.073617350000000e+01
        ],
        [
          -9.139705100000000e+01,
          3.075758750000000e+01
        ],
        [
          -9.138062600000001e+01,
          3.075880950000000e+01
        ],
        [
          -9.136199700000000e+01,
          3.073930850000000e+01
        ],
        [
          -9.135318700000001e+01,
          3.072205350000000e+01
        ],
        [
          -9.134065800000000e+01,
          3.067024350000000e+01
        ],
        [
          -9.133087600000000e+01,
          3.065868250000000e+01
        ],
        [
          -9.132226199999999e+01,
          3.065603050000000e+01
        ],
        [
          -9.131006700000000e+01,
          3.065396650000000e+01
        ],
        [
          -9.130521800000000e+01,
          3.067338750000000e+01
        ],
        [
          -9.132071200000000e+01,
          3.069942250000000e+01
        ],
        [
          -9.129310900000000e+01,
          3.071557650000000e+01
        ],
        [
          -9.129669000000000e+01,
          3.072544950000000e+01
        ],
        [
          -9.128612500000000e+01,
          3.073452950000000e+01
        ],
        [
          -9.128618600000000e+01,
          3.074666550000000e+01
        ],
        [
          -9.127694800000000e+01,
          3.075837950000000e+01
        ],
        [
          -9.126755900000001e+01,
          3.075734250000000e+01
        ],
        [
          -9.124886600000001e+01,
          3.078643460000000e+01
        ],
        [
          -9.123617000000000e+01,
          3.079509860000000e+01
        ],
        [
          -9.124262200000000e+01,
          3.080461660000000e+01
        ],
        [
          -9.123059499999999e+01,
          3.081048760000000e+01
        ],
        [
          -9.123483400000001e+01,
          3.082470560000000e+01
        ],
        [
          -9.122479700000000e+01,
          3.084696260000000e+01
        ],
        [
          -9.122925900000000e+01,
          3.085339360000000e+01
        ],
        [
          -9.121965400000001e+01,
          3.086454360000000e+01
        ],
        [
          -9.122239300000000e+01,
          3.088076760000000e+01
        ],
        [
          -9.121711000000001e+01,
          3.089295060000000e+01
        ],
        [
          -9.120725200000000e+01,
          3.089196160000000e+01
        ],
        [
          -9.120885400000000e+01,
          3.091482160000000e+01
        ],
        [
          -9.118686400000000e+01,
          3.093654960000000e+01
        ],
        [
          -9.119473700000000e+01,
          3.094554960000000e+01
        ],
        [
          -9.119514900000000e+01,
          3.096291060000000e+01
        ],
        [
          -9.118214399999999e+01,
          3.097445960000000e+01
        ],
        [
          -9.117614570000001e+01,
          3.099914930000000e+01
        ],
        [
          -9.117621500000000e+01,
          3.099914960000000e+01
        ],
        [
          -9.122407400000000e+01,
          3.099918860000000e+01
        ],
        [
          -9.122484500000000e+01,
          3.099918860000000e+01
        ],
        [
          -9.124649599999999e+01,
          3.099947960000000e+01
        ],
        [
          -9.142362700000000e+01,
          3.099898960000000e+01
        ],
        [
          -9.142575500000000e+01,
          3.099901260000000e+01
        ],
        [
          -9.149739599999999e+01,
          3.099901160000000e+01
        ],
        [
          -9.150012200000000e+01,
          3.099869660000000e+01
        ],
        [
          -9.153873310000000e+01,
          3.099939360000000e+01
        ],
        [
          -9.162512409999999e+01,
          3.099917260000000e+01
        ],
        [
          -9.163694810000000e+01,
          3.099942160000000e+01
        ],
        [
          -9.164877210000000e+01,
          3.098317260000000e+01
        ]
      ]
    ],
    [
      [
        [
          -9.174755810000001e+01,
          3.102322860000000e+01
        ],
        [
          -9.175012510000001e+01,
          3.101881960000000e+01
        ],
        [
          -9.171400710000000e+01,
          3.100677360000000e+01
        ],
        [
          -9.168727210000000e+01,
          3.101814760000000e+01
        ],
        [
          -9.165832709999999e+01,
          3.099437060000000e+01
        ],
        [
          -9.164412310000000e+01,
          3.102252160000000e+01
        ],
        [
          -9.164925210000000e+01,
          3.103718860000000e+01
        ],
        [
          -9.165981410000001e+01,
          3.104399660000000e+01
        ],
        [
          -9.169661210000000e+01,
          3.103919160000000e+01
        ],
        [
          -9.172381009999999e+01,
          3.104425960000000e+01
        ],
        [
          -9.174755810000001e+01,
          3.102322860000000e+01
        ]
      ]
    ]
  ],
  ""type"": ""MultiPolygon""
}",652,22,125,22125,West Feliciana Parish,LA,43686,0,317,,2,,2,13196.896576278,,,2,,2,11287.622630393,,11528.335435013,18.7,5588,477,8.53614889,15494,8,51.632890151,,,4852,,542,1711,19.8,39.9,2229,41,,,21.994134897,,,,16.701461378,18.393898609,108096,14,,,,,,,12.951450562,146,142.35,97.5,5472,141,2.576754386,426,,,57.831325301,,10.050251256,17.4,3.795322631,756,0,68,,,16.26984127,,,,5.383022774,8.994708995,108096,15,,,,,,17.664723547,13.876554174,5.316222589,25678,155250,6.046031622,15494,89,574.4,19.063422707,,,45,,41,42,15381,15381,2460,15.993758533,15381,2491,16.195305897,15381,6761,43.956829855,15381,38,0.2470580586,15381,265,1.722904883,15381,5220,33.937975424,15310,15310,100,14757,51,0.3455986989,12,13790,105,761.4,15381,15,97.522917886,,,46629,180435,78500,68266,2163,585,27.045769764,5572,4879,,,92.239561367,,84.084372004,87.56281407,4849,2611,53.846153846,27,15381,8,0.05201222287,15381,137,0.8907093167,2476,1102,44.50726979,15625,2321.422295199,14.857102689,7981,527,6.603182559,15381,6,39.009167154,2511,55,2.190362405,0,8.5,15381,8028,52.194265652,43686,317,,,710.631408478,,,506.55188181,550.336724567,,,,,,,,,,,,,,,,,,,,15381,9,58.513750731,15310,4728,30.881776617,8.9,14.857102689,7.4,16,5,31.25,77367,94,,,108.101790984,,,137.900465414,121.498830251,4200,380,7.56302521,0.3333333333,1.30952381,9.047619048,5572,54.6,46527,25,,,58.433969614,,,53.429780938,53.732241494,1360,8.9,15494,9,5.808700142,36.692415089,38.4,11.6,16.5,,,74.264002687,,,76.967813042,76.434250317,77367,15,,,,,,,19.38811121,,,,61894,47137,0.7615762433,3822,2777,72.658294087,3484,447,12.830080367,,,32,,43,41,7.028620945,,,,,,,,,,,,,,,,,77367,21,27.143355694,,,,,,26.772272475,24.196549762,3822,3010,78.754578755,0.004343905214,11898,9917,83.350142881,2622.351,,68266,,27.369407904,645,5,7.751937984,12635,6268,49.608231104,46.2,2024,1501511329.30469,260878.334914414
"{
  ""coordinates"": [
    [
      [
        [
          -8.919004560000000e+01,
          3.381171630000000e+01
        ],
        [
          -8.919178660000000e+01,
          3.373860820000000e+01
        ],
        [
          -8.903450350000000e+01,
          3.373943630000000e+01
        ],
        [
          -8.903478050000000e+01,
          3.375416230000000e+01
        ],
        [
          -8.893160949999999e+01,
          3.375431830000000e+01
        ],
        [
          -8.893118149999999e+01,
          3.381238030000000e+01
        ],
        [
          -8.871998440000000e+01,
          3.381133630000000e+01
        ],
        [
          -8.871896950000000e+01,
          3.407452730000000e+01
        ],
        [
          -8.882452850000000e+01,
          3.407495430000000e+01
        ],
        [
          -8.913916360000000e+01,
          3.407412230000000e+01
        ],
        [
          -8.913788160000000e+01,
          3.381215030000000e+01
        ],
        [
          -8.919004560000000e+01,
          3.381171630000000e+01
        ]
      ]
    ]
  ],
  ""type"": ""MultiPolygon""
}",679,28,017,28017,Chickasaw County,MS,47075,0,383,,2,,2,15946.89284051,,,2,,2,13329.982650454,,14065.738526343,26.6,9162,1950,21.283562541,17011,10,58.785491741,,,4363,,2264,2744,23.4,44.8,3622,168,,,41.689225772,84.821428571,,,48.615800135,46.383213694,119956,18,,,22.804150355,,,,15.005502017,194,175.775,90.605670103,6618,299,4.517981263,1303,,,59.259259259,0.6134969325,21.465369204,32,4.298020664,1627,0,231,,,18.708827404,11.111111111,,,10.107816712,14.197910264,119956,45,,,36.106571396,,,40.517954519,37.513755044,5.014510836,14249,84968,5.963085129,17011,177,1040.5,13.242829242,,,44,,39,40,16812,16812,4148,24.672852724,16812,3120,18.558172734,16812,7326,43.576017131,16812,70,0.4163692601,16812,892,5.305734,16812,8520,50.678087081,17106,17106,100,15752,257,1.631538852,14.6,13997,38,271.5,16812,5,29.740661432,,,29107,,46913,43776,2732,2714,99.34114202,6566,5548,,,85.606820461,,88.099747475,84.495887907,4100,2086,50.87804878,36.3,16812,12,0.07137758744,16812,81,0.4817987152,4223,1596,37.793038125,17392,1008.603870923,5.799240288,13198,2212,16.760115169,16812,7,41.636926005,4234,284,6.707605102,0,9.4,16812,8245,49.042350702,47075,383,,,738.96569887,,,616.726516869,649.76319756,18525,24,,,147.442440739,,,,129.55465587,,,,,,,,,,,16812,21,124.910778016,17106,8836,51.654390272,16.5,5.799240288,6.7,24,1,4.166666667,85382,87,,,93.271152565,,,117.051263676,101.895013,6525,1135,15.522620905,1.53256705,0.7509578544,17.394636015,6566,38.2,,,,,,,,,,2830,16.5,17011,18,10.581388513,24.986890481,38,14.2,18,,,69.918394796,,,72.709048526,71.961063869,85382,21,,,29.313790806,,,,24.595347966,,,,45881,30181,0.6578104226,6767,4590,67.829170977,6295,926,14.710087371,,,35,,41,40,0.7731260737,1900,6,0,3.157894737,,,2.787309708,,3.152162309,2.897780936,,,3.019571354,,3.355341676,3.148647131,,,,,,,,,,,6767,4619,68.257721295,0.1131908128,11468,8720,76.037670038,-38671.2,,43776,,16.984192251,1232,10,8.116883117,12600,8141,64.611111111,57.4,2024,1903007918.63281,195099.068465537
"{
  ""coordinates"": [
    [
      [
        [
          -8.932260350000000e+01,
          3.257643900000000e+01
        ],
        [
          -8.932269750000000e+01,
          3.222347790000000e+01
        ],
        [
          -8.891385240000000e+01,
          3.222419190000000e+01
        ],
        [
          -8.891559839999999e+01,
          3.255843800000000e+01
        ],
        [
          -8.891452140000000e+01,
          3.257696100000000e+01
        ],
        [
          -8.931759350000000e+01,
          3.257646400000000e+01
        ],
        [
          -8.932260350000000e+01,
          3.257643900000000e+01
        ]
      ]
    ]
  ],
  ""type"": ""MultiPolygon""
}",680,28,101,28101,Newton County,MS,58468,0,470,43080.9001369,,,2,17027.519985705,,,2,,2,12291.071643741,,15079.74075802,24,11549,2378,20.590527318,21056,3,14.247720365,,,5256,,3441,3640,21.6,42.7,5667,169,106.557377049,,26.5,,,,23.942276156,29.82177519,148873,20,,,24.050549883,,,,13.434269478,262,232.3,88.664122137,7988,342,4.281422133,1300,,,47.657605552,76.923076923,21.028744327,25.8,4.170286771,2032,0,253,5.172413793,,19.587628866,,,,9.342230696,12.450787402,148873,62,,,50.287513392,,,33.200163787,41.646235382,5.217397313,21151,102370,4.839960286,21056,124,588.9,13.812205585,,,42,,43,42,21029,21029,5124,24.366351229,21029,3704,17.613771458,21029,6555,31.171239717,21029,1185,5.635075372,21029,471,2.239764135,21029,10900,51.833182748,21291,21291,100,19915,3,0.01506402209,13.5,17475,47,269,21029,7,33.287365067,29200,,35720,,61006,47320,3476,3461,99.568469505,8429,7094,,,82.075471698,,86.248561565,84.16182228,4811,3058,63.562668884,32.7,21029,8,0.03804270293,21029,106,0.5040658139,5095,2007,39.391560353,21720,1952.707901383,8.99036787,16513,2743,16.611154848,21029,5,23.776689334,5236,401,7.658517953,0,9.4,21029,12542,59.641447525,58468,470,1823.939624405,,799.188515767,,,545.347329732,664.341853063,24060,23,,,,,,117.915258234,95.594347465,2011,21,,,,,,,,10.442565888,21029,22,104.617433069,21291,13589,63.825090414,17.7,8.99036787,6.1,24,9,37.5,105568,114,199.673261935,,107.319167203,,,103.625315979,107.987268869,7925,855,7.667316439,3.09148265,1.072555205,10.788643533,8429,46.1,,,,,,,,,,3800,17.7,21056,33,15.672492401,35.256745166,32.4,13.5,17.9,,,68.440378234,,,72.647640585,70.536675423,105568,21,,,,,,20.411047087,19.892391634,,,,45308,35828,0.7907654277,7706,6135,79.613288347,7137,527,7.384054925,32,,22,,29,28,5.920560782,2500,7,-888,,,,2.876887104,,3.317897292,3.135893629,,,2.903818308,,3.435445783,3.200852834,105568,16,15.156107911,,,,,,13.515792086,15.736003491,7706,5326,69.114975344,0.2533810738,13646,11700,85.739410816,-17501.965,,47320,,16.646238377,1341,9,6.711409396,15920,10183,63.963567839,57.7,2024,2112595448.56641,183990.20267552
"{
  ""coordinates"": [
    [
      [
        [
          -9.148174000000000e+01,
          3.051103450000000e+01
        ],
        [
          -9.148516100000001e+01,
          3.049728750000000e+01
        ],
        [
          -9.145316699999999e+01,
          3.047508350000000e+01
        ],
        [
          -9.139450300000000e+01,
          3.040864950000000e+01
        ],
        [
          -9.139457700000000e+01,
          3.039482250000000e+01
        ],
        [
          -9.136364900000000e+01,
          3.038419250000000e+01
        ],
        [
          -9.133720800000000e+01,
          3.035344550000000e+01
        ],
        [
          -9.132540800000000e+01,
          3.034752250000000e+01
        ],
        [
          -9.131974599999999e+01,
          3.034467950000000e+01
        ],
        [
          -9.131129100000000e+01,
          3.032247750000000e+01
        ],
        [
          -9.114211090000001e+01,
          3.032329850000000e+01
        ],
        [
          -9.115411090000001e+01,
          3.033919850000000e+01
        ],
        [
          -9.119451290000001e+01,
          3.034699850000000e+01
        ],
        [
          -9.122261290000000e+01,
          3.034059850000000e+01
        ],
        [
          -9.123953990000000e+01,
          3.035158950000000e+01
        ],
        [
          -9.123391390000000e+01,
          3.037529750000000e+01
        ],
        [
          -9.121526190000000e+01,
          3.039401550000000e+01
        ],
        [
          -9.119906190000000e+01,
          3.042228450000000e+01
        ],
        [
          -9.119591290000000e+01,
          3.043959550000000e+01
        ],
        [
          -9.119611990000000e+01,
          3.045270450000000e+01
        ],
        [
          -9.119621290000001e+01,
          3.045779550000000e+01
        ],
        [
          -9.120081390000000e+01,
          3.051769450000000e+01
        ],
        [
          -9.120931390000000e+01,
          3.052299450000000e+01
        ],
        [
          -9.126273999999999e+01,
          3.050524350000000e+01
        ],
        [
          -9.128148400000001e+01,
          3.050612050000000e+01
        ],
        [
          -9.128436499999999e+01,
          3.051534450000000e+01
        ],
        [
          -9.124606400000000e+01,
          3.053585650000000e+01
        ],
        [
          -9.124309599999999e+01,
          3.055314550000000e+01
        ],
        [
          -9.126712700000000e+01,
          3.057252750000000e+01
        ],
        [
          -9.130586000000000e+01,
          3.057303250000000e+01
        ],
        [
          -9.131441200000000e+01,
          3.057882250000000e+01
        ],
        [
          -9.131528800000000e+01,
          3.059429350000000e+01
        ],
        [
          -9.130186900000000e+01,
          3.060950250000000e+01
        ],
        [
          -9.129282700000000e+01,
          3.063154450000000e+01
        ],
        [
          -9.129766400000000e+01,
          3.064955350000000e+01
        ],
        [
          -9.131006700000000e+01,
          3.065396650000000e+01
        ],
        [
          -9.132226199999999e+01,
          3.065603050000000e+01
        ],
        [
          -9.133087600000000e+01,
          3.065868250000000e+01
        ],
        [
          -9.130975800000000e+01,
          3.065009150000000e+01
        ],
        [
          -9.132002000000000e+01,
          3.063281650000000e+01
        ],
        [
          -9.136527800000000e+01,
          3.058863750000000e+01
        ],
        [
          -9.136497199999999e+01,
          3.056959650000000e+01
        ],
        [
          -9.139756100000000e+01,
          3.056889450000000e+01
        ],
        [
          -9.140768500000000e+01,
          3.054034750000000e+01
        ],
        [
          -9.141482100000000e+01,
          3.051143250000000e+01
        ],
        [
          -9.148174000000000e+01,
          3.051103450000000e+01
        ]
      ]
    ]
  ],
  ""type"": ""MultiPolygon""
}",691,22,121,22121,West Baton Rouge Parish,LA,76455,0,448,,2,,2,13903.409058108,,,2,,2,8878.022146124,,10636.020940028,18.4,16059,1525,9.496232642,27792,5,17.990788716,,,5065,,2682,3732,20,41.7,5525,117,,,22.868217054,,,,17.788089714,21.176470588,185026,26,,,24.671390781,,,,14.052079167,248,225.68,91,14085,459,3.258785942,1256,,,31.857279388,,9.31122449,18.3,3.938185891,2537,0,280,,,14.990512334,9.489051095,,,8.21181888,11.036657469,185026,44,,,31.524554887,,,14.66175335,23.780441668,5.68846874,31263,137625,4.402168698,27792,232,834.8,18.227298745,,,43,,50,47,28034,28034,6927,24.709281587,28034,4202,14.988941999,28034,11500,41.021616608,28034,72,0.2568309909,28034,1006,3.588499679,28034,14330,51.116501391,27199,7100,26.103900879,25611,158,0.6169224161,11.5,22916,118,514.9,28034,27,96.311621602,,,55931,86389,94622,71362,4150,2682,64.626506024,12469,10628,,,86.618575293,,84.830821723,85.235383752,8808,5527,62.749772934,27.9,28034,14,0.04993935935,28034,191,0.6813155454,6410,2151,33.556942278,23788,1732.693338316,7.283896664,22706,1789,7.87897472,28034,5,17.835485482,6943,285,4.10485381,0,9,28034,14909,53.18185061,76455,448,,,652.478100617,,,403.706381951,487.918524594,28272,20,,,80.938891137,,,73.719130114,70.741369553,2589,20,,,,,,,,7.724990344,28034,18,64.207747735,27199,23241,85.447994412,10,7.283896664,8,60,23,38.333333333,133741,148,,,120.645453174,,,106.309032179,110.661651999,9610,1035,8.33157339,2.445369407,0.98855359,10.770031217,12469,39,81049,33,,,,,,56.722784408,40.716110008,2720,10,27792,14,5.037420841,20.261512184,38,12,18.1,,,71.325969376,,,77.347276911,75.305349143,133741,26,,,32.046448499,,,,19.440560486,,,,63539,47092,0.741151104,10080,7582,75.218253968,9646,900,9.330292349,,,38,,46,44,41.632656413,,,,,,,,,,,,,,,,,133741,20,14.954277297,,,,,,18.894253334,13.089227124,10080,8885,88.14484127,0.06648231344,19426,17203,88.556573664,369.2832,,71362,,26.182001626,1766,8,4.530011325,20000,14097,70.485,61.2,2024,707728202.125,162158.374111051
"{
  ""coordinates"": [
    [
      [
        [
          -8.891452140000000e+01,
          3.257696100000000e+01
        ],
        [
          -8.891559839999999e+01,
          3.255843800000000e+01
        ],
        [
          -8.891385240000000e+01,
          3.222419190000000e+01
        ],
        [
          -8.843129930000001e+01,
          3.222766060000000e+01
        ],
        [
          -8.842828330000000e+01,
          3.225014900000000e+01
        ],
        [
          -8.842145830000000e+01,
          3.230868600000000e+01
        ],
        [
          -8.841382430000000e+01,
          3.237392800000000e+01
        ],
        [
          -8.841250530000001e+01,
          3.238003100000000e+01
        ],
        [
          -8.840379430000000e+01,
          3.244977600000000e+01
        ],
        [
          -8.840379430000000e+01,
          3.244989100000000e+01
        ],
        [
          -8.839997130000000e+01,
          3.248542100000000e+01
        ],
        [
          -8.838886250000000e+01,
          3.257812900000000e+01
        ],
        [
          -8.891452140000000e+01,
          3.257696100000000e+01
        ]
      ]
    ]
  ],
  ""type"": ""MultiPolygon""
}",703,28,075,28075,Lauderdale County,MS,203474,0,1669,,2,,2,16264.156607286,,,2,,2,12223.505300671,,14000.068091261,23.8,38713,6415,16.570661018,72088,73,101.265120408,,,5185,,2962,3596,21.1,43.3,16709,529,,,39.173384808,25.925925926,,,23.396880416,31.659584655,527715,109,,,35.616402656,,,9.094282243,20.655088447,794,706.54,88.98488665,28832,1168,4.051054384,5646,,70.731707317,53.128140704,31.730769231,16.295588034,34.8,3.855357952,6351,0,880,,,17.46031746,7.272727273,,,10.23054755,13.856085656,527715,115,,,17.373854954,,,26.191532859,21.792065793,4.847272893,15706,101048,6.433719598,72088,393,545.2,13.766177674,,29,45,,49,48,70904,70904,16522,23.301929369,70904,13237,18.668904434,70904,31709,44.721031254,70904,284,0.4005415773,70904,1675,2.362349092,70904,36468,51.432923389,72984,39175,53.676148197,68384,182,0.2661441273,13.3,60363,291,482.1,70904,246,346.947986009,,54500,25697,37031,64808,49351,10631,10595,99.661367698,29647,23957,,,77.597428686,,86.43753136,80.807501602,18238,11457,62.819388091,33,70904,38,0.05359359133,70904,577,0.8137763737,17049,7738,45.386826207,80261,13920.736079796,17.344334209,54753,7335,13.396526218,70904,52,73.338598669,16826,1021,6.067990015,0,9.6,70904,36063,50.861728534,203474,1669,,,751.135937506,,,578.274563407,645.809732224,76598,76,,,113.119196065,,,81.185915747,99.219300765,6488,66,,,12.277470841,,,,7.638888889,10.172626387,70904,161,227.067584339,72984,44054,60.361175052,17.2,17.344334209,5.4,87,10,11.494252874,371436,361,,,92.571022205,,,104.491035085,97.190363885,29720,4975,15.203573269,1.665545087,0.9925975774,16.739569314,29647,21.3,219964,19,,,,,,9.725304358,8.637777091,12670,17.2,72088,117,16.230163134,55.428206407,38.2,12.7,16.8,,,69.961384292,,,72.738063027,71.62580101,371436,114,,,42.913718903,,,21.83394763,30.691693858,3662,363,9.912616057,46827,36618,0.7819847524,28349,17766,62.668877209,26886,4730,17.592799226,,31,27,,37,35,42.109763436,7900,85,67,19.240506329,,,2.431004387,2.904934382,3.382378156,2.804808022,,,2.511236621,2.990258094,3.306884252,2.825975935,371436,52,13.999720006,,,6.278670544,,,21.018443131,14.253742229,28349,23004,81.145719426,0.3287725269,49448,41632,84.193496198,-12999.288,,49351,,18.601446779,4433,30,6.767426122,57070,31247,54.752058875,56.8,2024,2604650570.98047,205202.865154279
"{
  ""coordinates"": [
    [
      [
        [
          -8.888504330000001e+01,
          3.091079370000000e+01
        ],
        [
          -8.888453930000000e+01,
          3.073559660000000e+01
        ],
        [
          -8.883408630000000e+01,
          3.073424160000000e+01
        ],
        [
          -8.841245580000000e+01,
          3.073560330000000e+01
        ],
        [
          -8.841863520000000e+01,
          3.086653370000000e+01
        ],
        [
          -8.841956720000000e+01,
          3.087519170000000e+01
        ],
        [
          -8.842564140000000e+01,
          3.099830680000000e+01
        ],
        [
          -8.883434430000000e+01,
          3.099798870000000e+01
        ],
        [
          -8.883448030000000e+01,
          3.091032870000000e+01
        ],
        [
          -8.888504330000001e+01,
          3.091079370000000e+01
        ]
      ]
    ]
  ],
  ""type"": ""MultiPolygon""
}",735,28,039,28039,George County,MS,69664,0,565,,2,,2,17719.744351812,1,,2,,2,12658.683033136,,12897.386220061,21.7,14104,2583,18.313953488,24762,11,44.422906066,,,,,3629,3576,21.4,39.3,5509,208,,,55.696202532,,,,37.648054146,37.75639862,169099,13,,,,,,,7.687804186,244,229.36,94,8732,437,5.004580852,1346,,,71.634615385,56.25,21.280532939,20.5,4.066413588,2468,0,206,,,19.298245614,,,,7.434270172,8.346839546,169099,83,,,,,,48.222884815,49.083672878,5.010055819,20254,104668,5.16776933,24762,115,464.4,15.583434821,,,15,,35,34,25206,25206,6687,26.529397762,25206,3765,14.936919781,25206,1914,7.593430136,25206,121,0.4800444339,25206,856,3.396016821,25206,12435,49.333492026,24350,24350,100,22651,117,0.5165334864,11.4,20035,32,159.7,25206,14,55.542331191,,,22757,,54712,61956,4083,4059,99.412196914,8328,6648,,,,,78.324049407,79.827089337,6336,3429,54.119318182,31.4,25206,2,0.007934618742,25206,191,0.7577560898,6478,1578,24.359370176,22578,1281.862183121,5.677483316,20660,3031,14.670861568,25206,8,31.738474966,6827,482,7.060202139,0,9.2,25206,21763,86.340553836,69664,565,,,740.343545973,,,676.86237551,673.797058864,28066,16,,,,,,50.401108824,57.008480011,,,,,,,,,,,25206,10,39.673093708,24350,8514,34.965092402,19.2,5.677483316,6.2,42,7,16.666666667,122031,139,,,138.268453521,,,113.225706009,113.905483033,8085,950,8.832807571,2.597402597,1.410018553,11.750154607,8328,50.4,73687,14,,,,,,20.320437671,18.999280742,4670,19.2,24762,23,9.288425814,62.554187705,32.6,13.1,17.6,,,69.379378206,,,70.875879938,70.903803941,122031,18,,,,,,12.266118151,14.750350321,,,,57309,41469,0.7236036225,8978,7354,81.911338828,8336,1095,13.135796545,,,15,,22,22,4.874499283,2800,30,15,16.071428571,,,2.46695472,,3.096648667,3.032277698,,,2.43983537,,2.898787047,2.852146422,122031,19,15.569814228,,,,,,18.187517858,15.757476071,8978,6779,75.506794386,0.05571627665,16155,13897,86.022903126,-2263.582,,61956,,13.433727161,1878,7,3.727369542,17430,11049,63.39070568,54.7,2024,1706488092.39062,171873.076056801
"{
  ""coordinates"": [
    [
      [
        [
          -9.073628789999999e+01,
          3.178613980000000e+01
        ],
        [
          -9.073682990000000e+01,
          3.169849680000000e+01
        ],
        [
          -9.041420380000000e+01,
          3.170046180000000e+01
        ],
        [
          -9.041364580000000e+01,
          3.168528580000000e+01
        ],
        [
          -9.037941480000001e+01,
          3.168519980000000e+01
        ],
        [
          -9.038008480000001e+01,
          3.170021080000000e+01
        ],
        [
          -9.027995880000000e+01,
          3.169987080000000e+01
        ],
        [
          -9.025900870000000e+01,
          3.170392180000000e+01
        ],
        [
          -9.024519669999999e+01,
          3.171752980000000e+01
        ],
        [
          -9.018414470000000e+01,
          3.173146780000000e+01
        ],
        [
          -9.013127969999999e+01,
          3.175605380000000e+01
        ],
        [
          -9.012257070000000e+01,
          3.175268580000000e+01
        ],
        [
          -9.012880470000000e+01,
          3.176592180000000e+01
        ],
        [
          -9.010749670000000e+01,
          3.177769080000000e+01
        ],
        [
          -9.011098670000000e+01,
          3.178927180000000e+01
        ],
        [
          -9.014076270000000e+01,
          3.178935880000000e+01
        ],
        [
          -9.015070770000000e+01,
          3.179987780000000e+01
        ],
        [
          -9.013602969999999e+01,
          3.181897380000000e+01
        ],
        [
          -9.015892370000000e+01,
          3.184318480000000e+01
        ],
        [
          -9.013891570000000e+01,
          3.184810980000000e+01
        ],
        [
          -9.013255770000001e+01,
          3.185692880000000e+01
        ],
        [
          -9.014572170000000e+01,
          3.189287280000000e+01
        ],
        [
          -9.017028170000000e+01,
          3.190447780000000e+01
        ],
        [
          -9.016833070000000e+01,
          3.193055480000000e+01
        ],
        [
          -9.017870370000000e+01,
          3.194266880000000e+01
        ],
        [
          -9.019453369999999e+01,
          3.193963380000000e+01
        ],
        [
          -9.019281669999999e+01,
          3.195312380000000e+01
        ],
        [
          -9.020702870000000e+01,
          3.197767680000000e+01
        ],
        [
          -9.020610170000000e+01,
          3.198799680000000e+01
        ],
        [
          -9.022295470000000e+01,
          3.198916480000000e+01
        ],
        [
          -9.023267280000000e+01,
          3.200830380000000e+01
        ],
        [
          -9.022093380000000e+01,
          3.201891080000000e+01
        ],
        [
          -9.023917980000000e+01,
          3.201952080000000e+01
        ],
        [
          -9.024790480000000e+01,
          3.203166890000000e+01
        ],
        [
          -9.023033680000000e+01,
          3.204973390000000e+01
        ],
        [
          -9.071830290000000e+01,
          3.204835780000000e+01
        ],
        [
          -9.071441090000000e+01,
          3.197763480000000e+01
        ],
        [
          -9.071579890000000e+01,
          3.196397080000000e+01
        ],
        [
          -9.071679090000001e+01,
          3.184458880000000e+01
        ],
        [
          -9.073300589999999e+01,
          3.182998180000000e+01
        ],
        [
          -9.073628789999999e+01,
          3.178613980000000e+01
        ]
      ]
    ]
  ],
  ""type"": ""MultiPolygon""
}",739,28,029,28029,Copiah County,MS,77737,0,645,,2,,2,16504.958247482,,,2,,2,11374.863027027,,13805.140948823,24.2,15628,2916,18.658817507,27995,7,25.004465083,,,3600,,2674,2934,21.1,43.7,7375,236,,,34.273213418,102.941176471,,,22.151898734,32,198307,31,,,26.588935064,,,,15.632327654,267,215.925,80.870786517,10775,475,4.408352668,2490,,,45.520513536,55.220417633,24.28638278,41.7,4.082606806,2384,0,346,,,19.14556962,8.088235294,,,9.386281588,14.513422819,198307,64,,,32.4975873,,,32.148064801,32.273192575,5.044258444,18767,103933,5.538072148,27995,340,1214.5,13.101697474,,,36,,42,41,27719,27719,6097,21.995742992,27719,5438,19.618312349,27719,13857,49.990980916,27719,79,0.2850030665,27719,1128,4.069410873,27719,14312,51.632454273,28368,23311,82.17357586,26560,47,0.1769578313,13.8,23682,104,439.2,27719,18,64.937407554,,,39678,42424,63750,43308,3711,3708,99.919159256,10527,9194,,,86.441256831,,82.748815166,87.337323074,6171,3886,62.971965646,33,27719,13,0.04689923879,27719,144,0.5194992604,6352,2809,44.222292191,29449,4011.712754772,13.622577184,21637,3271,15.117622591,27719,12,43.291605036,6401,399,6.233401031,0,9,27719,12213,44.060031026,77737,645,,,793.089072809,,,503.867566922,630.451474875,29634,25,,,94.972398647,,,,84.362556523,,,,,,,,,,,27719,11,39.683971283,28368,15795,55.67893401,14.5,13.622577184,6.4,48,4,8.333333333,141052,132,,,99.589194572,,,92.467920121,93.582508578,9570,1200,7.86637931,2.351097179,2.925809822,12.539184953,10527,47,,,,,,,,,,4130,14.5,27995,31,11.073405965,42.333554082,37,13.2,17.2,,,69.641656586,,,74.493806915,72.223686462,141052,42,,,38.729131223,,,22.711418977,29.776252729,,,,46478,35143,0.7561211756,9841,7505,76.262574942,9027,818,9.061703778,,,34,,48,44,13.729758405,3000,43,22,21.666666667,,,2.628192366,,3.319668688,2.805680137,,,2.683569055,,2.97943052,2.750459289,141052,20,14.179167966,,,,,,23.336632543,14.212166193,9841,6968,70.805812417,0.3000725077,18528,15728,84.887737478,-18592.89,,43308,,19.088851944,1730,15,8.670520231,21615,12883,59.602128152,54.7,2024,2795866961.75,232870.131340397
"{
  ""coordinates"": [
    [
      [
        [
          -8.908807059999999e+01,
          3.481531350000000e+01
        ],
        [
          -8.908849360000001e+01,
          3.459825340000000e+01
        ],
        [
          -8.873544550000000e+01,
          3.459648940000000e+01
        ],
        [
          -8.871779950000000e+01,
          3.459647840000000e+01
        ],
        [
          -8.871851350000000e+01,
          3.475678750000000e+01
        ],
        [
          -8.875307050000001e+01,
          3.475696650000000e+01
        ],
        [
          -8.875296150000000e+01,
          3.485878150000000e+01
        ],
        [
          -8.882347849999999e+01,
          3.485863550000000e+01
        ],
        [
          -8.882305430000000e+01,
          3.499516410000000e+01
        ],
        [
          -8.885104250000001e+01,
          3.499509150000000e+01
        ],
        [
          -8.888698460000001e+01,
          3.499587450000000e+01
        ],
        [
          -8.892524659999999e+01,
          3.499484850000000e+01
        ],
        [
          -8.901713270000000e+01,
          3.499495190000000e+01
        ],
        [
          -8.901755660000001e+01,
          3.485872950000000e+01
        ],
        [
          -8.903501460000000e+01,
          3.485876850000000e+01
        ],
        [
          -8.903534560000000e+01,
          3.481526650000000e+01
        ],
        [
          -8.908807059999999e+01,
          3.481531350000000e+01
        ]
      ]
    ]
  ],
  ""type"": ""MultiPolygon""
}",741,28,139,28139,Tippah County,MS,60912,0,490,,2,,2,15557.391387932,,,2,,2,12406.66356782,,12556.306716342,24.3,12463,2434,19.529808232,21635,2,9.244280102,,,4356,,4177,4177,23.7,40,5281,181,,,29.441624365,34.810126582,,,37.095919449,34.273811778,153683,19,,,,,,12.689496481,12.363111079,280,259,92.5,9746,332,3.406525754,1077,,,16.46884273,54.933333333,22.469798658,22,4.207872376,1847,0,199,,,17.627118644,,,,9.711470795,10.774228479,153683,40,,,43.604074999,,,22.841093665,26.027602272,5.230022208,22573,92687,4.106100208,21635,95,439.1,14.636149138,,,32,,32,32,21431,21431,4993,23.298026224,21431,3782,17.647333302,21431,3417,15.944192991,21431,113,0.5272735757,21431,1032,4.815454249,21431,10971,51.192198218,21815,21815,100,20644,263,1.273977911,12.6,18076,31,171.5,21431,28,130.651859456,38500,,42217,37857,49043,52635,3827,3803,99.372876927,9100,7662,,,90.875232775,,87.0558799,84.197802198,4925,2847,57.807106599,33,21431,6,0.02799682703,21431,62,0.2893005459,5172,1348,26.063418407,22232,412.0718903,1.853507963,17567,2797,15.921899015,21431,4,18.664551351,5359,398,7.426758724,0,8.5,21431,16524,77.10326163,60912,490,,,858.365896877,,,615.158917071,633.744884894,23340,11,,,,,,,47.129391602,,,,,,,,,,,21431,26,121.319583781,21815,9812,44.978225991,18.4,1.853507963,6.7,23,5,21.739130435,109362,98,,,111.006271854,,,89.27402364,89.610650866,7840,1030,10.091264668,2.869897959,0.7653061224,13.137755102,9100,30.8,,,,,,,,,,4020,18.4,21635,40,18.488560203,39.59512416,36.1,14,18.3,,,68.870137962,,,72.105614572,71.933411033,109362,32,,,,,,29.75800788,29.260620691,,,,48354,33895,0.7009761343,8091,5879,72.660981337,7407,765,10.328068044,,,39,,43,43,13.869653655,2500,23,19,16.8,,,2.65707163,3.00909976,3.217534784,3.085049359,,,2.745753574,3.004256124,3.063993017,2.969706129,109362,21,19.202282328,,,,,,19.533464283,19.120585621,8091,5968,73.760968978,0.1376528022,14263,11304,79.254013882,-9451.0095,,52635,,12.998955068,1134,6,5.291005291,16465,10102,61.354388096,56,2024,1770493096.54297,190214.015695271
"{
  ""coordinates"": [
    [
      [
        [
          -9.045057790000000e+01,
          3.426240830000000e+01
        ],
        [
          -9.045098690000000e+01,
          3.407293830000000e+01
        ],
        [
          -9.013570080000000e+01,
          3.407290630000000e+01
        ],
        [
          -9.013546180000000e+01,
          3.416008030000000e+01
        ],
        [
          -9.013444690000000e+01,
          3.426520130000000e+01
        ],
        [
          -9.019409190000000e+01,
          3.430141330000000e+01
        ],
        [
          -9.019763990000000e+01,
          3.434025730000000e+01
        ],
        [
          -9.019854190000000e+01,
          3.451109440000000e+01
        ],
        [
          -9.030432290000000e+01,
          3.450962740000000e+01
        ],
        [
          -9.030185690000000e+01,
          3.442455230000000e+01
        ],
        [
          -9.039950390000000e+01,
          3.442381330000000e+01
        ],
        [
          -9.039901990000000e+01,
          3.426153030000000e+01
        ],
        [
          -9.045057790000000e+01,
          3.426240830000000e+01
        ]
      ]
    ]
  ],
  ""type"": ""MultiPolygon""
}",759,28,119,28119,Quitman County,MS,17977,0,218,,2,,2,20375.398235778,,,2,,2,20145.791599762,1,19691.773195587,33.4,3336,634,19.004796163,5935,0,,,,5275,,4588,4945,27.6,48.3,1441,63,,,46.070460705,,,,47.43083004,43.719639139,,,,,,,,,,75,58.125,77.5,2305,130,5.639913232,612,,,47.916666667,,33.992094862,47.4,4.942985592,561,0,95,,,18.906605923,,,,10.344827586,16.934046346,48642,21,,,46.47245055,,,,43.172566917,5.627799881,12282,66486,5.413287738,5935,89,1499.6,10.762996913,,,26,,27,26,5701,5701,1313,23.031047185,5701,1043,18.295035959,5701,4114,72.16277846,5701,23,0.4034379933,5701,112,1.96456762,5701,2990,52.446939133,6176,6176,100,5742,2,0.03483106931,19.1,4996,20,400.3,5701,2,35.081564638,,,26131,,57214,40255,898,898,100,2126,1725,,,81.913303438,,88.323917137,81.138287865,1434,789,55.020920502,42.2,5701,3,0.05262234696,5701,15,0.2631117348,1395,807,57.849462366,8223,5147.591235078,62.599917732,4575,691,15.103825137,5701,1,17.540782319,1316,63,4.787234043,0,8.7,5701,1367,23.97824943,17977,218,,,961.856029976,,,910.047823512,925.634934024,,,,,,,,,,,,,,,,,,,,5701,5,87.703911594,6176,171,2.768782383,20.3,62.599917732,0,15,3,20,33807,41,,,99.676052828,,,198.807157058,121.27665868,3020,515,14.431239389,2.814569536,0.3311258278,17.052980132,2126,50.5,,,,,,,,,,1290,20.3,5935,7,11.794439764,33.799138118,40,16.8,19.9,,,66.309020246,,,,66.991579534,,,,,,,,,,,,,39615,32967,0.8321847785,2656,1523,57.34186747,2323,372,16.013775291,,,27,,29,29,3.664643475,700,6,9,21.428571429,,,3.089951835,,,3.06974594,,,2.988011407,,,3.002893277,,,,,,,,,,,2656,1681,63.290662651,,4174,3139,75.203641591,-46067.17,,40255,,19.229909328,373,2,5.361930295,5390,3226,59.851576994,46.8,2024,1541920631.18359,184765.303750264
"{
  ""coordinates"": [
    [
      [
        [
          -9.384019780000000e+01,
          3.295435290000000e+01
        ],
        [
          -9.384370580000000e+01,
          3.294783790000000e+01
        ],
        [
          -9.382927479999999e+01,
          3.294641890000000e+01
        ],
        [
          -9.381599580000000e+01,
          3.294334190000000e+01
        ],
        [
          -9.380562879999999e+01,
          3.293689290000000e+01
        ],
        [
          -9.380872380000000e+01,
          3.292209390000000e+01
        ],
        [
          -9.381642780000000e+01,
          3.290994490000000e+01
        ],
        [
          -9.382070080000000e+01,
          3.289260890000000e+01
        ],
        [
          -9.381165380000000e+01,
          3.287462790000000e+01
        ],
        [
          -9.380299880000000e+01,
          3.287261690000000e+01
        ],
        [
          -9.380042779999999e+01,
          3.286580590000000e+01
        ],
        [
          -9.380309480000000e+01,
          3.286011290000000e+01
        ],
        [
          -9.380981180000001e+01,
          3.285622290000000e+01
        ],
        [
          -9.381367779999999e+01,
          3.285091390000000e+01
        ],
        [
          -9.380924880000001e+01,
          3.284891090000000e+01
        ],
        [
          -9.380471480000000e+01,
          3.284756590000000e+01
        ],
        [
          -9.379667880000000e+01,
          3.285096390000000e+01
        ],
        [
          -9.379446880000000e+01,
          3.285580990000000e+01
        ],
        [
          -9.379218380000000e+01,
          3.285961190000000e+01
        ],
        [
          -9.378598380000000e+01,
          3.285991790000000e+01
        ],
        [
          -9.378543080000000e+01,
          3.285567590000000e+01
        ],
        [
          -9.378540280000000e+01,
          3.285079890000000e+01
        ],
        [
          -9.378675180000000e+01,
          3.283301290000000e+01
        ],
        [
          -9.379434180000000e+01,
          3.281250890000000e+01
        ],
        [
          -9.380694280000000e+01,
          3.280446890000000e+01
        ],
        [
          -9.381983780000000e+01,
          3.279951190000000e+01
        ],
        [
          -9.382397680000000e+01,
          3.278896990000000e+01
        ],
        [
          -9.381461480000000e+01,
          3.278348790000000e+01
        ],
        [
          -9.380994680000001e+01,
          3.278989190000000e+01
        ],
        [
          -9.380397379999999e+01,
          3.279634690000000e+01
        ],
        [
          -9.379561080000001e+01,
          3.279960990000000e+01
        ],
        [
          -9.378701270000001e+01,
          3.279352490000000e+01
        ],
        [
          -9.378414570000000e+01,
          3.278749690000000e+01
        ],
        [
          -9.378449370000000e+01,
          3.277576190000000e+01
        ],
        [
          -9.378858169999999e+01,
          3.276382690000000e+01
        ],
        [
          -9.379957770000000e+01,
          3.275296390000000e+01
        ],
        [
          -9.381821979999999e+01,
          3.273900490000000e+01
        ],
        [
          -9.382307980000000e+01,
          3.272875390000000e+01
        ],
        [
          -9.382538080000000e+01,
          3.271976690000000e+01
        ],
        [
          -9.381293580000001e+01,
          3.271817490000000e+01
        ],
        [
          -9.380256869999999e+01,
          3.272616590000000e+01
        ],
        [
          -9.378976070000000e+01,
          3.272536390000000e+01
        ],
        [
          -9.378290770000000e+01,
          3.270629580000000e+01
        ],
        [
          -9.378649670000000e+01,
          3.268900780000000e+01
        ],
        [
          -9.378833070000000e+01,
          3.267828080000000e+01
        ],
        [
          -9.377945769999999e+01,
          3.266966180000000e+01
        ],
        [
          -9.377423870000000e+01,
          3.267541080000000e+01
        ],
        [
          -9.376437070000000e+01,
          3.267804180000000e+01
        ],
        [
          -9.375554769999999e+01,
          3.267204880000000e+01
        ],
        [
          -9.375639169999999e+01,
          3.266667280000000e+01
        ],
        [
          -9.376717669999999e+01,
          3.266268880000000e+01
        ],
        [
          -9.377500670000001e+01,
          3.266131680000000e+01
        ],
        [
          -9.377341770000000e+01,
          3.265161880000000e+01
        ],
        [
          -9.377034770000000e+01,
          3.264774580000000e+01
        ],
        [
          -9.376673270000001e+01,
          3.264414980000000e+01
        ],
        [
          -9.377027769999999e+01,
          3.263957380000000e+01
        ],
        [
          -9.377670569999999e+01,
          3.264243280000000e+01
        ],
        [
          -9.377991870000000e+01,
          3.264514380000000e+01
        ],
        [
          -9.378331570000000e+01,
          3.264654480000000e+01
        ],
        [
          -9.378404370000000e+01,
          3.263978180000000e+01
        ],
        [
          -9.377665370000000e+01,
          3.263686080000000e+01
        ],
        [
          -9.376600470000000e+01,
          3.263720980000000e+01
        ],
        [
          -9.375517670000001e+01,
          3.263442780000000e+01
        ],
        [
          -9.375302170000001e+01,
          3.261711880000000e+01
        ],
        [
          -9.375686770000000e+01,
          3.261132880000000e+01
        ],
        [
          -9.375365669999999e+01,
          3.260368880000000e+01
        ],
        [
          -9.374545670000001e+01,
          3.260336580000000e+01
        ],
        [
          -9.374114470000001e+01,
          3.260093780000000e+01
        ],
        [
          -9.374879270000000e+01,
          3.259700380000000e+01
        ],
        [
          -9.375744370000000e+01,
          3.259810880000000e+01
        ],
        [
          -9.376406270000000e+01,
          3.259665880000000e+01
        ],
        [
          -9.376488970000000e+01,
          3.258986680000000e+01
        ],
        [
          -9.375564070000000e+01,
          3.258772180000000e+01
        ],
        [
          -9.374672870000001e+01,
          3.259177080000000e+01
        ],
        [
          -9.373605670000001e+01,
          3.258607480000000e+01
        ],
        [
          -9.373778470000001e+01,
          3.257794680000000e+01
        ],
        [
          -9.375436070000001e+01,
          3.256507580000000e+01
        ],
        [
          -9.376128670000000e+01,
          3.256280280000000e+01
        ],
        [
          -9.376676270000000e+01,
          3.255668880000000e+01
        ],
        [
          -9.376583170000001e+01,
          3.255236980000000e+01
        ],
        [
          -9.375422370000000e+01,
          3.254840380000000e+01
        ],
        [
          -9.374731570000000e+01,
          3.254921180000000e+01
        ],
        [
          -9.373689370000000e+01,
          3.254628180000000e+01
        ],
        [
          -9.373401770000000e+01,
          3.254035880000000e+01
        ],
        [
          -9.373115170000000e+01,
          3.253739280000000e+01
        ],
        [
          -9.373863170000000e+01,
          3.253339680000000e+01
        ],
        [
          -9.373986570000000e+01,
          3.253784280000000e+01
        ],
        [
          -9.374087670000000e+01,
          3.254369580000000e+01
        ],
        [
          -9.374936970000000e+01,
          3.254537380000000e+01
        ],
        [
          -9.375236370000000e+01,
          3.254196380000000e+01
        ],
        [
          -9.375449170000000e+01,
          3.253882980000000e+01
        ],
        [
          -9.376142969999999e+01,
          3.253943880000000e+01
        ],
        [
          -9.376389570000001e+01,
          3.254122780000000e+01
        ],
        [
          -9.376731970000000e+01,
          3.253850380000000e+01
        ],
        [
          -9.376345569999999e+01,
          3.253530880000000e+01
        ],
        [
          -9.375776270000000e+01,
          3.253097680000000e+01
        ],
        [
          -9.375077370000000e+01,
          3.253003580000000e+01
        ],
        [
          -9.374913470000000e+01,
          3.253250280000000e+01
        ],
        [
          -9.374372470000000e+01,
          3.252864680000000e+01
        ],
        [
          -9.374458570000000e+01,
          3.252138180000000e+01
        ],
        [
          -9.374209970000000e+01,
          3.251415180000000e+01
        ],
        [
          -9.373010270000000e+01,
          3.250997280000000e+01
        ],
        [
          -9.372036270000000e+01,
          3.250446380000000e+01
        ],
        [
          -9.371297370000001e+01,
          3.250187180000000e+01
        ],
        [
          -9.370683370000000e+01,
          3.250009380000000e+01
        ],
        [
          -9.370887569999999e+01,
          3.249520380000000e+01
        ],
        [
          -9.371308170000000e+01,
          3.249400680000000e+01
        ],
        [
          -9.371066870000000e+01,
          3.249040180000000e+01
        ],
        [
          -9.370547170000000e+01,
          3.249381780000000e+01
        ],
        [
          -9.369912170000001e+01,
          3.249346980000000e+01
        ],
        [
          -9.369693970000000e+01,
          3.248737980000000e+01
        ],
        [
          -9.369800270000000e+01,
          3.248433880000000e+01
        ],
        [
          -9.369956470000000e+01,
          3.247757380000000e+01
        ],
        [
          -9.369103370000001e+01,
          3.247328780000000e+01
        ],
        [
          -9.368837970000000e+01,
          3.246317580000000e+01
        ],
        [
          -9.368304670000001e+01,
          3.246163780000000e+01
        ],
        [
          -9.368444670000000e+01,
          3.245880180000000e+01
        ],
        [
          -9.368900170000001e+01,
          3.245448380000000e+01
        ],
        [
          -9.369244770000000e+01,
          3.245091480000000e+01
        ],
        [
          -9.368825170000000e+01,
          3.244454780000000e+01
        ],
        [
          -9.368491070000000e+01,
          3.244242880000000e+01
        ],
        [
          -9.367200870000001e+01,
          3.243803880000000e+01
        ],
        [
          -9.366907770000000e+01,
          3.243356980000000e+01
        ],
        [
          -9.367082670000001e+01,
          3.242125880000000e+01
        ],
        [
          -9.367563470000000e+01,
          3.242547180000000e+01
        ],
        [
          -9.367708570000001e+01,
          3.243257980000000e+01
        ],
        [
          -9.368320970000001e+01,
          3.242827380000000e+01
        ],
        [
          -9.368666469999999e+01,
          3.242494480000000e+01
        ],
        [
          -9.368640569999999e+01,
          3.241836580000000e+01
        ],
        [
          -9.367567170000000e+01,
          3.241673280000000e+01
        ],
        [
          -9.366916870000000e+01,
          3.241649980000000e+01
        ],
        [
          -9.366482569999999e+01,
          3.241704680000000e+01
        ],
        [
          -9.367047270000000e+01,
          3.241379080000000e+01
        ],
        [
          -9.368516169999999e+01,
          3.240898880000000e+01
        ],
        [
          -9.368346370000000e+01,
          3.239334380000000e+01
        ],
        [
          -9.367615170000001e+01,
          3.238995280000000e+01
        ],
        [
          -9.366986170000000e+01,
          3.238844980000000e+01
        ],
        [
          -9.366378270000000e+01,
          3.239470480000000e+01
        ],
        [
          -9.366096770000000e+01,
          3.240622380000000e+01
        ],
        [
          -9.365105570000000e+01,
          3.240411680000000e+01
        ],
        [
          -9.364453370000000e+01,
          3.239980780000000e+01
        ],
        [
          -9.364043970000000e+01,
          3.239636080000000e+01
        ],
        [
          -9.364284670000001e+01,
          3.239236080000000e+01
        ],
        [
          -9.364913570000000e+01,
          3.238633480000000e+01
        ],
        [
          -9.364951170000001e+01,
          3.238060580000000e+01
        ],
        [
          -9.364956570000000e+01,
          3.238023980000000e+01
        ],
        [
          -9.363920670000000e+01,
          3.238777680000000e+01
        ],
        [
          -9.363528570000000e+01,
          3.239329580000000e+01
        ],
        [
          -9.363337970000001e+01,
          3.239768580000000e+01
        ],
        [
          -9.362578670000001e+01,
          3.239366580000000e+01
        ],
        [
          -9.363088370000000e+01,
          3.238619280000000e+01
        ],
        [
          -9.363101570000001e+01,
          3.237567880000000e+01
        ],
        [
          -9.362920670000000e+01,
          3.236807980000000e+01
        ],
        [
          -9.361902069999999e+01,
          3.236319980000000e+01
        ],
        [
          -9.361439970000001e+01,
          3.236923080000000e+01
        ],
        [
          -9.361094670000000e+01,
          3.237685180000000e+01
        ],
        [
          -9.360436970000001e+01,
          3.237466980000000e+01
        ],
        [
          -9.360829470000000e+01,
          3.237021380000000e+01
        ],
        [
          -9.361367970000001e+01,
          3.235777480000000e+01
        ],
        [
          -9.361849570000000e+01,
          3.235529080000000e+01
        ],
        [
          -9.362153270000000e+01,
          3.235180680000000e+01
        ],
        [
          -9.361765170000000e+01,
          3.234889180000000e+01
        ],
        [
          -9.360522670000000e+01,
          3.234925480000000e+01
        ],
        [
          -9.359293370000000e+01,
          3.234851980000000e+01
        ],
        [
          -9.358282370000001e+01,
          3.234568380000000e+01
        ],
        [
          -9.358248870000000e+01,
          3.234098880000000e+01
        ],
        [
          -9.358550169999999e+01,
          3.233870380000000e+01
        ],
        [
          -9.358319670000000e+01,
          3.233599680000000e+01
        ],
        [
          -9.357956070000000e+01,
          3.233771080000000e+01
        ],
        [
          -9.357607369999999e+01,
          3.234044780000000e+01
        ],
        [
          -9.357562270000000e+01,
          3.233688880000000e+01
        ],
        [
          -9.357997270000000e+01,
          3.233462280000000e+01
        ],
        [
          -9.358225770000000e+01,
          3.233270180000000e+01
        ],
        [
          -9.357541270000000e+01,
          3.232836380000000e+01
        ],
        [
          -9.356796170000000e+01,
          3.233050880000000e+01
        ],
        [
          -9.356270370000000e+01,
          3.233520880000000e+01
        ],
        [
          -9.356329570000000e+01,
          3.233976680000000e+01
        ],
        [
          -9.356295770000000e+01,
          3.234259580000000e+01
        ],
        [
          -9.355905070000000e+01,
          3.234561380000000e+01
        ],
        [
          -9.355609170000000e+01,
          3.234519680000000e+01
        ],
        [
          -9.355570670000000e+01,
          3.233952580000000e+01
        ],
        [
          -9.355601570000000e+01,
          3.233367480000000e+01
        ],
        [
          -9.354973370000000e+01,
          3.232810280000000e+01
        ],
        [
          -9.354473670000000e+01,
          3.232747980000000e+01
        ],
        [
          -9.355736870000000e+01,
          3.232629580000000e+01
        ],
        [
          -9.356299869999999e+01,
          3.232035880000000e+01
        ],
        [
          -9.355812570000001e+01,
          3.232048180000000e+01
        ],
        [
          -9.355341070000000e+01,
          3.232071980000000e+01
        ],
        [
          -9.354782670000000e+01,
          3.231538080000000e+01
        ],
        [
          -9.354685770000000e+01,
          3.230883480000000e+01
        ],
        [
          -9.354422769999999e+01,
          3.230673180000000e+01
        ],
        [
          -9.354164870000000e+01,
          3.231215080000000e+01
        ],
        [
          -9.354159570000000e+01,
          3.231616880000000e+01
        ],
        [
          -9.353447269999999e+01,
          3.231700780000000e+01
        ],
        [
          -9.353127870000000e+01,
          3.231520980000000e+01
        ],
        [
          -9.352805870000000e+01,
          3.230878680000000e+01
        ],
        [
          -9.353376770000000e+01,
          3.230527280000000e+01
        ],
        [
          -9.353755870000001e+01,
          3.229752580000000e+01
        ],
        [
          -9.354451570000001e+01,
          3.229420780000000e+01
        ],
        [
          -9.354875370000001e+01,
          3.229476380000000e+01
        ],
        [
          -9.355197470000000e+01,
          3.229269180000000e+01
        ],
        [
          -9.354031870000000e+01,
          3.229003580000000e+01
        ],
        [
          -9.353289970000000e+01,
          3.229315780000000e+01
        ],
        [
          -9.352680470000000e+01,
          3.229706580000000e+01
        ],
        [
          -9.352040760000000e+01,
          3.229859380000000e+01
        ],
        [
          -9.351553860000000e+01,
          3.229182080000000e+01
        ],
        [
          -9.351767560000000e+01,
          3.228426180000000e+01
        ],
        [
          -9.352258560000000e+01,
          3.227871480000000e+01
        ],
        [
          -9.352473259999999e+01,
          3.227353580000000e+01
        ],
        [
          -9.352281259999999e+01,
          3.227179080000000e+01
        ],
        [
          -9.351784160000000e+01,
          3.227336380000000e+01
        ],
        [
          -9.350984760000000e+01,
          3.227935380000000e+01
        ],
        [
          -9.350552759999999e+01,
          3.228326780000000e+01
        ],
        [
          -9.350340760000000e+01,
          3.228117480000000e+01
        ],
        [
          -9.350736160000000e+01,
          3.227941280000000e+01
        ],
        [
          -9.350995460000000e+01,
          3.227679380000000e+01
        ],
        [
          -9.350723760000000e+01,
          3.227152880000000e+01
        ],
        [
          -9.349249460000000e+01,
          3.225950380000000e+01
        ],
        [
          -9.349079360000000e+01,
          3.225016280000000e+01
        ],
        [
          -9.348727959999999e+01,
          3.224323080000000e+01
        ],
        [
          -9.348368360000001e+01,
          3.224288780000000e+01
        ],
        [
          -9.348200360000000e+01,
          3.224261280000000e+01
        ],
        [
          -9.348112360000000e+01,
          3.224791180000000e+01
        ],
        [
          -9.348612460000000e+01,
          3.225252680000000e+01
        ],
        [
          -9.348259360000000e+01,
          3.225664180000000e+01
        ],
        [
          -9.347790560000000e+01,
          3.225395080000000e+01
        ],
        [
          -9.346793760000000e+01,
          3.224900380000000e+01
        ],
        [
          -9.346541060000000e+01,
          3.225015680000000e+01
        ],
        [
          -9.346248260000000e+01,
          3.224702280000000e+01
        ],
        [
          -9.346731459999999e+01,
          3.224534180000000e+01
        ],
        [
          -9.347131560000000e+01,
          3.224279480000000e+01
        ],
        [
          -9.347297560000000e+01,
          3.223887280000000e+01
        ],
        [
          -9.346944760000000e+01,
          3.223718680000000e+01
        ],
        [
          -9.345925960000000e+01,
          3.223515380000000e+01
        ],
        [
          -9.342865060000000e+01,
          3.223527880000000e+01
        ],
        [
          -9.340813260000000e+01,
          3.225052280000000e+01
        ],
        [
          -9.340717859999999e+01,
          3.228440680000000e+01
        ],
        [
          -9.341746660000000e+01,
          3.228358480000000e+01
        ],
        [
          -9.342670360000000e+01,
          3.230921880000000e+01
        ],
        [
          -9.340292959999999e+01,
          3.236873280000000e+01
        ],
        [
          -9.342458860000001e+01,
          3.237726680000000e+01
        ],
        [
          -9.342338660000000e+01,
          3.239774580000000e+01
        ],
        [
          -9.341247260000000e+01,
          3.240087080000000e+01
        ],
        [
          -9.338861860000000e+01,
          3.239644680000000e+01
        ],
        [
          -9.337272860000000e+01,
          3.241019580000000e+01
        ],
        [
          -9.344115660000000e+01,
          3.241047380000000e+01
        ],
        [
          -9.344127060000000e+01,
          3.249781380000000e+01
        ],
        [
          -9.344487370000000e+01,
          3.276140090000000e+01
        ],
        [
          -9.346975070000001e+01,
          3.276123390000000e+01
        ],
        [
          -9.346500270000000e+01,
          3.277171690000000e+01
        ],
        [
          -9.347422469999999e+01,
          3.278763290000000e+01
        ],
        [
          -9.345970869999999e+01,
          3.280623690000000e+01
        ],
        [
          -9.346695670000000e+01,
          3.280917490000000e+01
        ],
        [
          -9.345401870000001e+01,
          3.282161490000000e+01
        ],
        [
          -9.345656169999999e+01,
          3.283503190000000e+01
        ],
        [
          -9.346749570000000e+01,
          3.284808390000000e+01
        ],
        [
          -9.345479970000000e+01,
          3.285097890000000e+01
        ],
        [
          -9.344804569999999e+01,
          3.286632690000000e+01
        ],
        [
          -9.346384770000000e+01,
          3.286844590000000e+01
        ],
        [
          -9.347674069999999e+01,
          3.288569990000000e+01
        ],
        [
          -9.348223770000000e+01,
          3.290198690000000e+01
        ],
        [
          -9.346978270000000e+01,
          3.290440990000000e+01
        ],
        [
          -9.346957870000000e+01,
          3.291772290000000e+01
        ],
        [
          -9.348081670000001e+01,
          3.292723690000000e+01
        ],
        [
          -9.349326670000001e+01,
          3.292153490000000e+01
        ],
        [
          -9.350892870000000e+01,
          3.293579490000000e+01
        ],
        [
          -9.351956869999999e+01,
          3.296508590000000e+01
        ],
        [
          -9.353041170000000e+01,
          3.297540290000000e+01
        ],
        [
          -9.351632170000001e+01,
          3.300254690000000e+01
        ],
        [
          -9.352099960000000e+01,
          3.301862200000000e+01
        ],
        [
          -9.352492270000000e+01,
          3.301864290000000e+01
        ],
        [
          -9.353150570000000e+01,
          3.301864890000000e+01
        ],
        [
          -9.372327970000001e+01,
          3.301946290000000e+01
        ],
        [
          -9.380714430000000e+01,
          3.301938480000000e+01
        ],
        [
          -9.381455980000000e+01,
          3.301937790000000e+01
        ],
        [
          -9.381460480000000e+01,
          3.301937790000000e+01
        ],
        [
          -9.381627580000000e+01,
          3.301677090000000e+01
        ],
        [
          -9.381930780000000e+01,
          3.301416690000000e+01
        ],
        [
          -9.381934680000001e+01,
          3.300618490000000e+01
        ],
        [
          -9.381406780000000e+01,
          3.300297290000000e+01
        ],
        [
          -9.381489780000000e+01,
          3.299182890000000e+01
        ],
        [
          -9.381858480000000e+01,
          3.298217090000000e+01
        ],
        [
          -9.381830180000000e+01,
          3.297449290000000e+01
        ],
        [
          -9.381139680000000e+01,
          3.297031390000000e+01
        ],
        [
          -9.380681980000000e+01,
          3.297315790000000e+01
        ],
        [
          -9.380043680000000e+01,
          3.296672990000000e+01
        ],
        [
          -9.381575479999999e+01,
          3.296454490000000e+01
        ],
        [
          -9.382909380000000e+01,
          3.296440890000000e+01
        ],
        [
          -9.384019780000000e+01,
          3.295435290000000e+01
        ]
      ]
    ]
  ],
  ""type"": ""MultiPolygon""
}",797,22,015,22015,Bossier Parish,LA,359529,0,1931,,2,6557.726052998,1,12472.015535989,,4818.795882937,,,2,8011.025357551,,8753.9998586,17.9,75707,8332,11.00558733,129144,61,47.234095273,,,5324,2677,4125,4376,19.1,37.6,26551,636,,,30.282637954,44.979554748,,36.402569593,17.395786354,23.953900041,889509,67,,,18.530761063,,,4.415243458,7.532245317,1558,1433.36,92,58245,1750,3.004549747,5682,13.28125,15.619967794,37.900565504,42.028985507,13.120112058,18.2,4.146232764,11644,0,1312,,7.762557078,18.637749915,5.923076923,,9.657320872,9.329017069,11.267605634,889509,110,,,15.024941403,,,12.736279206,12.366372909,5.726944551,25848,126929,4.910592696,129144,649,502.5,17.439052407,,39,45,28,46,45,129276,129276,31668,24.496426251,129276,20412,15.789473684,129276,30879,23.886104149,129276,931,0.7201646091,129276,9238,7.145951298,129276,65197,50.432408181,128746,34977,27.167445979,120462,2340,1.942521293,11.4,106443,547,513.9,129276,293,226.646864074,93043,,40331,61366,74140,63812,22411,8715,38.88715363,57584,48124,,,83.469150175,70.010413051,82.863499126,83.571825507,36848,23946,64.985887972,27.5,129276,180,0.1392369813,129276,2420,1.87196386,31711,8947,28.214184352,116979,12783.202490973,10.92777549,107043,9502,8.876806517,129276,71,54.921253752,32806,1308,3.987075535,1,10.3,129276,83097,64.278752437,359529,1931,,308.917660534,613.80577077,192.265237538,,427.21050165,452.227274306,137995,88,,,84.054803732,71.947622131,,56.38815097,63.770426465,11827,88,,,16.14530777,,,,4.727116459,7.440602012,129276,94,72.712645812,128746,94663,73.526944526,12.3,10.92777549,7.1,63,18,28.571428571,638277,425,,,65.310948865,38.732314142,,73.15393542,66.58551068,49600,7385,13.734392736,1.360887097,0.3629032258,14.889112903,57584,25.4,383458,52,,,14.647557238,,,15.573525007,13.560807181,15760,12.3,129144,88,6.81409899,35.156631311,37.5,12.5,18.4,,81.806186938,72.826116435,84.075377936,,76.542562084,76.067476355,638277,101,,,24.749412201,,,13.820613206,15.823850773,6448,842,13.058312655,57563,45885,0.7971266265,48651,31834,65.433392942,46553,6514,13.992653535,,48,33,27,43,42,47.316835024,,,,,,,,,,,,,,,,,638277,90,14.100461085,,,8.091225824,,,16.553950823,14.069785191,48651,37380,76.832953074,0.1008041831,86122,77741,90.268456376,-3120.246,,63812,,21.98332602,8567,38,4.435625073,93450,54655,58.485821295,61.1,2024,3189205792.25391,409173.745376884
"{
  ""coordinates"": [
    [
      [
        [
          -8.950975370000000e+01,
          3.416208830000000e+01
        ],
        [
          -8.950783670000000e+01,
          3.407090130000000e+01
        ],
        [
          -8.950735870000000e+01,
          3.386747530000000e+01
        ],
        [
          -8.950714060000000e+01,
          3.372182520000000e+01
        ],
        [
          -8.919192959999999e+01,
          3.372216420000000e+01
        ],
        [
          -8.919178660000000e+01,
          3.373860820000000e+01
        ],
        [
          -8.919004560000000e+01,
          3.381171630000000e+01
        ],
        [
          -8.913788160000000e+01,
          3.381215030000000e+01
        ],
        [
          -8.913916360000000e+01,
          3.407412230000000e+01
        ],
        [
          -8.924444160000000e+01,
          3.407394830000000e+01
        ],
        [
          -8.924549060000000e+01,
          3.416119230000000e+01
        ],
        [
          -8.950975370000000e+01,
          3.416208830000000e+01
        ]
      ]
    ]
  ],
  ""type"": ""MultiPolygon""
}",849,28,013,28013,Calhoun County,MS,38047,0,338,,2,,2,16893.6734585,,,2,,2,12939.075392765,,14437.631918459,25.2,7370,1564,21.221166893,13018,2,15.363343063,,,2740,,1900,2043,23.8,41.7,3046,119,,,41.9921875,90.128755365,,,32.032615026,39.067629678,99875,12,,,,,,,12.015018773,157,137.375,87.5,5408,223,4.12352071,946,,,39.442658092,55.833333333,18.065693431,34,4.313828493,1147,0,144,,,21.700879765,8.396946565,,,8.819133034,12.554489974,99875,48,,,46.670256686,,,52.77208667,48.060075094,4.951556388,20037,85388,4.261516195,13018,80,614.5,12.948760338,,,47,,38,39,12781,12781,2824,22.095297708,12781,2606,20.389640873,12781,3495,27.345278147,12781,51,0.3990298099,12781,880,6.885220249,12781,6572,51.420076676,13266,13266,100,12539,230,1.834277056,13.4,11007,18,163.5,12781,1,7.824113919,,,31913,37450,51204,44172,2180,2162,99.174311927,5599,4846,,,92.470389171,,83.36730534,86.551169852,2975,1555,52.268907563,33.7,12781,5,0.0391205696,12781,28,0.2190751897,2985,1011,33.869346734,14962,171.963349525,1.149333976,10241,1814,17.713113954,12781,3,23.472341757,3037,276,9.087915706,1,9,12781,8160,63.84476958,38047,338,,,718.541087298,,,633.793782659,663.561338298,14131,11,,,,,,,77.843040125,,,,,,,,,,,12781,8,62.592911353,13266,2049,15.445499774,17.9,1.149333976,6.9,20,6,30,70548,84,,,96.588887194,,,134.370112563,119.067868685,5770,630,8.215547703,2.755632582,0.4159445407,10.918544194,5599,40.7,,,,,,,,,,2400,17.9,13018,17,13.058841604,32.80254604,35.2,14.2,18.1,,,69.799833069,,,72.099047442,71.219055019,70548,16,,,,,,,22.679594035,,,,45837,31629,0.6900320702,5641,4015,71.175323524,5357,444,8.288221019,,,31,,35,35,0.8682703363,1600,13,9,13.75,,,2.858097571,,3.390891819,3.112316743,,,2.709709286,,3.357730604,3.090168975,,,,,,,,,,,5641,4291,76.068073037,0.1161492361,9191,7198,78.315743662,-10688.44,,44172,,15.992031151,684,8,11.695906433,10690,6590,61.646398503,49.4,2024,2214576352.88672,199990.855182631
"{
  ""coordinates"": [
    [
      [
        [
          -9.404315380000000e+01,
          3.269303680000000e+01
        ],
        [
          -9.404315380000000e+01,
          3.269303580000000e+01
        ],
        [
          -9.404291980000001e+01,
          3.265513280000000e+01
        ],
        [
          -9.404278680000000e+01,
          3.264347180000000e+01
        ],
        [
          -9.404283080000000e+01,
          3.264031080000000e+01
        ],
        [
          -9.404293280000000e+01,
          3.262202080000000e+01
        ],
        [
          -9.404293580000000e+01,
          3.261826580000000e+01
        ],
        [
          -9.404292580000001e+01,
          3.261014780000000e+01
        ],
        [
          -9.404308980000000e+01,
          3.256426680000000e+01
        ],
        [
          -9.404314880000000e+01,
          3.255950780000000e+01
        ],
        [
          -9.404308780000000e+01,
          3.251361880000000e+01
        ],
        [
          -9.404289180000001e+01,
          3.250515080000000e+01
        ],
        [
          -9.404291780000000e+01,
          3.249285780000000e+01
        ],
        [
          -9.404309580000000e+01,
          3.248656680000000e+01
        ],
        [
          -9.404307880000000e+01,
          3.248430580000000e+01
        ],
        [
          -9.404296180000000e+01,
          3.248026680000000e+01
        ],
        [
          -9.404300180000000e+01,
          3.247800980000000e+01
        ],
        [
          -9.404290880000001e+01,
          3.247291180000000e+01
        ],
        [
          -9.404288180000000e+01,
          3.247135380000000e+01
        ],
        [
          -9.404290980000000e+01,
          3.247039180000000e+01
        ],
        [
          -9.404291480000001e+01,
          3.243989680000000e+01
        ],
        [
          -9.404299279999999e+01,
          3.243551280000000e+01
        ],
        [
          -9.404290580000000e+01,
          3.240066480000000e+01
        ],
        [
          -9.404292980000000e+01,
          3.239992380000000e+01
        ],
        [
          -9.404290779999999e+01,
          3.239228880000000e+01
        ],
        [
          -9.404276980000000e+01,
          3.237333780000000e+01
        ],
        [
          -9.404274580000001e+01,
          3.236356480000000e+01
        ],
        [
          -9.404273980000001e+01,
          3.226970180000000e+01
        ],
        [
          -9.404273880000000e+01,
          3.226962580000000e+01
        ],
        [
          -9.404266880000000e+01,
          3.221815170000000e+01
        ],
        [
          -9.404262740000000e+01,
          3.219607070000000e+01
        ],
        [
          -9.395121880000001e+01,
          3.219563070000000e+01
        ],
        [
          -9.389725270000000e+01,
          3.222676470000000e+01
        ],
        [
          -9.386033370000000e+01,
          3.225367880000000e+01
        ],
        [
          -9.385660470000001e+01,
          3.228106880000000e+01
        ],
        [
          -9.384771470000000e+01,
          3.229241080000000e+01
        ],
        [
          -9.380773970000000e+01,
          3.231353080000000e+01
        ],
        [
          -9.380710470000000e+01,
          3.232775680000000e+01
        ],
        [
          -9.379128870000000e+01,
          3.234022980000000e+01
        ],
        [
          -9.376476970000000e+01,
          3.234565180000000e+01
        ],
        [
          -9.374654670000000e+01,
          3.234119980000000e+01
        ],
        [
          -9.373791369999999e+01,
          3.232617780000000e+01
        ],
        [
          -9.372572070000000e+01,
          3.232846580000000e+01
        ],
        [
          -9.371613670000001e+01,
          3.231667380000000e+01
        ],
        [
          -9.366647870000000e+01,
          3.231744980000000e+01
        ],
        [
          -9.362405070000000e+01,
          3.228355380000000e+01
        ],
        [
          -9.361416869999999e+01,
          3.226510680000000e+01
        ],
        [
          -9.361469670000000e+01,
          3.223753180000000e+01
        ],
        [
          -9.346944760000000e+01,
          3.223718680000000e+01
        ],
        [
          -9.347297560000000e+01,
          3.223887280000000e+01
        ],
        [
          -9.347131560000000e+01,
          3.224279480000000e+01
        ],
        [
          -9.346731459999999e+01,
          3.224534180000000e+01
        ],
        [
          -9.346248260000000e+01,
          3.224702280000000e+01
        ],
        [
          -9.346541060000000e+01,
          3.225015680000000e+01
        ],
        [
          -9.346793760000000e+01,
          3.224900380000000e+01
        ],
        [
          -9.347790560000000e+01,
          3.225395080000000e+01
        ],
        [
          -9.348259360000000e+01,
          3.225664180000000e+01
        ],
        [
          -9.348612460000000e+01,
          3.225252680000000e+01
        ],
        [
          -9.348112360000000e+01,
          3.224791180000000e+01
        ],
        [
          -9.348200360000000e+01,
          3.224261280000000e+01
        ],
        [
          -9.348368360000001e+01,
          3.224288780000000e+01
        ],
        [
          -9.348727959999999e+01,
          3.224323080000000e+01
        ],
        [
          -9.349079360000000e+01,
          3.225016280000000e+01
        ],
        [
          -9.349249460000000e+01,
          3.225950380000000e+01
        ],
        [
          -9.350723760000000e+01,
          3.227152880000000e+01
        ],
        [
          -9.350995460000000e+01,
          3.227679380000000e+01
        ],
        [
          -9.350736160000000e+01,
          3.227941280000000e+01
        ],
        [
          -9.350340760000000e+01,
          3.228117480000000e+01
        ],
        [
          -9.350552759999999e+01,
          3.228326780000000e+01
        ],
        [
          -9.350984760000000e+01,
          3.227935380000000e+01
        ],
        [
          -9.351784160000000e+01,
          3.227336380000000e+01
        ],
        [
          -9.352281259999999e+01,
          3.227179080000000e+01
        ],
        [
          -9.352473259999999e+01,
          3.227353580000000e+01
        ],
        [
          -9.352258560000000e+01,
          3.227871480000000e+01
        ],
        [
          -9.351767560000000e+01,
          3.228426180000000e+01
        ],
        [
          -9.351553860000000e+01,
          3.229182080000000e+01
        ],
        [
          -9.352040760000000e+01,
          3.229859380000000e+01
        ],
        [
          -9.352680470000000e+01,
          3.229706580000000e+01
        ],
        [
          -9.353289970000000e+01,
          3.229315780000000e+01
        ],
        [
          -9.354031870000000e+01,
          3.229003580000000e+01
        ],
        [
          -9.355197470000000e+01,
          3.229269180000000e+01
        ],
        [
          -9.354875370000001e+01,
          3.229476380000000e+01
        ],
        [
          -9.354451570000001e+01,
          3.229420780000000e+01
        ],
        [
          -9.353755870000001e+01,
          3.229752580000000e+01
        ],
        [
          -9.353376770000000e+01,
          3.230527280000000e+01
        ],
        [
          -9.352805870000000e+01,
          3.230878680000000e+01
        ],
        [
          -9.353127870000000e+01,
          3.231520980000000e+01
        ],
        [
          -9.353447269999999e+01,
          3.231700780000000e+01
        ],
        [
          -9.354159570000000e+01,
          3.231616880000000e+01
        ],
        [
          -9.354164870000000e+01,
          3.231215080000000e+01
        ],
        [
          -9.354422769999999e+01,
          3.230673180000000e+01
        ],
        [
          -9.354685770000000e+01,
          3.230883480000000e+01
        ],
        [
          -9.354782670000000e+01,
          3.231538080000000e+01
        ],
        [
          -9.355341070000000e+01,
          3.232071980000000e+01
        ],
        [
          -9.355812570000001e+01,
          3.232048180000000e+01
        ],
        [
          -9.356299869999999e+01,
          3.232035880000000e+01
        ],
        [
          -9.355736870000000e+01,
          3.232629580000000e+01
        ],
        [
          -9.354473670000000e+01,
          3.232747980000000e+01
        ],
        [
          -9.354973370000000e+01,
          3.232810280000000e+01
        ],
        [
          -9.355601570000000e+01,
          3.233367480000000e+01
        ],
        [
          -9.355570670000000e+01,
          3.233952580000000e+01
        ],
        [
          -9.355609170000000e+01,
          3.234519680000000e+01
        ],
        [
          -9.355905070000000e+01,
          3.234561380000000e+01
        ],
        [
          -9.356295770000000e+01,
          3.234259580000000e+01
        ],
        [
          -9.356329570000000e+01,
          3.233976680000000e+01
        ],
        [
          -9.356270370000000e+01,
          3.233520880000000e+01
        ],
        [
          -9.356796170000000e+01,
          3.233050880000000e+01
        ],
        [
          -9.357541270000000e+01,
          3.232836380000000e+01
        ],
        [
          -9.358225770000000e+01,
          3.233270180000000e+01
        ],
        [
          -9.357997270000000e+01,
          3.233462280000000e+01
        ],
        [
          -9.357562270000000e+01,
          3.233688880000000e+01
        ],
        [
          -9.357607369999999e+01,
          3.234044780000000e+01
        ],
        [
          -9.357956070000000e+01,
          3.233771080000000e+01
        ],
        [
          -9.358319670000000e+01,
          3.233599680000000e+01
        ],
        [
          -9.358550169999999e+01,
          3.233870380000000e+01
        ],
        [
          -9.358248870000000e+01,
          3.234098880000000e+01
        ],
        [
          -9.358282370000001e+01,
          3.234568380000000e+01
        ],
        [
          -9.359293370000000e+01,
          3.234851980000000e+01
        ],
        [
          -9.360522670000000e+01,
          3.234925480000000e+01
        ],
        [
          -9.361765170000000e+01,
          3.234889180000000e+01
        ],
        [
          -9.362153270000000e+01,
          3.235180680000000e+01
        ],
        [
          -9.361849570000000e+01,
          3.235529080000000e+01
        ],
        [
          -9.361367970000001e+01,
          3.235777480000000e+01
        ],
        [
          -9.360829470000000e+01,
          3.237021380000000e+01
        ],
        [
          -9.360436970000001e+01,
          3.237466980000000e+01
        ],
        [
          -9.361094670000000e+01,
          3.237685180000000e+01
        ],
        [
          -9.361439970000001e+01,
          3.236923080000000e+01
        ],
        [
          -9.361902069999999e+01,
          3.236319980000000e+01
        ],
        [
          -9.362920670000000e+01,
          3.236807980000000e+01
        ],
        [
          -9.363101570000001e+01,
          3.237567880000000e+01
        ],
        [
          -9.363088370000000e+01,
          3.238619280000000e+01
        ],
        [
          -9.362578670000001e+01,
          3.239366580000000e+01
        ],
        [
          -9.363337970000001e+01,
          3.239768580000000e+01
        ],
        [
          -9.363528570000000e+01,
          3.239329580000000e+01
        ],
        [
          -9.363920670000000e+01,
          3.238777680000000e+01
        ],
        [
          -9.364956570000000e+01,
          3.238023980000000e+01
        ],
        [
          -9.364951170000001e+01,
          3.238060580000000e+01
        ],
        [
          -9.364913570000000e+01,
          3.238633480000000e+01
        ],
        [
          -9.364284670000001e+01,
          3.239236080000000e+01
        ],
        [
          -9.364043970000000e+01,
          3.239636080000000e+01
        ],
        [
          -9.364453370000000e+01,
          3.239980780000000e+01
        ],
        [
          -9.365105570000000e+01,
          3.240411680000000e+01
        ],
        [
          -9.366096770000000e+01,
          3.240622380000000e+01
        ],
        [
          -9.366378270000000e+01,
          3.239470480000000e+01
        ],
        [
          -9.366986170000000e+01,
          3.238844980000000e+01
        ],
        [
          -9.367615170000001e+01,
          3.238995280000000e+01
        ],
        [
          -9.368346370000000e+01,
          3.239334380000000e+01
        ],
        [
          -9.368516169999999e+01,
          3.240898880000000e+01
        ],
        [
          -9.367047270000000e+01,
          3.241379080000000e+01
        ],
        [
          -9.366482569999999e+01,
          3.241704680000000e+01
        ],
        [
          -9.366916870000000e+01,
          3.241649980000000e+01
        ],
        [
          -9.367567170000000e+01,
          3.241673280000000e+01
        ],
        [
          -9.368640569999999e+01,
          3.241836580000000e+01
        ],
        [
          -9.368666469999999e+01,
          3.242494480000000e+01
        ],
        [
          -9.368320970000001e+01,
          3.242827380000000e+01
        ],
        [
          -9.367708570000001e+01,
          3.243257980000000e+01
        ],
        [
          -9.367563470000000e+01,
          3.242547180000000e+01
        ],
        [
          -9.367082670000001e+01,
          3.242125880000000e+01
        ],
        [
          -9.366907770000000e+01,
          3.243356980000000e+01
        ],
        [
          -9.367200870000001e+01,
          3.243803880000000e+01
        ],
        [
          -9.368491070000000e+01,
          3.244242880000000e+01
        ],
        [
          -9.368825170000000e+01,
          3.244454780000000e+01
        ],
        [
          -9.369244770000000e+01,
          3.245091480000000e+01
        ],
        [
          -9.368900170000001e+01,
          3.245448380000000e+01
        ],
        [
          -9.368444670000000e+01,
          3.245880180000000e+01
        ],
        [
          -9.368304670000001e+01,
          3.246163780000000e+01
        ],
        [
          -9.368837970000000e+01,
          3.246317580000000e+01
        ],
        [
          -9.369103370000001e+01,
          3.247328780000000e+01
        ],
        [
          -9.369956470000000e+01,
          3.247757380000000e+01
        ],
        [
          -9.369800270000000e+01,
          3.248433880000000e+01
        ],
        [
          -9.369693970000000e+01,
          3.248737980000000e+01
        ],
        [
          -9.369912170000001e+01,
          3.249346980000000e+01
        ],
        [
          -9.370547170000000e+01,
          3.249381780000000e+01
        ],
        [
          -9.371066870000000e+01,
          3.249040180000000e+01
        ],
        [
          -9.371308170000000e+01,
          3.249400680000000e+01
        ],
        [
          -9.370887569999999e+01,
          3.249520380000000e+01
        ],
        [
          -9.370683370000000e+01,
          3.250009380000000e+01
        ],
        [
          -9.371297370000001e+01,
          3.250187180000000e+01
        ],
        [
          -9.372036270000000e+01,
          3.250446380000000e+01
        ],
        [
          -9.373010270000000e+01,
          3.250997280000000e+01
        ],
        [
          -9.374209970000000e+01,
          3.251415180000000e+01
        ],
        [
          -9.374458570000000e+01,
          3.252138180000000e+01
        ],
        [
          -9.374372470000000e+01,
          3.252864680000000e+01
        ],
        [
          -9.374913470000000e+01,
          3.253250280000000e+01
        ],
        [
          -9.375077370000000e+01,
          3.253003580000000e+01
        ],
        [
          -9.375776270000000e+01,
          3.253097680000000e+01
        ],
        [
          -9.376345569999999e+01,
          3.253530880000000e+01
        ],
        [
          -9.376731970000000e+01,
          3.253850380000000e+01
        ],
        [
          -9.376389570000001e+01,
          3.254122780000000e+01
        ],
        [
          -9.376142969999999e+01,
          3.253943880000000e+01
        ],
        [
          -9.375449170000000e+01,
          3.253882980000000e+01
        ],
        [
          -9.375236370000000e+01,
          3.254196380000000e+01
        ],
        [
          -9.374936970000000e+01,
          3.254537380000000e+01
        ],
        [
          -9.374087670000000e+01,
          3.254369580000000e+01
        ],
        [
          -9.373986570000000e+01,
          3.253784280000000e+01
        ],
        [
          -9.373863170000000e+01,
          3.253339680000000e+01
        ],
        [
          -9.373115170000000e+01,
          3.253739280000000e+01
        ],
        [
          -9.373401770000000e+01,
          3.254035880000000e+01
        ],
        [
          -9.373689370000000e+01,
          3.254628180000000e+01
        ],
        [
          -9.374731570000000e+01,
          3.254921180000000e+01
        ],
        [
          -9.375422370000000e+01,
          3.254840380000000e+01
        ],
        [
          -9.376583170000001e+01,
          3.255236980000000e+01
        ],
        [
          -9.376676270000000e+01,
          3.255668880000000e+01
        ],
        [
          -9.376128670000000e+01,
          3.256280280000000e+01
        ],
        [
          -9.375436070000001e+01,
          3.256507580000000e+01
        ],
        [
          -9.373778470000001e+01,
          3.257794680000000e+01
        ],
        [
          -9.373605670000001e+01,
          3.258607480000000e+01
        ],
        [
          -9.374672870000001e+01,
          3.259177080000000e+01
        ],
        [
          -9.375564070000000e+01,
          3.258772180000000e+01
        ],
        [
          -9.376488970000000e+01,
          3.258986680000000e+01
        ],
        [
          -9.376406270000000e+01,
          3.259665880000000e+01
        ],
        [
          -9.375744370000000e+01,
          3.259810880000000e+01
        ],
        [
          -9.374879270000000e+01,
          3.259700380000000e+01
        ],
        [
          -9.374114470000001e+01,
          3.260093780000000e+01
        ],
        [
          -9.374545670000001e+01,
          3.260336580000000e+01
        ],
        [
          -9.375365669999999e+01,
          3.260368880000000e+01
        ],
        [
          -9.375686770000000e+01,
          3.261132880000000e+01
        ],
        [
          -9.375302170000001e+01,
          3.261711880000000e+01
        ],
        [
          -9.375517670000001e+01,
          3.263442780000000e+01
        ],
        [
          -9.376600470000000e+01,
          3.263720980000000e+01
        ],
        [
          -9.377665370000000e+01,
          3.263686080000000e+01
        ],
        [
          -9.378404370000000e+01,
          3.263978180000000e+01
        ],
        [
          -9.378331570000000e+01,
          3.264654480000000e+01
        ],
        [
          -9.377991870000000e+01,
          3.264514380000000e+01
        ],
        [
          -9.377670569999999e+01,
          3.264243280000000e+01
        ],
        [
          -9.377027769999999e+01,
          3.263957380000000e+01
        ],
        [
          -9.376673270000001e+01,
          3.264414980000000e+01
        ],
        [
          -9.377034770000000e+01,
          3.264774580000000e+01
        ],
        [
          -9.377341770000000e+01,
          3.265161880000000e+01
        ],
        [
          -9.377500670000001e+01,
          3.266131680000000e+01
        ],
        [
          -9.376717669999999e+01,
          3.266268880000000e+01
        ],
        [
          -9.375639169999999e+01,
          3.266667280000000e+01
        ],
        [
          -9.375554769999999e+01,
          3.267204880000000e+01
        ],
        [
          -9.376437070000000e+01,
          3.267804180000000e+01
        ],
        [
          -9.377423870000000e+01,
          3.267541080000000e+01
        ],
        [
          -9.377945769999999e+01,
          3.266966180000000e+01
        ],
        [
          -9.378833070000000e+01,
          3.267828080000000e+01
        ],
        [
          -9.378649670000000e+01,
          3.268900780000000e+01
        ],
        [
          -9.378290770000000e+01,
          3.270629580000000e+01
        ],
        [
          -9.378976070000000e+01,
          3.272536390000000e+01
        ],
        [
          -9.380256869999999e+01,
          3.272616590000000e+01
        ],
        [
          -9.381293580000001e+01,
          3.271817490000000e+01
        ],
        [
          -9.382538080000000e+01,
          3.271976690000000e+01
        ],
        [
          -9.382307980000000e+01,
          3.272875390000000e+01
        ],
        [
          -9.381821979999999e+01,
          3.273900490000000e+01
        ],
        [
          -9.379957770000000e+01,
          3.275296390000000e+01
        ],
        [
          -9.378858169999999e+01,
          3.276382690000000e+01
        ],
        [
          -9.378449370000000e+01,
          3.277576190000000e+01
        ],
        [
          -9.378414570000000e+01,
          3.278749690000000e+01
        ],
        [
          -9.378701270000001e+01,
          3.279352490000000e+01
        ],
        [
          -9.379561080000001e+01,
          3.279960990000000e+01
        ],
        [
          -9.380397379999999e+01,
          3.279634690000000e+01
        ],
        [
          -9.380994680000001e+01,
          3.278989190000000e+01
        ],
        [
          -9.381461480000000e+01,
          3.278348790000000e+01
        ],
        [
          -9.382397680000000e+01,
          3.278896990000000e+01
        ],
        [
          -9.381983780000000e+01,
          3.279951190000000e+01
        ],
        [
          -9.380694280000000e+01,
          3.280446890000000e+01
        ],
        [
          -9.379434180000000e+01,
          3.281250890000000e+01
        ],
        [
          -9.378675180000000e+01,
          3.283301290000000e+01
        ],
        [
          -9.378540280000000e+01,
          3.285079890000000e+01
        ],
        [
          -9.378543080000000e+01,
          3.285567590000000e+01
        ],
        [
          -9.378598380000000e+01,
          3.285991790000000e+01
        ],
        [
          -9.379218380000000e+01,
          3.285961190000000e+01
        ],
        [
          -9.379446880000000e+01,
          3.285580990000000e+01
        ],
        [
          -9.379667880000000e+01,
          3.285096390000000e+01
        ],
        [
          -9.380471480000000e+01,
          3.284756590000000e+01
        ],
        [
          -9.380924880000001e+01,
          3.284891090000000e+01
        ],
        [
          -9.381367779999999e+01,
          3.285091390000000e+01
        ],
        [
          -9.380981180000001e+01,
          3.285622290000000e+01
        ],
        [
          -9.380309480000000e+01,
          3.286011290000000e+01
        ],
        [
          -9.380042779999999e+01,
          3.286580590000000e+01
        ],
        [
          -9.380299880000000e+01,
          3.287261690000000e+01
        ],
        [
          -9.381165380000000e+01,
          3.287462790000000e+01
        ],
        [
          -9.382070080000000e+01,
          3.289260890000000e+01
        ],
        [
          -9.381642780000000e+01,
          3.290994490000000e+01
        ],
        [
          -9.380872380000000e+01,
          3.292209390000000e+01
        ],
        [
          -9.380562879999999e+01,
          3.293689290000000e+01
        ],
        [
          -9.381599580000000e+01,
          3.294334190000000e+01
        ],
        [
          -9.382927479999999e+01,
          3.294641890000000e+01
        ],
        [
          -9.384370580000000e+01,
          3.294783790000000e+01
        ],
        [
          -9.384019780000000e+01,
          3.295435290000000e+01
        ],
        [
          -9.382909380000000e+01,
          3.296440890000000e+01
        ],
        [
          -9.381575479999999e+01,
          3.296454490000000e+01
        ],
        [
          -9.380043680000000e+01,
          3.296672990000000e+01
        ],
        [
          -9.380681980000000e+01,
          3.297315790000000e+01
        ],
        [
          -9.381139680000000e+01,
          3.297031390000000e+01
        ],
        [
          -9.381830180000000e+01,
          3.297449290000000e+01
        ],
        [
          -9.381858480000000e+01,
          3.298217090000000e+01
        ],
        [
          -9.381489780000000e+01,
          3.299182890000000e+01
        ],
        [
          -9.381406780000000e+01,
          3.300297290000000e+01
        ],
        [
          -9.381934680000001e+01,
          3.300618490000000e+01
        ],
        [
          -9.381930780000000e+01,
          3.301416690000000e+01
        ],
        [
          -9.381627580000000e+01,
          3.301677090000000e+01
        ],
        [
          -9.381460480000000e+01,
          3.301937790000000e+01
        ],
        [
          -9.402448180000000e+01,
          3.301921290000000e+01
        ],
        [
          -9.402798980000000e+01,
          3.301914490000000e+01
        ],
        [
          -9.403584580000000e+01,
          3.301915090000000e+01
        ],
        [
          -9.404145080000001e+01,
          3.301919390000000e+01
        ],
        [
          -9.404297080000001e+01,
          3.301922490000000e+01
        ],
        [
          -9.404309480000001e+01,
          3.295559790000000e+01
        ],
        [
          -9.404307380000000e+01,
          3.293790890000000e+01
        ],
        [
          -9.404309880000000e+01,
          3.291002690000000e+01
        ],
        [
          -9.404289180000001e+01,
          3.289891690000000e+01
        ],
        [
          -9.404286580000000e+01,
          3.289277690000000e+01
        ],
        [
          -9.404289249999999e+01,
          3.288109440000000e+01
        ],
        [
          -9.404289280000000e+01,
          3.288097090000000e+01
        ],
        [
          -9.404303179999999e+01,
          3.288045190000000e+01
        ],
        [
          -9.404279180000000e+01,
          3.287149190000000e+01
        ],
        [
          -9.404303280000001e+01,
          3.279748190000000e+01
        ],
        [
          -9.404275380000000e+01,
          3.278697890000000e+01
        ],
        [
          -9.404283580000001e+01,
          3.278528290000000e+01
        ],
        [
          -9.404294480000000e+01,
          3.278056390000000e+01
        ],
        [
          -9.404303380000000e+01,
          3.277686890000000e+01
        ],
        [
          -9.404295380000001e+01,
          3.276799690000000e+01
        ],
        [
          -9.404315380000000e+01,
          3.269303680000000e+01
        ]
      ]
    ]
  ],
  ""type"": ""MultiPolygon""
}",852,22,017,22017,Caddo Parish,LA,658150,0,5125,,2,,2,17522.292500425,,8066.25468227,,,2,9431.837453066,,13475.483666617,22.6,130055,14449,11.109915036,233092,293,125.701439775,,,5722,,3734,4399,22.9,41.5,51886,1727,,,43.786349355,41.218637993,,34.090909091,16.471867355,33.284508345,1700589,400,,,42.159422332,,,5.794147121,23.521262339,2785,2228,80,102126,4171,4.084170534,16548,,0.7610350076,42.982568984,30.14198783,12.461823735,31.5,4.244102512,21326,0,3079,,10.759493671,18.622720209,10.042283298,,10.364145658,8.525252525,14.437775485,1700589,305,,,18.989654818,,,18.040867173,17.934962534,5.865853883,18621,107334,5.764137264,233092,1757,753.8,16.186507485,,39,44,24,43,44,229025,229025,53220,23.237637812,229025,43618,19.045082415,229025,114117,49.827311429,229025,1252,0.5466652112,229025,7580,3.309682349,229025,120423,52.580722629,237848,37974,15.96565874,221346,904,0.4084103621,14,194109,1048,539.9,229025,1741,760.179019758,73274,65254,34674,77000,66926,47699,35796,17493,48.868588669,95321,78004,,73.664921466,80.472536788,77.224770642,86.040971891,81.832964404,60845,35120,57.720437176,31.3,229025,165,0.07204453662,229025,3420,1.493286759,55624,25404,45.67093341,254969,40898.391932686,16.040535097,182286,16062,8.811428195,229025,198,86.453443947,54818,1812,3.3054836,1,10.7,229025,99270,43.344613034,658150,5125,,,767.613288392,305.133033923,,483.432251234,608.917212741,246372,252,,,144.968732234,,,44.022987138,102.284350494,22126,245,,,15.842988886,,,,4.509728128,11.072945856,229025,471,205.654404541,237848,198622,83.50795466,14.4,16.040535097,6.1,208,71,34.134615385,1200278,1139,,,104.393609296,48.013104753,,92.638967866,94.894682732,96045,17860,16.411483254,2.202092769,1.056796293,18.595450049,95321,20.3,710775,87,,,11.019377151,,,14.093304079,12.240160388,34540,14.4,233092,276,11.840818218,58.013655997,41.5,13.6,19.6,,84.94337308,69.044486922,84.932553089,,75.295527998,72.246969112,1200278,412,,,49.254955755,,,21.276836116,34.325381287,12048,1839,15.263944223,54026,40023,0.7408099804,94475,57182,60.526065097,89861,16387,18.235942177,,44,33,25,44,41,67.884644678,,,,,,,,,,,,,,,,,1200278,163,13.580187257,,,6.010772821,,,20.815486362,13.255093401,94475,75010,79.396665785,0.2179279373,160866,140410,87.28382629,-11375.82,,47699,,29.409421581,15625,71,4.544,182805,104912,57.39011515,61.8,2024,3424840263.67578,454695.4607765
"{
  ""coordinates"": [
    [
      [
        [
          -8.931916860000000e+01,
          3.293166010000000e+01
        ],
        [
          -8.931759350000000e+01,
          3.257646400000000e+01
        ],
        [
          -8.891452140000000e+01,
          3.257696100000000e+01
        ],
        [
          -8.891441840000000e+01,
          3.292660610000000e+01
        ],
        [
          -8.893055440000001e+01,
          3.292668110000000e+01
        ],
        [
          -8.893051040000000e+01,
          3.291924610000000e+01
        ],
        [
          -8.896523050000000e+01,
          3.291911310000000e+01
        ],
        [
          -8.896531550000000e+01,
          3.292658010000000e+01
        ],
        [
          -8.901769650000000e+01,
          3.292639210000000e+01
        ],
        [
          -8.901772850000000e+01,
          3.293133210000000e+01
        ],
        [
          -8.931916860000000e+01,
          3.293166010000000e+01
        ]
      ]
    ]
  ],
  ""type"": ""MultiPolygon""
}",854,28,099,28099,Neshoba County,MS,81435,0,844,53026.966339683,,,2,21009.073849963,,,2,,2,11986.845934566,,20105.219541969,26.4,15211,3432,22.562619157,28993,16,55.185734488,9870,,3880,,3085,3871,25.7,43.6,7552,322,73.877068558,,37.556053812,,,57.803468208,31.888798038,42.637711864,204467,25,,,27.735404244,,,,12.226911922,322,281.64,87.465838509,9870,432,4.376899696,2523,51.418439716,,66.47029946,,23.456790123,32.3,4.681748936,3032,0,261,6.19047619,,13.636363636,,,,7.837648705,8.60817942,204467,77,68.29181389,,27.735404244,,,32.81557646,37.65888872,5.468507991,18660,100161,5.367684887,28993,231,796.7,13.62167191,7,,37,,41,38,28673,28673,7946,27.712482126,28673,4649,16.213859729,28673,6085,21.222055592,28673,4967,17.32291703,28673,728,2.538973948,28673,15019,52.380288076,29087,21973,75.542338502,26889,138,0.5132210197,14.5,23416,53,226.3,28673,39,136.016461479,52123,38214,28011,,56099,50331,3917,3908,99.770232321,10776,8452,72.877736252,,78.307756118,,84.77868112,78.43355605,6752,3627,53.717417062,36.3,28673,17,0.0592892268,28673,146,0.5091898302,7982,3146,39.413680782,29676,596.471380005,2.009945343,22745,3920,17.234557046,28673,17,59.289226799,7927,541,6.824776082,0,9.6,28673,16463,57.416384752,81435,844,2607.831612828,,887.347716595,,,592.497857962,894.833705164,35359,37,164.744645799,,148.514851485,,,72.758139817,104.640968353,3028,31,,,,,,,,10.237780713,28673,45,156.942070938,29087,15716,54.031010417,19,2.009945343,6.6,61,12,19.672131148,145601,173,165.40545011,,107.247318817,,,113.895216401,118.817865262,10495,1660,8.806262231,6.193425441,1.71510243,15.817055741,10776,32,87107,10,,,,,,,11.480133629,5530,19,28993,32,11.037146898,41.786755377,33.3,15,19.2,52.223640458,,67.431115639,,,72.128249369,66.934965097,145601,36,,,45.498862528,,,23.728170084,24.72510491,,,,46048,36004,0.7818797776,10199,7348,72.046279047,9271,997,10.753963974,32,25,18,,19,20,20.506733247,3800,51,-888,,,,2.76669824,,3.37519336,3.12287288,,,2.759314064,,3.606910014,3.31354797,145601,26,17.857020213,,,,,,20.817170527,19.032255982,10199,7709,75.585841749,0.1534287611,18167,14954,82.31408598,-17792.2095,,50331,,15.290775069,2078,12,5.774783446,20895,11703,56.008614501,54.7,2024,2100182321.01953,185846.017018767
"{
  ""coordinates"": [
    [
      [
        [
          -8.891385240000000e+01,
          3.222419190000000e+01
        ],
        [
          -8.891046440000000e+01,
          3.182665490000000e+01
        ],
        [
          -8.880917940000000e+01,
          3.183290290000000e+01
        ],
        [
          -8.876341630000000e+01,
          3.183593990000000e+01
        ],
        [
          -8.862504130000001e+01,
          3.185669490000000e+01
        ],
        [
          -8.847323230000001e+01,
          3.189386190000000e+01
        ],
        [
          -8.846888430000000e+01,
          3.193026790000000e+01
        ],
        [
          -8.846866530000000e+01,
          3.193317890000000e+01
        ],
        [
          -8.845504430000000e+01,
          3.203972490000000e+01
        ],
        [
          -8.845496430000000e+01,
          3.204058190000000e+01
        ],
        [
          -8.845342300000000e+01,
          3.205305560000000e+01
        ],
        [
          -8.843871530000000e+01,
          3.217208390000000e+01
        ],
        [
          -8.843865529999999e+01,
          3.217281190000000e+01
        ],
        [
          -8.843129930000001e+01,
          3.222766060000000e+01
        ],
        [
          -8.891385240000000e+01,
          3.222419190000000e+01
        ]
      ]
    ]
  ],
  ""type"": ""MultiPolygon""
}",898,28,023,28023,Clarke County,MS,42164,0,355,,2,,2,21319.453722631,,,2,,2,9724.944301496,,13870.010626651,23.4,8562,1650,19.271198318,15421,3,19.453991311,,,3314,,3280,3389,21.3,45.1,3324,125,,,40.710584752,,,,35.538545653,37.605294826,109587,10,,,,,,,9.125169956,210,191.45,91.166666667,5610,264,4.705882353,997,,,51.164596273,,9.98980632,30.3,4.067623975,1345,0,159,,,17.842323651,,,,8.413461538,11.821561338,109587,42,,,29.21801955,,,44.760818401,38.325713816,5.245937748,15145,93286,6.159524596,15421,69,447.4,13.315400253,,,42,,44,44,15271,15271,3376,22.107262131,15271,3308,21.661973676,15271,5077,33.246021872,15271,74,0.4845786131,15271,269,1.761508742,15271,7984,52.282103333,15615,15615,100,14629,20,0.1367147447,12.7,13076,62,474.1,15271,7,45.838517451,,,25722,,57834,46524,2528,2519,99.643987342,5980,4987,,,68.809272919,,86.635220126,83.394648829,3410,2070,60.703812317,32.7,15271,4,0.02619343854,15271,44,0.288127824,3472,1201,34.591013825,16732,1069.74602901,6.393413991,11824,1881,15.908322057,15271,2,13.096719272,3418,251,7.343475717,0,9.2,15271,9638,63.113090171,42164,355,,,823.604997499,,,505.053248018,610.822987213,14856,15,,,210.563256712,,,,100.969305331,,,,,,,,,,,15271,14,91.677034903,15615,5597,35.843739994,17.1,6.393413991,6.5,23,3,13.043478261,77693,93,,,112.141148325,,,124.428851175,119.701903646,6255,740,8.564356436,1.502797762,2.07833733,11.830535572,5980,49.6,,,,,,,,,,2680,17.1,15421,26,16.860125802,35.463949823,35.8,13.2,17.7,,,66.30400383,,,74.893497617,71.887710559,77693,17,,,,,,26.517624021,21.88099314,,,,49459,41310,0.8352372672,6117,5242,85.695602419,5818,756,12.994156067,,,21,,33,31,3.293404336,1600,15,-888,,,,,,,,,,2.471735216,,3.005878337,2.807281719,77693,12,15.445406922,,,,,,16.400463029,13.503564067,6117,4623,75.576262874,0.1909743928,10758,9216,85.666480759,-11333.896,,46524,,16.043332474,893,7,7.838745801,12125,8338,68.767010309,52.3,2024,2504533428.78516,199656.673801819
"{
  ""coordinates"": [
    [
      [
        [
          -9.026039670000000e+01,
          3.135027970000000e+01
        ],
        [
          -9.025956060000000e+01,
          3.100066280000000e+01
        ],
        [
          -9.016468170000000e+01,
          3.100098560000000e+01
        ],
        [
          -9.016428370000000e+01,
          3.100103060000000e+01
        ],
        [
          -9.013140070000000e+01,
          3.100092960000000e+01
        ],
        [
          -9.012841170000000e+01,
          3.100105260000000e+01
        ],
        [
          -9.005071169999999e+01,
          3.100122060000000e+01
        ],
        [
          -9.002957960000001e+01,
          3.100119560000000e+01
        ],
        [
          -9.002219060000000e+01,
          3.100130760000000e+01
        ],
        [
          -9.000533760000000e+01,
          3.100136960000000e+01
        ],
        [
          -8.997543560000000e+01,
          3.100169760000000e+01
        ],
        [
          -8.997280760000000e+01,
          3.100139760000000e+01
        ],
        [
          -8.992716660000001e+01,
          3.100144260000000e+01
        ],
        [
          -8.992312459999999e+01,
          3.100145160000000e+01
        ],
        [
          -8.989752160000000e+01,
          3.100191860000000e+01
        ],
        [
          -8.989271359999999e+01,
          3.100176460000000e+01
        ],
        [
          -8.985686760000000e+01,
          3.100208060000000e+01
        ],
        [
          -8.983591360000000e+01,
          3.100206490000000e+01
        ],
        [
          -8.983587860000000e+01,
          3.107493170000000e+01
        ],
        [
          -8.992094960000000e+01,
          3.107468270000000e+01
        ],
        [
          -8.992097860000000e+01,
          3.108931170000000e+01
        ],
        [
          -8.992950660000000e+01,
          3.108923470000000e+01
        ],
        [
          -8.992952560000001e+01,
          3.111117270000000e+01
        ],
        [
          -8.993824760000000e+01,
          3.111116370000000e+01
        ],
        [
          -8.993818360000000e+01,
          3.113295470000000e+01
        ],
        [
          -9.000594160000000e+01,
          3.113230570000000e+01
        ],
        [
          -9.000614370000000e+01,
          3.117561070000000e+01
        ],
        [
          -9.003190170000001e+01,
          3.117573270000000e+01
        ],
        [
          -9.003188070000000e+01,
          3.123394270000000e+01
        ],
        [
          -9.004038070000000e+01,
          3.123391570000000e+01
        ],
        [
          -9.004047170000000e+01,
          3.133601970000000e+01
        ],
        [
          -9.005299070000000e+01,
          3.132887970000000e+01
        ],
        [
          -9.008243570000000e+01,
          3.132878370000000e+01
        ],
        [
          -9.010865670000000e+01,
          3.135087470000000e+01
        ],
        [
          -9.024389570000000e+01,
          3.135027970000000e+01
        ],
        [
          -9.026039670000000e+01,
          3.135027970000000e+01
        ]
      ]
    ]
  ],
  ""type"": ""MultiPolygon""
}",925,28,147,28147,Walthall County,MS,38748,0,340,,2,,2,21034.675068988,,,2,,2,10682.495861802,,14784.560343139,24.8,7786,1709,21.949653224,13836,7,50.592656837,,,1994,,2605,2707,22.5,43,3104,96,,,33.538672142,,,,30.534351145,30.927835052,100617,10,,,,,,,9.938678355,120,99,82.5,4910,242,4.928716904,927,,,15.684931507,82.24852071,7.016300496,30.5,4.178889336,1170,0,130,,,16.021126761,,,,6.49122807,11.111111111,100617,33,,,48.551545558,,,22.641082244,32.79763857,4.879969998,13829,97560,7.054740039,13836,84,607.1,12.805440775,,,29,,35,33,13761,13761,3082,22.396628152,13761,2835,20.601700458,13761,5772,41.944626117,13761,77,0.5595523581,13761,351,2.550686723,13761,7063,51.326211758,13884,13884,100,13126,77,0.5866219717,14.2,11703,31,264.9,13761,1,7.266913742,,,30063,,45929,40828,1689,1674,99.111900533,4834,3806,,,,,81.175693527,78.733967729,3141,1808,57.561286215,32.6,13761,15,0.1090037061,13761,82,0.5958869268,3194,1153,36.098935504,15443,1859.042079294,12.038088968,10776,1941,18.012249443,13761,3,21.800741225,3152,252,7.994923858,0,8.5,13761,7278,52.888598212,38748,340,,,908.398273865,,,526.214017147,667.830767299,14113,12,,,147.145379635,,,,85.02798838,,,,,,,,,,,13761,10,72.669137417,13884,2976,21.43474503,18.3,12.038088968,5.7,11,4,36.363636364,71380,67,,,78.459576972,,,111.737788656,93.863827403,5705,1355,17.219730942,5.521472393,1.402278703,23.75109553,4834,51.2,,,,,,,,,,2560,18.3,13836,18,13.00954033,28.261742791,35.1,13.6,17.6,,,67.94908179,,,74.555187152,71.909668408,71380,12,,,,,,,16.811431774,,,,62583,36181,0.5781282457,5290,4339,82.02268431,4858,709,14.594483326,,,23,,29,28,2.501641241,1500,21,14,23.333333333,,,2.582177233,,3.222685239,2.826033149,,,2.699421647,,3.100964192,2.841213988,71380,10,14.009526478,,,,,,22.287410243,12.216229901,5290,3768,71.228733459,0.1641161453,9323,7596,81.475919768,-16676.75,,40828,,18.886548447,828,8,9.661835749,11030,7119,64.542157752,51.6,2024,1432004341.85547,184909.927345854
"{
  ""coordinates"": [
    [
      [
        [
          -9.313073850000001e+01,
          3.059809840000000e+01
        ],
        [
          -9.313116150000000e+01,
          3.042359640000000e+01
        ],
        [
          -9.306539239999999e+01,
          3.042435140000000e+01
        ],
        [
          -9.306553140000000e+01,
          3.043868240000000e+01
        ],
        [
          -9.277574340000000e+01,
          3.043762240000000e+01
        ],
        [
          -9.277398740000000e+01,
          3.048822340000000e+01
        ],
        [
          -9.263032730000000e+01,
          3.048801740000000e+01
        ],
        [
          -9.261450030000000e+01,
          3.050744840000000e+01
        ],
        [
          -9.262358829999999e+01,
          3.051883540000000e+01
        ],
        [
          -9.260519230000000e+01,
          3.052945550000000e+01
        ],
        [
          -9.258351430000000e+01,
          3.056269550000000e+01
        ],
        [
          -9.259754330000000e+01,
          3.058175250000000e+01
        ],
        [
          -9.259780430000001e+01,
          3.089600650000000e+01
        ],
        [
          -9.260632430000000e+01,
          3.089889050000000e+01
        ],
        [
          -9.272097239999999e+01,
          3.089136750000000e+01
        ],
        [
          -9.282387640000000e+01,
          3.089207650000000e+01
        ],
        [
          -9.282417540000000e+01,
          3.087723950000000e+01
        ],
        [
          -9.297867940000000e+01,
          3.087814150000000e+01
        ],
        [
          -9.297675540000000e+01,
          3.083250750000000e+01
        ],
        [
          -9.297910440000000e+01,
          3.059800050000000e+01
        ],
        [
          -9.313073850000001e+01,
          3.059809840000000e+01
        ]
      ]
    ]
  ],
  ""type"": ""MultiPolygon""
}",949,22,003,22003,Allen Parish,LA,69001,0,542,,2,,2,13024.817156566,,,2,,2,13017.344804932,,12656.009959223,21.7,10795,1201,11.125521075,22687,4,17.631242562,,,4981,,4201,4355,24.3,41.4,4780,207,,,36.726128017,,,,45.803782506,43.305439331,,,,,,,,,,260,258.7,99.5,8128,339,4.170767717,1204,2.469135802,,57.825203252,,20.538922156,23.8,4.473981959,2069,0,172,,,15.142857143,,,,6.762680025,8.31319478,176347,56,,,,,,35.299119929,31.755572819,5.634892503,19445,115626,5.946310105,22687,96,423.1,18.679126481,,,23,,33,32,22320,22320,5118,22.930107527,22320,3388,15.17921147,22320,4743,21.25,22320,583,2.612007168,22320,723,3.239247312,22320,9848,44.121863799,22750,16050,70.549450549,21439,612,2.854610756,12.6,19124,208,1087.6,22320,25,112.007168459,42159,56367,30382,43309,56424,51423,3977,1821,45.788282625,7720,6389,,,82.543640898,,84.352243861,82.759067358,6619,2619,39.567910561,32.7,22320,14,0.06272401434,22320,151,0.6765232975,5222,1564,29.950210647,25764,2896.811356209,11.243639793,15719,1381,8.785546154,22320,7,31.362007168,5155,197,3.821532493,1,8.5,22320,15707,70.371863799,69001,542,,,646.104142424,,,675.962423641,652.926336121,23951,15,,,,,,,62.627865225,,,,,,,,,,,22320,32,143.369175627,22750,15255,67.054945055,14.5,11.243639793,6.6,26,6,23.076923077,124980,139,,,85.846120828,,,124.6105919,111.217794847,8135,985,7.372986369,4.42532268,0.540872772,12.108174554,7720,40.4,73754,31,,,,,,48.205780837,42.031618624,3340,14.5,22687,31,13.664212985,38.387552579,38.5,14,19.4,,,71.468588416,,,71.497062152,71.905289093,124980,26,,,,,,23.789294817,20.803328533,,,,56037,35283,0.6296375609,7636,5804,76.008381351,7337,647,8.818318114,,,24,,22,23,10.90086812,,,,,,,,,,,,,,,,,124980,33,26.404224676,,,,,,28.353572008,25.182511593,7636,5795,75.890518596,0.07362476361,15864,12630,79.614220877,315.2109,,51423,,31.721214243,1386,6,4.329004329,18680,9810,52.516059957,46.3,2024,2688424383.56641,239939.82301837
"{
  ""coordinates"": [
    [
      [
        [
          -8.873544550000000e+01,
          3.459648940000000e+01
        ],
        [
          -8.873647050000000e+01,
          3.450891640000000e+01
        ],
        [
          -8.854175440000000e+01,
          3.450919840000000e+01
        ],
        [
          -8.854208439999999e+01,
          3.446528240000000e+01
        ],
        [
          -8.832919840000000e+01,
          3.446357740000000e+01
        ],
        [
          -8.833070440000000e+01,
          3.474072750000000e+01
        ],
        [
          -8.834831640000000e+01,
          3.474087950000000e+01
        ],
        [
          -8.834837140000000e+01,
          3.475536150000000e+01
        ],
        [
          -8.836547740000000e+01,
          3.475561050000000e+01
        ],
        [
          -8.871851350000000e+01,
          3.475678750000000e+01
        ],
        [
          -8.871779950000000e+01,
          3.459647840000000e+01
        ],
        [
          -8.873544550000000e+01,
          3.459648940000000e+01
        ]
      ]
    ]
  ],
  ""type"": ""MultiPolygon""
}",990,28,117,28117,Prentiss County,MS,68953,0,565,,2,,2,18204.989571222,,,2,,2,11896.267373586,,12673.481412667,21.5,14191,2639,18.596293425,24996,8,32.005120819,,,2814,,3195,3226,21.1,40.4,5630,208,,,26.022304833,,,,40.028089888,36.944937833,176426,12,,,,,,6.859745641,6.801718568,241,215.875,89.574688797,11301,376,3.327139191,1222,,,5.897435897,32.520325203,22.88680178,22.9,4.18569417,2082,0,246,,,17.993079585,,,,10.970706491,11.81556196,176426,65,,,,,,38.414575588,36.842642241,5.42578744,19750,102692,5.199594937,24996,92,368.1,14.364325456,,,44,,41,42,24792,24792,5460,22.023233301,24792,4485,18.090513069,24792,3757,15.154081962,24792,70,0.2823491449,24792,356,1.43594708,24792,12535,50.560664731,25008,18570,74.256238004,23441,133,0.5673819376,11.8,20967,15,71.5,24792,37,149.241690868,,,41991,,53230,49217,4006,3973,99.176235647,10261,9069,,,,,89.760938205,88.383198519,6031,3437,56.988890731,30.3,24792,2,0.008067118425,24792,122,0.4920942239,5510,1344,24.392014519,25276,817.799890222,3.235479863,19765,3018,15.269415634,24792,10,40.335592126,5832,412,7.064471879,0,8.7,24792,20181,81.40125847,68953,565,,,778.231841072,,,624.293827444,640.922668351,25326,17,,,,,,60.398630964,67.12469399,,,,,,,,,,,24792,23,92.771861891,25008,15144,60.556621881,16,3.235479863,7.1,27,9,33.333333333,125711,133,,,71.998227736,,,114.764058597,105.798219726,9255,930,7.462686567,2.539168017,0.4862236629,10.048622366,10261,33.7,75135,20,,,,,,24.220894558,26.618752911,4000,16,24996,24,9.601536246,64.165162583,33.8,13,17.9,,,68.187553777,,,73.085087017,72.525260834,125711,21,,,,,,18.323673221,16.704982062,,,,45839,39004,0.8508911625,9296,7213,77.592512909,8767,565,6.444621877,,,48,,47,47,18.698598919,2500,41,12,21.2,,,2.61564455,,3.307411378,3.202141477,,,2.863689353,,3.18661597,3.121590224,125711,23,18.295932735,,,,,,18.973626578,17.04241695,9296,7306,78.592943201,0.1531336137,16541,13810,83.489510912,-4628.266,,49217,,16.333787106,1530,9,5.882352941,19105,10644,55.713164093,61.5,2024,1606104302.23438,169417.94540072
"{
  ""coordinates"": [
    [
      [
        [
          -9.054974570000000e+01,
          3.000270140000000e+01
        ],
        [
          -9.054934770000000e+01,
          2.996805040000000e+01
        ],
        [
          -9.053220870000000e+01,
          2.996794340000000e+01
        ],
        [
          -9.052960670000000e+01,
          2.988500240000000e+01
        ],
        [
          -9.051572969999999e+01,
          2.986473240000000e+01
        ],
        [
          -9.049887570000000e+01,
          2.986506540000000e+01
        ],
        [
          -9.047990969999999e+01,
          2.984738240000000e+01
        ],
        [
          -9.047542369999999e+01,
          2.981221540000000e+01
        ],
        [
          -9.046804870000000e+01,
          2.980347940000000e+01
        ],
        [
          -9.042989270000000e+01,
          2.977639240000000e+01
        ],
        [
          -9.040523270000000e+01,
          2.977434040000000e+01
        ],
        [
          -9.037198370000000e+01,
          2.975924440000000e+01
        ],
        [
          -9.037093870000000e+01,
          2.974619740000000e+01
        ],
        [
          -9.036079970000000e+01,
          2.973705940000000e+01
        ],
        [
          -9.036154670000001e+01,
          2.970745540000000e+01
        ],
        [
          -9.035210970000000e+01,
          2.969551730000000e+01
        ],
        [
          -9.034619669999999e+01,
          2.969330730000000e+01
        ],
        [
          -9.022816260000000e+01,
          2.969203340000000e+01
        ],
        [
          -9.020235160000000e+01,
          2.975067440000000e+01
        ],
        [
          -9.016727960000000e+01,
          2.981846540000000e+01
        ],
        [
          -9.017320760000000e+01,
          2.982752940000000e+01
        ],
        [
          -9.024017870000000e+01,
          2.986212240000000e+01
        ],
        [
          -9.024317670000001e+01,
          2.988070940000000e+01
        ],
        [
          -9.026828270000000e+01,
          2.990499240000000e+01
        ],
        [
          -9.027953870000000e+01,
          2.996797640000000e+01
        ],
        [
          -9.028028670000000e+01,
          2.997370840000000e+01
        ],
        [
          -9.027950070000000e+01,
          3.000680240000000e+01
        ],
        [
          -9.027556070000000e+01,
          3.008888240000000e+01
        ],
        [
          -9.025989470000000e+01,
          3.016341550000000e+01
        ],
        [
          -9.032664269999999e+01,
          3.015019340000000e+01
        ],
        [
          -9.034971969999999e+01,
          3.012025640000000e+01
        ],
        [
          -9.040701170000000e+01,
          3.008311440000000e+01
        ],
        [
          -9.045022370000000e+01,
          3.003311140000000e+01
        ],
        [
          -9.046779370000000e+01,
          3.003171440000000e+01
        ],
        [
          -9.053826970000000e+01,
          3.001685240000000e+01
        ],
        [
          -9.054974570000000e+01,
          3.000270140000000e+01
        ]
      ]
    ]
  ],
  ""type"": ""MultiPolygon""
}",1023,22,089,22089,St. Charles Parish,LA,150121,0,754,,2,,2,13756.926395342,,7287.724374466,1,,2,7466.74290057,,9094.214090158,15.9,30995,2240,7.226972092,52282,18,34.428675261,,,4643,7633,2863,3415,16.8,37.1,11907,175,,,24.126198577,23.90438247,,,9.242403025,14.697236919,369732,29,,,22.942237702,,,,7.84351909,703,632.7,90,24818,826,3.328229511,1976,,,34.505560565,15.036900369,6.004682551,16.4,3.632949644,4137,0,442,,,14.491593275,11.142857143,,,8.799342105,10.684070583,369732,48,,,18.770921757,,,11.255158614,12.982376424,5.38591236,33548,156231,4.656939311,52282,251,480.1,20.107071134,,,36,44,43,42,50998,50998,12194,23.910741598,50998,7885,15.461390643,50998,12877,25.250009804,50998,263,0.5157064983,50998,3521,6.904192321,50998,25848,50.684340562,52549,9343,17.779596186,49352,639,1.294780353,10.2,43518,228,523.9,50998,79,154.908035609,173730,108835,45244,89959,93328,75223,9137,3225,35.296049031,23995,20581,,,86.986074271,78.624689312,88.111849391,85.772035841,13438,8566,63.744604852,26.3,50998,44,0.08627789325,50998,613,1.202007922,12638,3697,29.253046368,52780,5953.218272167,11.279307071,43548,2624,6.025535042,50998,24,47.060669046,13173,421,3.195931071,0,8.8,50998,33024,64.755480607,150121,754,,,602.708841807,292.304745783,,356.455942919,410.709806778,56133,45,,,107.309683121,,,66.88353145,80.166746833,4253,28,,,,,,,,6.583588055,50998,29,56.864975097,52549,42168,80.245104569,9.4,11.279307071,7.7,35,13,37.142857143,263997,199,,,92.048742001,76.900325348,,69.03128053,75.379644466,19310,2275,11.009174312,1.372345935,0.3107198343,11.781460383,23995,41.8,158369,52,,,41.449261228,,,29.316342884,32.834708813,4910,9.4,52282,39,7.459546307,52.197545974,34.6,10.9,17.3,,,71.817012491,78.456977482,,77.050588945,75.755497892,263997,40,,,26.299640572,,,10.530195335,15.15168733,,,,65410,46598,0.7123987158,18591,15349,82.561454467,18149,2193,12.083310375,,46,28,30,39,36,35.294782227,,,,,,,,,,,,,,,,,263997,38,14.394102963,,,,,,16.654242424,14.543018296,18591,16925,91.038674628,0.06530350969,35224,31945,90.691006132,5259.809,,75223,,22.639352326,2907,12,4.127966976,39310,28517,72.543881964,69.5,2024,1375216891.64453,174389.477232255
"{
  ""coordinates"": [
    [
      [
        [
          -9.376582860000001e+01,
          3.033332340000000e+01
        ],
        [
          -9.376427160000000e+01,
          3.033022840000000e+01
        ],
        [
          -9.376033459999999e+01,
          3.032992940000000e+01
        ],
        [
          -9.373870560000000e+01,
          3.030379940000000e+01
        ],
        [
          -9.372422659999999e+01,
          3.029513940000000e+01
        ],
        [
          -9.371869060000000e+01,
          3.029501540000000e+01
        ],
        [
          -9.371432560000000e+01,
          3.029428740000000e+01
        ],
        [
          -9.371112460000001e+01,
          3.029137740000000e+01
        ],
        [
          -9.370865160000000e+01,
          3.028832240000000e+01
        ],
        [
          -9.370661459999999e+01,
          3.028119240000000e+01
        ],
        [
          -9.370719660000000e+01,
          3.027551840000000e+01
        ],
        [
          -9.370913860000000e+01,
          3.027183240000000e+01
        ],
        [
          -9.370727760000000e+01,
          3.024994240000000e+01
        ],
        [
          -9.370552590000000e+01,
          3.024419010000000e+01
        ],
        [
          -9.370508959999999e+01,
          3.024275740000000e+01
        ],
        [
          -9.371336560000000e+01,
          3.022526640000000e+01
        ],
        [
          -9.371922660000000e+01,
          3.021854730000000e+01
        ],
        [
          -9.372095260000000e+01,
          3.020985730000000e+01
        ],
        [
          -9.371740360000000e+01,
          3.019344430000000e+01
        ],
        [
          -9.371047460000000e+01,
          3.018067630000000e+01
        ],
        [
          -9.370377060000000e+01,
          3.017394130000000e+01
        ],
        [
          -9.369775460000000e+01,
          3.015294930000000e+01
        ],
        [
          -9.368821860000000e+01,
          3.014138130000000e+01
        ],
        [
          -9.369287460000000e+01,
          3.013522230000000e+01
        ],
        [
          -9.369498659999999e+01,
          3.013519030000000e+01
        ],
        [
          -9.369828260000000e+01,
          3.013861330000000e+01
        ],
        [
          -9.370125860000000e+01,
          3.013738130000000e+01
        ],
        [
          -9.370244260000000e+01,
          3.011272630000000e+01
        ],
        [
          -9.372377160000001e+01,
          3.009413530000000e+01
        ],
        [
          -9.373249160000000e+01,
          3.008891930000000e+01
        ],
        [
          -9.373409160000000e+01,
          3.008613530000000e+01
        ],
        [
          -9.373161159999999e+01,
          3.008128730000000e+01
        ],
        [
          -9.371641160000000e+01,
          3.006912730000000e+01
        ],
        [
          -9.370218660000000e+01,
          3.006547930000000e+01
        ],
        [
          -9.370058659999999e+01,
          3.006367130000000e+01
        ],
        [
          -9.369940260000000e+01,
          3.005925530000000e+01
        ],
        [
          -9.370082660000000e+01,
          3.005627930000000e+01
        ],
        [
          -9.370394659999999e+01,
          3.005429630000000e+01
        ],
        [
          -9.372081160000000e+01,
          3.005304830000000e+01
        ],
        [
          -9.372141800000000e+01,
          3.005247400000000e+01
        ],
        [
          -9.312848140000000e+01,
          3.005271430000000e+01
        ],
        [
          -9.312841539999999e+01,
          3.003837530000000e+01
        ],
        [
          -9.299663040000000e+01,
          3.003848630000000e+01
        ],
        [
          -9.299648540000000e+01,
          3.008259830000000e+01
        ],
        [
          -9.288722840000000e+01,
          3.008346030000000e+01
        ],
        [
          -9.289152840000000e+01,
          3.009661540000000e+01
        ],
        [
          -9.290790240000000e+01,
          3.011273940000000e+01
        ],
        [
          -9.290687140000000e+01,
          3.013081740000000e+01
        ],
        [
          -9.288943540000000e+01,
          3.014099740000000e+01
        ],
        [
          -9.289325340000001e+01,
          3.015651540000000e+01
        ],
        [
          -9.299630639999999e+01,
          3.015696040000000e+01
        ],
        [
          -9.299713439999999e+01,
          3.026074840000000e+01
        ],
        [
          -9.303073440000000e+01,
          3.026056940000000e+01
        ],
        [
          -9.303096540000000e+01,
          3.037939540000000e+01
        ],
        [
          -9.313109350000001e+01,
          3.038001340000000e+01
        ],
        [
          -9.313123050000000e+01,
          3.040306340000000e+01
        ],
        [
          -9.338524649999999e+01,
          3.040266340000000e+01
        ],
        [
          -9.338452750000000e+01,
          3.049017140000000e+01
        ],
        [
          -9.348633150000001e+01,
          3.049052840000000e+01
        ],
        [
          -9.348616550000000e+01,
          3.040255240000000e+01
        ],
        [
          -9.373998720000000e+01,
          3.040253970000000e+01
        ],
        [
          -9.374533959999999e+01,
          3.039702740000000e+01
        ],
        [
          -9.375144360000000e+01,
          3.039629340000000e+01
        ],
        [
          -9.375766059999999e+01,
          3.039042840000000e+01
        ],
        [
          -9.375856060000000e+01,
          3.038708240000000e+01
        ],
        [
          -9.375590060000000e+01,
          3.037071440000000e+01
        ],
        [
          -9.375635860000000e+01,
          3.035617140000000e+01
        ],
        [
          -9.376582860000001e+01,
          3.033332340000000e+01
        ]
      ]
    ]
  ],
  ""type"": ""MultiPolygon""
}",1050,22,019,22019,Calcasieu Parish,LA,574337,0,3869,,2,,2,16266.555672341,,9413.421373882,,,2,10568.302291757,,11797.611310697,18.8,118104,12583,10.654169207,205282,162,78.915832854,,3630,4145,1048,2707,2972,20.8,39.6,44126,1484,,,47.87920176,48.165137615,,15.384615385,26.987353207,33.63096587,1416974,108,,,17.597126361,,,4.301111365,7.621875913,1900,1797.05,94.581578947,92883,3254,3.503332149,10320,,13.108614232,45.071384657,36.613651425,12.792680527,21.1,4.009084706,19798,0,2083,16.176470588,12.401055409,15.590863952,8.852459016,,12.5,7.986577181,10.521264774,1416974,267,,,18.435084759,22.28660575,,19.197643411,18.842971007,5.708728956,25654,130621,5.091642629,205282,1093,532.4,19.700031111,,31,40,34,43,42,202418,202418,49651,24.528945054,202418,33316,16.459010562,202418,49360,24.385183136,202418,1266,0.6254384491,202418,8953,4.42302562,202418,102726,50.749439279,216785,54284,25.040477893,196154,1170,0.5964701204,10.8,168816,609,360.7,202418,569,281.10148307,,73763,43240,63600,71783,61797,29378,10626,36.169923072,90879,74737,,75.986842105,76.16597432,71.689497717,86.581332417,82.237920752,56481,34819,61.647279616,29.1,202418,135,0.06669367349,202418,3159,1.56063196,52445,15810,30.145867099,192768,25119.657787828,13.031030974,167949,14407,8.578199334,202418,119,58.789238111,52166,2027,3.88567266,1,6.8,202418,136122,67.247972018,574337,3869,,,749.859598439,360.680582461,,516.971757339,560.124820064,221990,168,,,113.618677043,86.294814466,,62.068078085,75.679084643,20159,148,,,12.301131704,,,,4.958946427,7.34163401,202418,271,133.881374186,216785,161422,74.461793943,12.4,13.031030974,6.9,196,66,33.673469388,1017585,954,,,93.176744637,93.123560261,,97.033647628,93.751381948,78425,10335,10.903183886,2.288810966,0.605674211,13.178195728,90879,21.8,612028,187,,,25.83662212,,,34.791130712,30.554157653,26370,12.4,205282,216,10.522111047,62.596462612,40.7,12.5,19.2,,86.812443299,69.575337265,90.294670677,,74.258223557,73.343367868,1017585,173,,,21.353003979,,,16.147808229,17.001036768,10050,803,7.990049751,67183,39045,0.5811738089,76853,54406,70.792291778,73832,9131,12.367266226,,49,37,43,45,43,57.569106623,,,,,,,,,,,,,,,,,1017585,178,17.492396213,,,8.998092425,,,20.962932331,17.613466898,76853,63861,83.094999545,0.2406937211,139900,124092,88.700500357,543.1211,,61797,,26.396103371,15001,48,3.199786681,149315,82663,55.361484111,58,2024,3803674303.17578,318412.425804452
"{
  ""coordinates"": [
    [
      [
        [
          -9.024790480000000e+01,
          3.203166890000000e+01
        ],
        [
          -9.023917980000000e+01,
          3.201952080000000e+01
        ],
        [
          -9.022093380000000e+01,
          3.201891080000000e+01
        ],
        [
          -9.023267280000000e+01,
          3.200830380000000e+01
        ],
        [
          -9.022295470000000e+01,
          3.198916480000000e+01
        ],
        [
          -9.020610170000000e+01,
          3.198799680000000e+01
        ],
        [
          -9.020702870000000e+01,
          3.197767680000000e+01
        ],
        [
          -9.019281669999999e+01,
          3.195312380000000e+01
        ],
        [
          -9.019453369999999e+01,
          3.193963380000000e+01
        ],
        [
          -9.017870370000000e+01,
          3.194266880000000e+01
        ],
        [
          -9.016833070000000e+01,
          3.193055480000000e+01
        ],
        [
          -9.017028170000000e+01,
          3.190447780000000e+01
        ],
        [
          -9.014572170000000e+01,
          3.189287280000000e+01
        ],
        [
          -9.013255770000001e+01,
          3.185692880000000e+01
        ],
        [
          -9.013891570000000e+01,
          3.184810980000000e+01
        ],
        [
          -9.015892370000000e+01,
          3.184318480000000e+01
        ],
        [
          -9.013602969999999e+01,
          3.181897380000000e+01
        ],
        [
          -9.015070770000000e+01,
          3.179987780000000e+01
        ],
        [
          -9.014076270000000e+01,
          3.178935880000000e+01
        ],
        [
          -9.011098670000000e+01,
          3.178927180000000e+01
        ],
        [
          -9.010749670000000e+01,
          3.177769080000000e+01
        ],
        [
          -9.012880470000000e+01,
          3.176592180000000e+01
        ],
        [
          -9.012257070000000e+01,
          3.175268580000000e+01
        ],
        [
          -8.997459170000000e+01,
          3.176166080000000e+01
        ],
        [
          -8.975510860000000e+01,
          3.177465980000000e+01
        ],
        [
          -8.965303059999999e+01,
          3.178065880000000e+01
        ],
        [
          -8.965443160000000e+01,
          3.201368390000000e+01
        ],
        [
          -8.966209160000000e+01,
          3.204724490000000e+01
        ],
        [
          -8.973007160000000e+01,
          3.204707790000000e+01
        ],
        [
          -8.993707770000000e+01,
          3.204793390000000e+01
        ],
        [
          -9.023033680000000e+01,
          3.204973390000000e+01
        ],
        [
          -9.024790480000000e+01,
          3.203166890000000e+01
        ]
      ]
    ]
  ],
  ""type"": ""MultiPolygon""
}",1060,28,127,28127,Simpson County,MS,73057,0,623,,2,,2,17476.163466737,,,2,,2,12762.263002701,,14383.670874407,23.3,14573,2913,19.989020792,25750,8,31.067961165,,,5455,,4790,4984,22,44.4,5682,185,,,35.267857143,,,,32.102728732,32.558958113,186876,20,,,21.378941742,,,,10.702283867,237,210.93,89,10592,400,3.776435045,1510,,,36.444633008,21.818181818,13.600485732,26.7,4.004773312,2212,0,253,,,15.599534342,,,,8.800623053,11.43761302,186876,48,,,35.122547148,,,21.788391145,25.685481282,5.097089262,22731,103151,4.537899784,25750,126,489.3,14.634363182,,,39,,40,40,25587,25587,5882,22.988236214,25587,4927,19.255872123,25587,8837,34.537069606,25587,94,0.3673740571,25587,547,2.137804354,25587,13160,51.432367999,25949,25949,100,24362,133,0.5459321895,12.8,21620,71,328.4,25587,31,121.155274163,,,35299,,58380,50994,3146,3125,99.332485696,10225,8189,,,89.905029898,,84.045522869,80.08801956,6095,3520,57.752255947,30.7,25587,34,0.1328799781,25587,128,0.5002540353,6040,1707,28.261589404,27503,1794.521845045,6.524822183,20292,3360,16.558249556,25587,9,35.174111854,6013,485,8.065857309,0,9.2,25587,15660,61.202954625,73057,623,,,766.231505227,,,595.172586697,651.177557122,27159,25,,,144.286263948,,,66.489361702,92.050517324,,,,,,,,,,,25587,15,58.623519756,25949,8745,33.700720644,15.5,6.524822183,6.9,43,6,13.953488372,132742,130,,,90.560179395,,,104.272728388,97.934338793,9645,910,6.446540881,2.229134266,1.76257128,9.434940384,10225,43.1,79037,17,,,,,,28.931597437,21.508913547,4050,15.5,25750,34,13.203883495,20.516465793,34.8,13.2,17.6,,,69.251832342,,,72.908579568,71.708591538,132742,30,,,,,,24.534759621,22.600232029,,,,48611,35329,0.7267696612,9534,7769,81.48730858,8998,811,9.013114025,,,28,,34,33,13.321139663,3000,87,17,34.666666667,,,2.748835136,,3.181270313,2.966041387,,,2.741937827,,3.060139772,2.917788759,132742,22,16.573503488,,,,,,24.558970094,16.238575812,9534,6972,73.127753304,0.03671796434,17639,14129,80.10091275,-15150.77,,50994,,16.105816371,1501,12,7.99467022,20430,11815,57.831620166,54.4,2024,2133895062.07031,208262.904641313
"{
  ""coordinates"": [
    [
      [
        [
          -9.198201810000000e+01,
          2.999054240000000e+01
        ],
        [
          -9.199366910000001e+01,
          2.998434640000000e+01
        ],
        [
          -9.197211780000001e+01,
          2.983346770000000e+01
        ],
        [
          -9.197099210000000e+01,
          2.983432130000000e+01
        ],
        [
          -9.193751310000000e+01,
          2.981677030000000e+01
        ],
        [
          -9.191525609999999e+01,
          2.981937230000000e+01
        ],
        [
          -9.190104909999999e+01,
          2.983345230000000e+01
        ],
        [
          -9.188912410000000e+01,
          2.983602830000000e+01
        ],
        [
          -9.185952010000000e+01,
          2.982607330000000e+01
        ],
        [
          -9.183081410000000e+01,
          2.982927530000000e+01
        ],
        [
          -9.182492610000000e+01,
          2.980854430000000e+01
        ],
        [
          -9.182479010000000e+01,
          2.978930230000000e+01
        ],
        [
          -9.182880910000000e+01,
          2.977793430000000e+01
        ],
        [
          -9.184312110000000e+01,
          2.977925630000000e+01
        ],
        [
          -9.185167710000000e+01,
          2.979183930000000e+01
        ],
        [
          -9.186122810000001e+01,
          2.977320430000000e+01
        ],
        [
          -9.187924810000000e+01,
          2.975656130000000e+01
        ],
        [
          -9.187287910000001e+01,
          2.974788330000000e+01
        ],
        [
          -9.185797610000000e+01,
          2.974407730000000e+01
        ],
        [
          -9.185855930000000e+01,
          2.973607340000000e+01
        ],
        [
          -9.184105710000000e+01,
          2.975041630000000e+01
        ],
        [
          -9.171128899999999e+01,
          2.984613630000000e+01
        ],
        [
          -9.162435300000000e+01,
          2.994546540000000e+01
        ],
        [
          -9.147195900000000e+01,
          2.995630940000000e+01
        ],
        [
          -9.125523490000000e+01,
          2.997146240000000e+01
        ],
        [
          -9.125939390000001e+01,
          3.000020540000000e+01
        ],
        [
          -9.123589490000001e+01,
          3.000113340000000e+01
        ],
        [
          -9.122423590000000e+01,
          3.002556540000000e+01
        ],
        [
          -9.122355790000000e+01,
          3.004079440000000e+01
        ],
        [
          -9.123869490000000e+01,
          3.003052540000000e+01
        ],
        [
          -9.126909089999999e+01,
          3.005931340000000e+01
        ],
        [
          -9.136884100000000e+01,
          3.005882940000000e+01
        ],
        [
          -9.148722300000000e+01,
          3.005806040000000e+01
        ],
        [
          -9.149543300000001e+01,
          3.004137440000000e+01
        ],
        [
          -9.150776900000000e+01,
          3.003328740000000e+01
        ],
        [
          -9.160022300000000e+01,
          3.003304140000000e+01
        ],
        [
          -9.161222500000000e+01,
          3.006770740000000e+01
        ],
        [
          -9.163058500000000e+01,
          3.007188540000000e+01
        ],
        [
          -9.165889199999999e+01,
          3.010823140000000e+01
        ],
        [
          -9.166945800000001e+01,
          3.011289840000000e+01
        ],
        [
          -9.167905709999999e+01,
          3.010510740000000e+01
        ],
        [
          -9.170328410000000e+01,
          3.012114940000000e+01
        ],
        [
          -9.171228910000001e+01,
          3.011720440000000e+01
        ],
        [
          -9.172993310000000e+01,
          3.012248940000000e+01
        ],
        [
          -9.176534409999999e+01,
          3.010843740000000e+01
        ],
        [
          -9.176867310000000e+01,
          3.009641640000000e+01
        ],
        [
          -9.176055510000000e+01,
          3.009092040000000e+01
        ],
        [
          -9.177932010000001e+01,
          3.008571840000000e+01
        ],
        [
          -9.180132910000000e+01,
          3.007008640000000e+01
        ],
        [
          -9.181824910000000e+01,
          3.004393040000000e+01
        ],
        [
          -9.187563910000000e+01,
          3.006775840000000e+01
        ],
        [
          -9.189581210000000e+01,
          3.005722540000000e+01
        ],
        [
          -9.190689310000000e+01,
          3.007259840000000e+01
        ],
        [
          -9.195116510000000e+01,
          3.007278540000000e+01
        ],
        [
          -9.196465110000000e+01,
          3.003699140000000e+01
        ],
        [
          -9.198201810000000e+01,
          2.999054240000000e+01
        ]
      ]
    ],
    [
      [
        [
          -9.201783310000000e+01,
          2.959096730000000e+01
        ],
        [
          -9.203019209999999e+01,
          2.957267430000000e+01
        ],
        [
          -9.201514510000000e+01,
          2.956133330000000e+01
        ],
        [
          -9.197196010000000e+01,
          2.954341930000000e+01
        ],
        [
          -9.196360310000000e+01,
          2.953594230000000e+01
        ],
        [
          -9.194926210000000e+01,
          2.953628530000000e+01
        ],
        [
          -9.191532710000000e+01,
          2.951851830000000e+01
        ],
        [
          -9.190086310000000e+01,
          2.951395330000000e+01
        ],
        [
          -9.188399310000000e+01,
          2.950170730000000e+01
        ],
        [
          -9.187047110000000e+01,
          2.950381330000000e+01
        ],
        [
          -9.185728010000000e+01,
          2.950009030000000e+01
        ],
        [
          -9.184646909999999e+01,
          2.947931330000000e+01
        ],
        [
          -9.182158509999999e+01,
          2.947393030000000e+01
        ],
        [
          -9.181461210000001e+01,
          2.948206630000000e+01
        ],
        [
          -9.180356410000000e+01,
          2.948788430000000e+01
        ],
        [
          -9.178620810000000e+01,
          2.948311330000000e+01
        ],
        [
          -9.176826900000000e+01,
          2.949036730000000e+01
        ],
        [
          -9.177421110000000e+01,
          2.950495130000000e+01
        ],
        [
          -9.176541709999999e+01,
          2.952480730000000e+01
        ],
        [
          -9.173535000000000e+01,
          2.954011130000000e+01
        ],
        [
          -9.171324600000000e+01,
          2.955551530000000e+01
        ],
        [
          -9.171108700000001e+01,
          2.956933330000000e+01
        ],
        [
          -9.173154700000001e+01,
          2.956254430000000e+01
        ],
        [
          -9.173333000000000e+01,
          2.958083930000000e+01
        ],
        [
          -9.174632900000000e+01,
          2.957434230000000e+01
        ],
        [
          -9.176517910000000e+01,
          2.957505130000000e+01
        ],
        [
          -9.177658810000000e+01,
          2.958383630000000e+01
        ],
        [
          -9.178466910000000e+01,
          2.959406730000000e+01
        ],
        [
          -9.180273310000000e+01,
          2.958869330000000e+01
        ],
        [
          -9.180663710000000e+01,
          2.960020230000000e+01
        ],
        [
          -9.183095109999999e+01,
          2.961162330000000e+01
        ],
        [
          -9.184824810000001e+01,
          2.962712930000000e+01
        ],
        [
          -9.186643110000000e+01,
          2.962971230000000e+01
        ],
        [
          -9.188627710000000e+01,
          2.962847230000000e+01
        ],
        [
          -9.190053810000001e+01,
          2.963446330000000e+01
        ],
        [
          -9.192787110000000e+01,
          2.963250130000000e+01
        ],
        [
          -9.193990909999999e+01,
          2.961029630000000e+01
        ],
        [
          -9.196089310000001e+01,
          2.960894230000000e+01
        ],
        [
          -9.198265610000000e+01,
          2.961421530000000e+01
        ],
        [
          -9.200535410000001e+01,
          2.960305730000000e+01
        ],
        [
          -9.200926970000000e+01,
          2.959926370000000e+01
        ],
        [
          -9.201783310000000e+01,
          2.959096730000000e+01
        ]
      ]
    ]
  ],
  ""type"": ""MultiPolygon""
}",1066,22,045,22045,Iberia Parish,LA,194700,0,1384,,2,,2,18552.760752569,,,2,,2,10375.791100787,,12679.751024453,21.8,39458,5096,12.914998226,68975,32,46.393620877,,,4768,3214,2132,2827,23.5,43.3,16111,533,,,46.758414857,23.33722287,,24.66367713,26.138176463,33.082986779,498289,69,,,31.84474749,,,4.787748835,13.847385754,825,693,84,27685,1163,4.200830775,5616,,52.643678161,55.772040916,29.206049149,17.616704668,33.2,4.352060493,6600,0,731,,11.764705882,15.960912052,10.071942446,,15.957446809,6.957831325,11.075757576,498289,115,,,20.605424846,,,25.990636531,23.078976257,5.672450539,20804,107878,5.185445107,68975,525,761.1,16.428098647,,27,44,,45,44,68327,68327,17133,25.075006952,68327,11321,16.568852723,68327,22082,32.318117289,68327,464,0.67908733,68327,3070,4.49309936,68327,34814,50.952039457,69929,22683,32.437186289,65203,1136,1.742251123,13.2,56653,246,434.2,68327,109,159.526980549,75625,56823,35204,65128,62747,45077,10361,5271,50.873467812,28561,23306,,,80.196078431,84.074941452,84.282676813,81.600784286,17229,7920,45.969005746,32.8,68327,55,0.08049526541,68327,1797,2.629999854,17734,6048,34.103981053,73240,4266.110403935,5.824836707,56430,5802,10.281765019,68327,41,60.005561491,17827,775,4.347338307,1,8.6,68327,39779,58.218566599,194700,1384,,,847.181180316,,,490.626893606,580.26500127,77685,72,,,135.708227311,,,76.119481338,92.681984939,6833,58,,,14.030164854,,,,,8.488218938,68327,53,77.568164854,69929,48021,68.671080668,15.6,5.824836707,6.9,62,13,20.967741935,350913,350,,,103.466572338,,,107.048668217,99.739821551,26775,4520,11.456347693,4.108309991,2.072829132,16.881419234,28561,30,207796,60,,,14.872321123,,,38.743075706,28.874473041,10980,15.6,68975,45,6.524102936,44.654359119,39.4,13.9,20.2,,78.222935008,67.997315819,96.105042847,,74.444852027,72.605785362,350913,78,,,41.563494871,,,13.624375955,22.22773166,3576,371,10.374720358,58939,38213,0.6483482923,26954,18474,68.538992357,25409,3324,13.081978826,,35,41,30,45,44,31.572421743,,,,,,,,,,,,,,,,,350913,48,13.678604098,,,,,,16.398351517,12.760900547,26954,22743,84.377086889,0.1441742782,45952,38008,82.712395543,-11795.65,,45077,,30.112917896,4852,16,3.297609233,51305,32713,63.761816587,59.6,2024,2158231290.71289,355446.199077892
"{
  ""coordinates"": [
    [
      [
        [
          -8.888453930000000e+01,
          3.073559660000000e+01
        ],
        [
          -8.888453830000000e+01,
          3.067729760000000e+01
        ],
        [
          -8.888313530000001e+01,
          3.041880360000000e+01
        ],
        [
          -8.886763430000001e+01,
          3.041890360000000e+01
        ],
        [
          -8.885166030000001e+01,
          3.040974160000000e+01
        ],
        [
          -8.881431550000001e+01,
          3.037574230000000e+01
        ],
        [
          -8.881162030000000e+01,
          3.038491250000000e+01
        ],
        [
          -8.877174730000000e+01,
          3.036540850000000e+01
        ],
        [
          -8.874695029999999e+01,
          3.034762750000000e+01
        ],
        [
          -8.872889830000000e+01,
          3.034267650000000e+01
        ],
        [
          -8.870059230000000e+01,
          3.034369450000000e+01
        ],
        [
          -8.866382520000001e+01,
          3.036210450000000e+01
        ],
        [
          -8.863770220000001e+01,
          3.035985350000000e+01
        ],
        [
          -8.861301120000000e+01,
          3.035396950000000e+01
        ],
        [
          -8.860001520000000e+01,
          3.035658060000000e+01
        ],
        [
          -8.858193420000001e+01,
          3.033106850000000e+01
        ],
        [
          -8.856777120000000e+01,
          3.032956150000000e+01
        ],
        [
          -8.853621920000001e+01,
          3.034330450000000e+01
        ],
        [
          -8.852249920000000e+01,
          3.034009750000000e+01
        ],
        [
          -8.850633920000000e+01,
          3.032740350000000e+01
        ],
        [
          -8.850623120000000e+01,
          3.032239850000000e+01
        ],
        [
          -8.850480720000000e+01,
          3.032147750000000e+01
        ],
        [
          -8.848012220000000e+01,
          3.031835050000000e+01
        ],
        [
          -8.847188020000000e+01,
          3.032002550000000e+01
        ],
        [
          -8.845381519999999e+01,
          3.032963150000000e+01
        ],
        [
          -8.844663020000000e+01,
          3.033767660000000e+01
        ],
        [
          -8.844650020000000e+01,
          3.034775860000000e+01
        ],
        [
          -8.843389620000001e+01,
          3.035465760000000e+01
        ],
        [
          -8.841881619999999e+01,
          3.035391660000000e+01
        ],
        [
          -8.840993220000000e+01,
          3.034212060000000e+01
        ],
        [
          -8.840118620000000e+01,
          3.034438760000000e+01
        ],
        [
          -8.839398520000000e+01,
          3.034931260000000e+01
        ],
        [
          -8.839415520000000e+01,
          3.035249860000000e+01
        ],
        [
          -8.839708720000000e+01,
          3.035479060000000e+01
        ],
        [
          -8.839906720000000e+01,
          3.036074960000000e+01
        ],
        [
          -8.839724120000000e+01,
          3.036769460000000e+01
        ],
        [
          -8.839502820000000e+01,
          3.036943060000000e+01
        ],
        [
          -8.840228820000000e+01,
          3.051085760000000e+01
        ],
        [
          -8.840355219999999e+01,
          3.053310560000000e+01
        ],
        [
          -8.840393620000000e+01,
          3.054336460000000e+01
        ],
        [
          -8.840401820000000e+01,
          3.054506560000000e+01
        ],
        [
          -8.840748920000000e+01,
          3.062274160000000e+01
        ],
        [
          -8.840746720000000e+01,
          3.063165860000000e+01
        ],
        [
          -8.840807520000000e+01,
          3.063697560000000e+01
        ],
        [
          -8.840957620000000e+01,
          3.066873660000000e+01
        ],
        [
          -8.841134420000000e+01,
          3.070633960000000e+01
        ],
        [
          -8.841155520000000e+01,
          3.071296160000000e+01
        ],
        [
          -8.841221419999999e+01,
          3.073040060000000e+01
        ],
        [
          -8.841227520000000e+01,
          3.073177660000000e+01
        ],
        [
          -8.841245580000000e+01,
          3.073560330000000e+01
        ],
        [
          -8.883408630000000e+01,
          3.073424160000000e+01
        ],
        [
          -8.888453930000000e+01,
          3.073559660000000e+01
        ]
      ]
    ],
    [
      [
        [
          -8.877199630000000e+01,
          3.024552850000000e+01
        ],
        [
          -8.876835629999999e+01,
          3.023678850000000e+01
        ],
        [
          -8.875717530000000e+01,
          3.023327550000000e+01
        ],
        [
          -8.874142030000000e+01,
          3.023327550000000e+01
        ],
        [
          -8.871499129999999e+01,
          3.023766650000000e+01
        ],
        [
          -8.867179120000000e+01,
          3.022317550000000e+01
        ],
        [
          -8.864434620000000e+01,
          3.022054050000000e+01
        ],
        [
          -8.861131120000000e+01,
          3.021702650000000e+01
        ],
        [
          -8.858742920000000e+01,
          3.021915950000000e+01
        ],
        [
          -8.860876920000000e+01,
          3.023195750000000e+01
        ],
        [
          -8.865603620000000e+01,
          3.023942250000000e+01
        ],
        [
          -8.868856320000000e+01,
          3.024996050000000e+01
        ],
        [
          -8.871499129999999e+01,
          3.025698450000000e+01
        ],
        [
          -8.873684530000000e+01,
          3.025303350000000e+01
        ],
        [
          -8.877199630000000e+01,
          3.024552850000000e+01
        ]
      ]
    ],
    [
      [
        [
          -8.851067920000000e+01,
          3.021702650000000e+01
        ],
        [
          -8.850864720000000e+01,
          3.020560750000000e+01
        ],
        [
          -8.849441620000000e+01,
          3.019682250000000e+01
        ],
        [
          -8.845375720000000e+01,
          3.018935450000000e+01
        ],
        [
          -8.842936120000000e+01,
          3.019286950000000e+01
        ],
        [
          -8.840458620000000e+01,
          3.020616750000000e+01
        ],
        [
          -8.840852420000000e+01,
          3.021878350000000e+01
        ],
        [
          -8.842834520000000e+01,
          3.021483150000000e+01
        ],
        [
          -8.844308420000000e+01,
          3.020824250000000e+01
        ],
        [
          -8.845324920000000e+01,
          3.020648650000000e+01
        ],
        [
          -8.846544620000000e+01,
          3.020824250000000e+01
        ],
        [
          -8.849238320000001e+01,
          3.021922250000000e+01
        ],
        [
          -8.851067920000000e+01,
          3.021702650000000e+01
        ]
      ]
    ]
  ],
  ""type"": ""MultiPolygon""
}",1069,28,059,28059,Jackson County,MS,403687,0,2810,,2,4594.952889758,1,15072.234052727,,4628.483347413,,,2,11159.740191335,,11305.491196981,19.2,85707,14298,16.682418006,143987,66,45.837471438,,,5452,,3009,3299,17.7,35.4,31322,724,,,28.959039917,25.16904583,,14.787430684,21.64592701,23.114743631,999501,78,,,24.05217908,,,3.702425681,7.803894143,1782,1584.735,88.93013468,58527,2491,4.256155279,6920,,,39.914793595,19.556213018,11.996061768,21.6,3.616005112,11178,0,1155,,9.854014599,16.952242071,6.673728814,,8.441558442,8.239647076,10.332796565,999501,177,,,12.733506572,,,20.43738976,17.70883671,4.905588668,24151,112310,4.650325038,143987,1019,707.7,16.430461731,,32,46,15,39,40,144975,144975,32676,22.539058458,144975,25141,17.341610623,144975,30204,20.833936886,144975,725,0.5000862218,144975,10869,7.497154682,144975,73764,50.880496637,143252,43464,30.340937648,135694,1583,1.166595428,11.4,121221,287,236.8,144975,254,175.202621142,23649,88763,36888,52418,66104,61515,22891,22833,99.746625311,61439,52213,,75.815738964,84.277380504,87.980769231,83.437602898,84.983479549,37127,24838,66.900099658,27,144975,145,0.1000172444,144975,3383,2.333505777,33066,11154,33.73253493,139668,16225.22153428,11.616992822,118617,16187,13.64644191,144975,61,42.076220038,34639,2121,6.12315598,1,8.6,144975,96958,66.879117089,403687,2810,,209.907600056,673.042851087,238.359161435,,542.4192316,541.637330712,145529,112,,,125.148986889,,,74.070697632,76.96060579,11284,83,,,12.635379061,,,,5.767337178,7.355547678,144975,191,131.746852906,143252,109628,76.528076397,15.6,11.616992822,6.3,130,34,26.153846154,716835,745,,,89.259149063,40.543279951,,119.643718394,103.929077124,53880,7225,12.055185538,1.698218263,0.296956199,13.409428359,61439,35.6,431406,184,,,33.043286706,,,50.645122392,42.651238045,22330,15.6,143987,122,8.472987145,58.027405357,34.5,11.5,16.3,,85.864896163,70.766686187,87.363046548,,73.810469492,73.79163416,716835,130,,,33.720122979,,,15.524703944,18.135275203,7740,902,11.65374677,57558,41137,0.714705167,55373,39390,71.135752081,52814,7232,13.693338887,,27,33,18,37,36,46.842186011,15900,135,187,20.251572327,,3.429012197,2.834278773,2.951331532,3.399469351,3.203678375,,3.75051746,2.768857148,2.920457946,3.35716196,3.161781752,716835,117,16.321747683,,,,,,21.304994813,16.624618369,55373,47834,86.385061311,0.1742578803,98824,87694,88.737553631,-7043.511025,,61515,,16.252946436,8144,54,6.63064833,107970,54543,50.516810225,65.1,2024,2694571544.8457,282339.183340622
"{
  ""coordinates"": [
    [
      [
        [
          -9.096335300000000e+01,
          3.283825400000000e+01
        ],
        [
          -9.096487000000000e+01,
          3.266280400000000e+01
        ],
        [
          -9.072316490000000e+01,
          3.266213400000000e+01
        ],
        [
          -9.071221190000000e+01,
          3.268745000000000e+01
        ],
        [
          -9.069931390000001e+01,
          3.268926200000000e+01
        ],
        [
          -9.069488389999999e+01,
          3.267109600000000e+01
        ],
        [
          -9.068417690000000e+01,
          3.266375300000000e+01
        ],
        [
          -9.066768390000000e+01,
          3.267098900000000e+01
        ],
        [
          -9.066441390000000e+01,
          3.268913500000000e+01
        ],
        [
          -9.069327690000000e+01,
          3.270652900000000e+01
        ],
        [
          -9.071374090000000e+01,
          3.270731900000000e+01
        ],
        [
          -9.074263990000000e+01,
          3.272923100000000e+01
        ],
        [
          -9.073612890000000e+01,
          3.275600200000000e+01
        ],
        [
          -9.071763390000000e+01,
          3.274799900000000e+01
        ],
        [
          -9.069306690000001e+01,
          3.275430300000000e+01
        ],
        [
          -9.068976390000000e+01,
          3.276588700000000e+01
        ],
        [
          -9.070767590000000e+01,
          3.277779100000000e+01
        ],
        [
          -9.071542090000000e+01,
          3.278986700000000e+01
        ],
        [
          -9.070950490000000e+01,
          3.280689000000000e+01
        ],
        [
          -9.069463690000001e+01,
          3.281564800000000e+01
        ],
        [
          -9.072339490000000e+01,
          3.281888800000000e+01
        ],
        [
          -9.074102190000001e+01,
          3.280913800000000e+01
        ],
        [
          -9.074862090000001e+01,
          3.281822700000000e+01
        ],
        [
          -9.075964089999999e+01,
          3.281401200000000e+01
        ],
        [
          -9.075975889999999e+01,
          3.283576900000000e+01
        ],
        [
          -9.070708390000000e+01,
          3.287848900000000e+01
        ],
        [
          -9.065663790000001e+01,
          3.292251600000000e+01
        ],
        [
          -9.065805490000000e+01,
          3.309652010000000e+01
        ],
        [
          -9.070185090000000e+01,
          3.309630010000000e+01
        ],
        [
          -9.086287200000000e+01,
          3.309511200000000e+01
        ],
        [
          -9.086373600000000e+01,
          3.309751400000000e+01
        ],
        [
          -9.091447100000001e+01,
          3.309742300000000e+01
        ],
        [
          -9.091434300000000e+01,
          3.300770300000000e+01
        ],
        [
          -9.091404600000000e+01,
          3.294420400000000e+01
        ],
        [
          -9.094016100000000e+01,
          3.288584400000000e+01
        ],
        [
          -9.094018300000000e+01,
          3.286207400000000e+01
        ],
        [
          -9.095603000000000e+01,
          3.285291100000000e+01
        ],
        [
          -9.096335300000000e+01,
          3.283825400000000e+01
        ]
      ]
    ]
  ],
  ""type"": ""MultiPolygon""
}",1077,28,125,28125,Sharkey County,MS,11143,0,139,,2,,2,21781.569780767,,,2,,2,12365.3540783,1,18985.393391839,29.2,1934,407,21.044467425,3663,1,27.3000273,,,5145,,737,3275,23.9,47.8,865,58,,,87.301587302,,,,,67.052023121,,,,,,,,,,,,,1320,78,5.909090909,450,,,39.136302294,,,54.3,4.498130119,388,0,56,,,14.893617021,,,,,14.432989691,30093,12,,,,,,,39.876383212,5.196240066,16509,104250,6.314737416,3663,47,1283.1,10.702494459,,,32,,40,36,3488,3488,839,24.053899083,3488,749,21.473623853,3488,2480,71.100917431,3488,9,0.2580275229,3488,93,2.666284404,3488,1823,52.264908257,3800,3800,100,3669,1,0.02725538294,17,,,,3488,1,28.669724771,,,28036,,108333,36375,618,618,100,1474,1155,,,70.963704631,,93.243243243,78.358208955,840,270,32.142857143,38.3,3488,0,0,3488,34,0.9747706422,924,494,53.463203463,4916,228.723535419,4.652634976,2761,473,17.131474104,3488,0,0,869,74,8.515535098,1,8.5,3488,847,24.283256881,11143,139,,,1026.540028757,,,705.60361029,908.226599768,,,,,,,,,,,,,,,,,,,,3488,3,86.009174312,3800,47,1.236842105,18.3,4.652634976,6.5,8,2,25,20956,30,,,128.673980767,,,184.979652238,143.157091048,1755,185,3.076923077,5.698005698,1.709401709,10.541310541,1474,36.7,,,,,,,,,,760,18.3,3663,8,21.84002184,21.413686876,38.8,14.7,18.2,,,67.063190051,,,,68.499224047,,,,,,,,,,,,,50000,35599,0.71198,1374,796,57.933042213,1151,106,9.209383145,,,22,,44,35,8.928638902,500,,,,,,2.432975431,,,2.450545617,,,2.284300652,,,2.299509094,,,,,,,,,,,1374,798,58.07860262,,2511,2002,79.729191557,-43617.61,,36375,,19.623367698,217,1,4.608294931,3365,2183,64.873699851,48.6,2024,1600338609.22656,208715.044610462
"{
  ""coordinates"": [
    [
      [
        [
          -9.263216730000001e+01,
          3.031429440000000e+01
        ],
        [
          -9.262121130000000e+01,
          3.030833340000000e+01
        ],
        [
          -9.262757929999999e+01,
          3.029934740000000e+01
        ],
        [
          -9.262249030000000e+01,
          3.024176340000000e+01
        ],
        [
          -9.262661830000000e+01,
          3.023027740000000e+01
        ],
        [
          -9.261474230000000e+01,
          3.021503940000000e+01
        ],
        [
          -9.258309530000000e+01,
          3.020097340000000e+01
        ],
        [
          -9.259106130000001e+01,
          3.020162840000000e+01
        ],
        [
          -9.259113530000000e+01,
          3.018237040000000e+01
        ],
        [
          -9.261871230000000e+01,
          3.017477140000000e+01
        ],
        [
          -9.260798930000000e+01,
          3.015858540000000e+01
        ],
        [
          -9.262864630000000e+01,
          3.013374840000000e+01
        ],
        [
          -9.261834430000000e+01,
          3.010415540000000e+01
        ],
        [
          -9.262549030000000e+01,
          3.009233540000000e+01
        ],
        [
          -9.261865630000000e+01,
          3.008887040000000e+01
        ],
        [
          -9.256775829999999e+01,
          3.010467440000000e+01
        ],
        [
          -9.255713230000001e+01,
          3.011599840000000e+01
        ],
        [
          -9.253398630000000e+01,
          3.010407540000000e+01
        ],
        [
          -9.251686030000000e+01,
          3.008545740000000e+01
        ],
        [
          -9.246976130000000e+01,
          3.006203540000000e+01
        ],
        [
          -9.242317220000000e+01,
          3.004932540000000e+01
        ],
        [
          -9.237615620000000e+01,
          3.006657140000000e+01
        ],
        [
          -9.233237020000000e+01,
          3.010153040000000e+01
        ],
        [
          -9.232410419999999e+01,
          3.012346740000000e+01
        ],
        [
          -9.230396120000000e+01,
          3.012899940000000e+01
        ],
        [
          -9.228468119999999e+01,
          3.014744840000000e+01
        ],
        [
          -9.227502819999999e+01,
          3.014616240000000e+01
        ],
        [
          -9.224633420000001e+01,
          3.018546440000000e+01
        ],
        [
          -9.224787920000000e+01,
          3.021134240000000e+01
        ],
        [
          -9.220990020000001e+01,
          3.022636240000000e+01
        ],
        [
          -9.221021120000000e+01,
          3.024189740000000e+01
        ],
        [
          -9.217610320000000e+01,
          3.024108140000000e+01
        ],
        [
          -9.217628920000000e+01,
          3.027022440000000e+01
        ],
        [
          -9.215930020000000e+01,
          3.027002440000000e+01
        ],
        [
          -9.215951620000000e+01,
          3.028465540000000e+01
        ],
        [
          -9.214213420000000e+01,
          3.028455140000000e+01
        ],
        [
          -9.214219020000000e+01,
          3.029882240000000e+01
        ],
        [
          -9.214151520000000e+01,
          3.032076940000000e+01
        ],
        [
          -9.215846620000001e+01,
          3.032081140000000e+01
        ],
        [
          -9.215856020000000e+01,
          3.034245040000000e+01
        ],
        [
          -9.215861120000000e+01,
          3.034991440000000e+01
        ],
        [
          -9.217578420000000e+01,
          3.034970540000000e+01
        ],
        [
          -9.217606520000000e+01,
          3.040047640000000e+01
        ],
        [
          -9.217645020000000e+01,
          3.043685740000000e+01
        ],
        [
          -9.224425620000000e+01,
          3.043668340000000e+01
        ],
        [
          -9.224480120000000e+01,
          3.048019850000000e+01
        ],
        [
          -9.249326530000000e+01,
          3.048050440000000e+01
        ],
        [
          -9.263203129999999e+01,
          3.048118740000000e+01
        ],
        [
          -9.262601930000000e+01,
          3.046603640000000e+01
        ],
        [
          -9.260060330000000e+01,
          3.043748840000000e+01
        ],
        [
          -9.259459230000000e+01,
          3.042034440000000e+01
        ],
        [
          -9.260540430000000e+01,
          3.040720740000000e+01
        ],
        [
          -9.260840829999999e+01,
          3.038588940000000e+01
        ],
        [
          -9.262970129999999e+01,
          3.037893140000000e+01
        ],
        [
          -9.261951130000000e+01,
          3.034005740000000e+01
        ],
        [
          -9.263216730000001e+01,
          3.031429440000000e+01
        ]
      ]
    ]
  ],
  ""type"": ""MultiPolygon""
}",1130,22,001,22001,Acadia Parish,LA,169416,0,1360,,2,,2,21590.181897661,,,2,,2,12007.539582298,,13531.467813022,22.4,32972,4053,12.292247968,57288,21,36.656891496,,,5414,,3253,3536,25.4,39.5,13657,475,,,59.191176471,34.482758621,,62.663185379,27.428458263,34.780698543,431253,56,,,53.34998894,,,4.500247514,12.985416913,538,462.68,86,23943,874,3.650336215,4646,,,54.126213592,41.955835962,28.052395066,32.6,4.733842378,5961,0,551,,,17.121212121,8.585858586,,,6.871109062,9.243415534,431253,83,,,14.313411667,,,20.701138563,19.246242925,6.48488367,17510,103401,5.90525414,57288,378,659.8,18.65391026,,,41,,50,49,56744,56744,14520,25.588608487,56744,9379,16.528619766,56744,9803,17.275835331,56744,277,0.4881573382,56744,1964,3.461158889,56744,28993,51.094388834,57576,35517,61.687161317,53813,234,0.4348391653,12.5,46911,249,530.8,56744,71,125.12336106,,,26022,38967,50438,42981,9365,4360,46.556326749,22432,18828,,,75.965665236,,83.099662162,83.933666191,14767,6260,42.391819598,33.3,56744,21,0.03700831806,56744,211,0.3718454815,14892,4767,32.010475423,61773,1967.887624148,3.185675982,47464,4654,9.805326142,56744,25,44.0575215,15209,662,4.35268591,1,8.6,56744,43594,76.825743691,169416,1360,,,1067.069137148,,,583.334227577,652.056300306,68132,54,,,106.549225742,,,74.248236604,79.257911114,6022,35,,,,,,,,5.812022584,56744,29,51.10672494,57576,26335,45.739544255,16,3.185675982,7.1,86,23,26.744186047,306031,304,,,123.415856174,,,97.805101108,99.336341743,22600,2655,8.57914884,2.5,1.10619469,11.747787611,22432,37.2,181251,64,,,,,,41.520806935,35.310150013,9320,16,57288,45,7.855048178,61.494346861,35.3,14.8,21.1,,,65.212256734,,,72.754107719,71.514626894,306031,64,,,58.944886531,,,13.548758595,20.912914051,3381,482,14.256137238,56768,34259,0.6034914036,21388,14627,68.388816159,19997,2201,11.006650998,,38,40,21,46,45,29.063048781,,,,,,,,,,,,,,,,,306031,50,16.338214102,,,,,,19.36494657,17.335767822,21388,16768,78.3991023,0.1501998559,38069,30496,80.107173816,-2825.59,,42981,,31.581396431,3937,12,3.048006096,45775,28425,62.097214637,57.7,2024,2292784704.26953,219148.225049364
"{
  ""coordinates"": [
    [
      [
        [
          -8.972051879999999e+01,
          3.446474940000000e+01
        ],
        [
          -8.972217070000001e+01,
          3.442264540000000e+01
        ],
        [
          -8.971947170000000e+01,
          3.433601530000000e+01
        ],
        [
          -8.972105569999999e+01,
          3.419255130000000e+01
        ],
        [
          -8.950944570000000e+01,
          3.419096630000000e+01
        ],
        [
          -8.950975370000000e+01,
          3.416208830000000e+01
        ],
        [
          -8.924549060000000e+01,
          3.416119230000000e+01
        ],
        [
          -8.924634460000000e+01,
          3.437935040000000e+01
        ],
        [
          -8.924613859999999e+01,
          3.449563940000000e+01
        ],
        [
          -8.926431359999999e+01,
          3.450543240000000e+01
        ],
        [
          -8.928451459999999e+01,
          3.450689340000000e+01
        ],
        [
          -8.929290260000001e+01,
          3.451715640000000e+01
        ],
        [
          -8.931870460000000e+01,
          3.452024640000000e+01
        ],
        [
          -8.932543860000000e+01,
          3.452562940000000e+01
        ],
        [
          -8.935368370000000e+01,
          3.452225840000000e+01
        ],
        [
          -8.937919770000001e+01,
          3.451689040000000e+01
        ],
        [
          -8.939201370000001e+01,
          3.452531740000000e+01
        ],
        [
          -8.941268870000000e+01,
          3.452587940000000e+01
        ],
        [
          -8.942446470000000e+01,
          3.451913540000000e+01
        ],
        [
          -8.945566370000000e+01,
          3.453251340000000e+01
        ],
        [
          -8.947664770000000e+01,
          3.455417440000000e+01
        ],
        [
          -8.966845370000000e+01,
          3.455437340000000e+01
        ],
        [
          -8.972134680000001e+01,
          3.455428040000000e+01
        ],
        [
          -8.972051879999999e+01,
          3.446474940000000e+01
        ]
      ]
    ]
  ],
  ""type"": ""MultiPolygon""
}",1137,28,071,28071,Lafayette County,MS,156821,0,681,,2,,2,11903.849851906,,,2,,2,6975.888584368,,8280.726406706,18.2,33820,5466,16.162034299,56884,40,70.318543,,,6162,,2959,3547,16.6,35.9,20701,204,,,21.249195106,24.822695035,,,5.91112923,9.854596396,381428,19,,,12.246442965,,,,4.981280871,545,492.71,90.405504587,28008,890,3.177663525,1809,,14.181818182,23.246977547,10.714285714,13.654159869,17.8,3.637093133,3819,0,318,,,13.488372093,6.808510638,,,6.31130064,8.326787117,381428,79,,,24.49288593,,,20.892793852,20.711641516,4.805314083,22758,128316,5.638281044,56884,388,682.1,17.049261122,,38,47,,46,46,57615,57615,10322,17.915473401,57615,8088,14.038010935,57615,13606,23.61537794,57615,182,0.3158899592,57615,1534,2.662501085,57615,29738,51.615030808,55813,22295,39.945890742,53447,203,0.3798155182,11.4,49403,101,204.4,57615,404,701.206283086,,52817,36466,,70233,61736,7505,7475,99.600266489,24693,20281,,,84.025755021,,83.553855146,82.132588183,13877,10691,77.041147222,26,57615,56,0.09719691053,57615,1312,2.277184761,10078,2484,24.647747569,47351,7954.323217008,16.798638291,44310,6183,13.953960731,57615,29,50.33411438,10984,804,7.3197378,0,9.1,57615,40323,69.986982557,156821,681,,,600.610616275,,,345.704591962,401.426443469,55334,34,,,78.386660016,,,46.301340015,61.445042831,3875,39,,,,,,,,10.064516129,57615,93,161.416297839,55813,43040,77.114650709,13.3,16.798638291,6.3,55,9,16.363636364,274478,174,,,58.891902363,,,67.986963111,63.393058824,18585,3320,16.908077994,1.560398171,0.4304546677,17.863868711,24693,21.8,165311,26,,,,,,18.128922538,15.727930991,7410,13.3,56884,69,12.129948667,30.140744467,32.4,11.3,15.8,,,72.56363229,,,77.613963198,76.424375028,274478,31,,,18.597442852,,,9.860704573,11.294165653,,,,55207,43114,0.7809516909,18702,12041,64.383488397,17628,3036,17.222600408,,59,37,,55,52,59.216290341,4500,17,24,9.111111111,,,2.913456856,2.671097006,3.479051018,3.268754246,,,3.194883498,3.470775451,3.682434211,3.530347922,274478,29,10.565509804,,,,,,12.367288156,11.513819154,18702,16644,88.995829323,0.03723899808,32280,29624,91.771995043,-2484.129,,61736,,18.872294933,2831,14,4.945249029,42820,23423,54.701074264,51.3,2024,2586715028.40625,207765.878422789
"{
  ""coordinates"": [
    [
      [
        [
          -8.881305840000000e+01,
          3.328643020000000e+01
        ],
        [
          -8.881278740000000e+01,
          3.292597910000000e+01
        ],
        [
          -8.834785530000001e+01,
          3.292908370000000e+01
        ],
        [
          -8.834043730000000e+01,
          3.299120510000000e+01
        ],
        [
          -8.833093930000000e+01,
          3.307313110000000e+01
        ],
        [
          -8.831714030000001e+01,
          3.318412920000000e+01
        ],
        [
          -8.831524030000000e+01,
          3.320332920000000e+01
        ],
        [
          -8.831254029999999e+01,
          3.322092920000000e+01
        ],
        [
          -8.830442230000000e+01,
          3.328832410000000e+01
        ],
        [
          -8.866908140000000e+01,
          3.328692820000000e+01
        ],
        [
          -8.881305840000000e+01,
          3.328643020000000e+01
        ]
      ]
    ]
  ],
  ""type"": ""MultiPolygon""
}",1180,28,103,28103,Noxubee County,MS,28578,0,235,,2,,2,17563.734325288,,,2,,2,8964.921581384,1,15104.835174276,29.4,5568,1180,21.192528736,10123,1,9.878494517,,,4253,,1464,3362,24.5,47.8,2239,81,,,41.103603604,,,,,36.176864672,74134,14,,,22.583559169,,,,18.88472226,95,83.125,87.5,3400,203,5.970588235,1015,,,44.466600199,,,40.5,4.456048508,1102,0,144,,,15.984654731,,,,5.53633218,13.067150635,74134,30,,,37.639265282,,,,40.467261985,5.109597889,14318,74849,5.227615589,10123,127,1254.6,11.77472166,,,34,,42,38,9990,9990,2535,25.375375375,9990,1793,17.947947948,9990,7188,71.951951952,9990,33,0.3303303303,9990,154,1.541541542,9990,5236,52.412412412,10285,10285,100,9499,52,0.5474260448,17,8310,35,421.2,9990,21,210.21021021,,,32632,,54852,36608,1391,1391,100,3788,3324,,,92.48447205,,95.384615385,87.750791975,2110,918,43.507109005,38.5,9990,2,0.02002002002,9990,28,0.2802802803,2548,1637,64.246467818,11545,833.305955728,7.217894809,7911,1327,16.774111996,9990,4,40.04004004,2462,159,6.458164094,0,9.3,9990,2526,25.285285285,28578,235,,,789.767803582,,,396.860175988,674.665591017,11074,10,,,,,,,90.301607369,,,,,,,,,,,9990,13,130.13013013,10285,4669,45.39620807,18.1,7.217894809,6.2,27,1,3.703703704,52053,61,,,117.609323212,,,120.400331101,117.188250437,4015,690,12.977099237,3.486924035,1.743462017,17.185554172,3788,45,,,,,,,,,,1880,18.1,10123,12,11.854193421,25.779209673,39.5,14.9,18.5,,,68.816733985,,,76.669732438,71.064762436,52053,16,,,32.075269967,,,,30.737901754,,,,50918,35205,0.6914057897,3696,2759,74.648268398,3314,527,15.902232951,,,30,,40,35,10.564388182,1100,8,-888,,,,2.640657875,,,2.662364654,,,2.320337797,,,2.358484969,,,,,,,,,,,3696,2571,69.561688312,0.02246149,6679,5416,81.08998353,-34871.09,,36608,,20.927119755,756,5,6.613756614,7885,5339,67.710843373,44.2,2024,2589481104.41797,204268.910951694
"{
  ""coordinates"": [
    [
      [
        [
          -9.298146650000000e+01,
          3.134686960000000e+01
        ],
        [
          -9.298139949999999e+01,
          3.133942160000000e+01
        ],
        [
          -9.296441150000000e+01,
          3.133965060000000e+01
        ],
        [
          -9.296426450000000e+01,
          3.133239360000000e+01
        ],
        [
          -9.293055540000000e+01,
          3.133221460000000e+01
        ],
        [
          -9.293042140000000e+01,
          3.132445360000000e+01
        ],
        [
          -9.289645340000000e+01,
          3.132473060000000e+01
        ],
        [
          -9.287972139999999e+01,
          3.131744460000000e+01
        ],
        [
          -9.287963440000000e+01,
          3.128846960000000e+01
        ],
        [
          -9.286266740000001e+01,
          3.128848660000000e+01
        ],
        [
          -9.286277440000001e+01,
          3.127420960000000e+01
        ],
        [
          -9.284642040000000e+01,
          3.127408560000000e+01
        ],
        [
          -9.284606239999999e+01,
          3.125294560000000e+01
        ],
        [
          -9.282953139999999e+01,
          3.125206060000000e+01
        ],
        [
          -9.282778240000000e+01,
          3.101098350000000e+01
        ],
        [
          -9.282387640000000e+01,
          3.089207650000000e+01
        ],
        [
          -9.272097239999999e+01,
          3.089136750000000e+01
        ],
        [
          -9.260632430000000e+01,
          3.089889050000000e+01
        ],
        [
          -9.259780430000001e+01,
          3.089600650000000e+01
        ],
        [
          -9.256726030000000e+01,
          3.089624250000000e+01
        ],
        [
          -9.254797130000000e+01,
          3.090308950000000e+01
        ],
        [
          -9.250904930000000e+01,
          3.089584650000000e+01
        ],
        [
          -9.248725229999999e+01,
          3.090908550000000e+01
        ],
        [
          -9.247886430000000e+01,
          3.092513250000000e+01
        ],
        [
          -9.248033630000000e+01,
          3.095227650000000e+01
        ],
        [
          -9.245967530000000e+01,
          3.095575950000000e+01
        ],
        [
          -9.243887630000000e+01,
          3.096979750000000e+01
        ],
        [
          -9.241865730000001e+01,
          3.097497360000000e+01
        ],
        [
          -9.240938330000000e+01,
          3.099229360000000e+01
        ],
        [
          -9.238336830000000e+01,
          3.100140860000000e+01
        ],
        [
          -9.237414230000000e+01,
          3.099260860000000e+01
        ],
        [
          -9.234176930000000e+01,
          3.098150860000000e+01
        ],
        [
          -9.233080430000000e+01,
          3.096330960000000e+01
        ],
        [
          -9.228074429999999e+01,
          3.096507660000000e+01
        ],
        [
          -9.221603720000000e+01,
          3.096519760000000e+01
        ],
        [
          -9.220861120000001e+01,
          3.096217660000000e+01
        ],
        [
          -9.221673520000000e+01,
          3.099137860000000e+01
        ],
        [
          -9.223426420000000e+01,
          3.113147160000000e+01
        ],
        [
          -9.222499320000000e+01,
          3.114163260000000e+01
        ],
        [
          -9.223381720000000e+01,
          3.115150160000000e+01
        ],
        [
          -9.223323630000000e+01,
          3.132155060000000e+01
        ],
        [
          -9.222184330000000e+01,
          3.133167260000000e+01
        ],
        [
          -9.221107130000000e+01,
          3.132740760000000e+01
        ],
        [
          -9.219386220000000e+01,
          3.133390960000000e+01
        ],
        [
          -9.217827420000000e+01,
          3.132330060000000e+01
        ],
        [
          -9.217674420000000e+01,
          3.131121160000000e+01
        ],
        [
          -9.216270419999999e+01,
          3.130348760000000e+01
        ],
        [
          -9.212640220000000e+01,
          3.130599160000000e+01
        ],
        [
          -9.210971520000000e+01,
          3.131962760000000e+01
        ],
        [
          -9.209584120000000e+01,
          3.132428460000000e+01
        ],
        [
          -9.208672420000001e+01,
          3.133537960000000e+01
        ],
        [
          -9.207239620000000e+01,
          3.134317960000000e+01
        ],
        [
          -9.208329420000000e+01,
          3.136494860000000e+01
        ],
        [
          -9.210265819999999e+01,
          3.137728260000000e+01
        ],
        [
          -9.210930220000000e+01,
          3.137276660000000e+01
        ],
        [
          -9.214876719999999e+01,
          3.140491670000000e+01
        ],
        [
          -9.216188020000000e+01,
          3.143455970000000e+01
        ],
        [
          -9.215448720000001e+01,
          3.144743770000000e+01
        ],
        [
          -9.216749820000000e+01,
          3.145559670000000e+01
        ],
        [
          -9.216070420000000e+01,
          3.146720570000000e+01
        ],
        [
          -9.219613730000000e+01,
          3.147788270000000e+01
        ],
        [
          -9.227963930000000e+01,
          3.146138370000000e+01
        ],
        [
          -9.230149330000000e+01,
          3.145891370000000e+01
        ],
        [
          -9.263195039999999e+01,
          3.139048360000000e+01
        ],
        [
          -9.265865239999999e+01,
          3.138808360000000e+01
        ],
        [
          -9.266966640000000e+01,
          3.140410560000000e+01
        ],
        [
          -9.267915340000000e+01,
          3.139614860000000e+01
        ],
        [
          -9.269289340000000e+01,
          3.139960360000000e+01
        ],
        [
          -9.269467240000000e+01,
          3.140724560000000e+01
        ],
        [
          -9.267761240000000e+01,
          3.141474360000000e+01
        ],
        [
          -9.269442840000001e+01,
          3.142816760000000e+01
        ],
        [
          -9.268016140000000e+01,
          3.144409060000000e+01
        ],
        [
          -9.270623940000000e+01,
          3.145068860000000e+01
        ],
        [
          -9.270695440000000e+01,
          3.147047860000000e+01
        ],
        [
          -9.269315340000000e+01,
          3.147127960000000e+01
        ],
        [
          -9.269873140000000e+01,
          3.149188660000000e+01
        ],
        [
          -9.268332140000000e+01,
          3.149900860000000e+01
        ],
        [
          -9.270195640000000e+01,
          3.149438560000000e+01
        ],
        [
          -9.271890540000000e+01,
          3.151748170000000e+01
        ],
        [
          -9.276155740000000e+01,
          3.148623960000000e+01
        ],
        [
          -9.276168040000000e+01,
          3.147640460000000e+01
        ],
        [
          -9.277906539999999e+01,
          3.147649160000000e+01
        ],
        [
          -9.279578239999999e+01,
          3.145534360000000e+01
        ],
        [
          -9.281338340000001e+01,
          3.145485060000000e+01
        ],
        [
          -9.281313640000000e+01,
          3.144095060000000e+01
        ],
        [
          -9.284684340000000e+01,
          3.143351860000000e+01
        ],
        [
          -9.284696040000000e+01,
          3.141878060000000e+01
        ],
        [
          -9.287166240000001e+01,
          3.141883460000000e+01
        ],
        [
          -9.287149239999999e+01,
          3.140406560000000e+01
        ],
        [
          -9.288847540000000e+01,
          3.140399960000000e+01
        ],
        [
          -9.288844940000000e+01,
          3.138963660000000e+01
        ],
        [
          -9.291348139999999e+01,
          3.138973760000000e+01
        ],
        [
          -9.291333440000000e+01,
          3.136819860000000e+01
        ],
        [
          -9.294727140000001e+01,
          3.136772860000000e+01
        ],
        [
          -9.294716540000000e+01,
          3.134675660000000e+01
        ],
        [
          -9.298146650000000e+01,
          3.134686960000000e+01
        ]
      ]
    ]
  ],
  ""type"": ""MultiPolygon""
}",1197,22,079,22079,Rapides Parish,LA,359450,0,3019,,2,,2,21046.411444706,,6871.579133095,1,,2,12118.192330883,,14467.802773684,19.8,71936,8554,11.891125445,128654,108,83.946087957,,,4024,,2561,2883,22.7,37.4,29712,1001,,,47.205989774,31.368821293,,28.985507246,26.154702282,33.690091546,913644,136,,,36.809604899,,,5.025657778,14.885447724,1556,1353.72,87,56381,1815,3.219169578,8254,,9.459459459,41.921282029,41.21663563,10.193054881,26.7,4.134294018,11825,0,1397,,8.085106383,16.826713226,6.225680934,,11.594202899,8.787207093,11.813953488,913644,181,,,16.168704956,,,22.256484445,19.810779691,5.875543107,22019,118047,5.36114265,128654,1136,883,16.405867294,,49,46,24,46,46,127189,127189,31415,24.699463004,127189,21957,17.263285347,127189,40228,31.628521334,127189,1250,0.9827893922,127189,4793,3.768407645,127189,65490,51.490301834,130023,51718,39.776039624,121059,966,0.7979580205,12.8,106193,432,406.8,127189,724,569.231615942,,82525,36223,49712,67330,55870,21915,8737,39.867670545,54593,44065,,,75.777351248,76.24671916,86.537473013,80.715476343,32782,17018,51.912634983,30.6,127189,67,0.05267751142,127189,1817,1.42858266,31948,10283,32.186678352,131613,25172.387319692,19.126064537,102823,9928,9.655427288,127189,67,52.67751142,32384,1500,4.631916996,0,7.5,127189,77026,60.560268577,359450,3019,,,971.388514902,278.947887741,,590.908371595,682.619238238,140196,104,,,122.147468833,,,53.841598019,74.181859682,12072,73,,,9.611277232,,,,3.863390512,6.047051027,127189,270,212.282508708,130023,90720,69.77227106,13.4,19.126064537,6,125,31,24.8,649079,762,,,135.042255157,69.396252602,,116.69468014,117.397111908,49075,7340,12.594667497,2.363728986,0.8863983698,14.95669893,54593,20.9,386869,177,,,52.691309987,,,44.705010793,45.751921193,17450,13.4,128654,162,12.591913194,60.898285102,37.7,13.2,19.9,,86.406793059,66.343698606,87.620623201,,72.949209168,71.229058233,649079,149,,,39.689838433,,,16.706830562,22.955603247,7137,655,9.177525571,57308,40639,0.7091331053,48544,31989,65.89691826,46259,5956,12.875332368,,42,35,29,43,41,42.067751096,,,,,,,,,,,,,,,,,649079,99,15.252380681,,,8.291621488,,,20.604367229,15.555875483,48544,41012,84.484179301,0.2826002199,86319,75647,87.636557421,-6462.623,,55870,,25.108287095,8712,50,5.739210285,96525,58865,60.984200984,57.7,2024,4839849026.71875,382364.40448633
"{
  ""coordinates"": [
    [
      [
        [
          -9.045323890000000e+01,
          3.332949010000000e+01
        ],
        [
          -9.045380690000000e+01,
          3.326730810000000e+01
        ],
        [
          -9.041324190000000e+01,
          3.323532610000000e+01
        ],
        [
          -9.041083290000000e+01,
          3.324511710000000e+01
        ],
        [
          -9.037007190000000e+01,
          3.324123010000000e+01
        ],
        [
          -9.037535290000000e+01,
          3.324677810000000e+01
        ],
        [
          -9.036722490000000e+01,
          3.326032510000000e+01
        ],
        [
          -9.037673090000000e+01,
          3.328030510000000e+01
        ],
        [
          -9.036482890000001e+01,
          3.327577110000000e+01
        ],
        [
          -9.035699690000000e+01,
          3.329708910000000e+01
        ],
        [
          -9.034379389999999e+01,
          3.330906710000000e+01
        ],
        [
          -9.033159490000000e+01,
          3.330283110000000e+01
        ],
        [
          -9.030950280000000e+01,
          3.332041610000000e+01
        ],
        [
          -9.030570779999999e+01,
          3.331025810000000e+01
        ],
        [
          -9.029169580000000e+01,
          3.331901610000000e+01
        ],
        [
          -9.027963280000000e+01,
          3.333951510000000e+01
        ],
        [
          -9.029503480000000e+01,
          3.336179010000000e+01
        ],
        [
          -9.031806380000000e+01,
          3.336304010000000e+01
        ],
        [
          -9.032151890000000e+01,
          3.337512710000000e+01
        ],
        [
          -9.017461980000000e+01,
          3.333338410000000e+01
        ],
        [
          -9.017476180000000e+01,
          3.341700910000000e+01
        ],
        [
          -9.013782280000000e+01,
          3.341646110000000e+01
        ],
        [
          -9.013761580000001e+01,
          3.345912010000000e+01
        ],
        [
          -9.010140680000001e+01,
          3.345894620000000e+01
        ],
        [
          -9.010199280000000e+01,
          3.360379820000000e+01
        ],
        [
          -9.010887080000001e+01,
          3.362950420000000e+01
        ],
        [
          -9.010297679999999e+01,
          3.366073620000000e+01
        ],
        [
          -9.012028180000000e+01,
          3.366430520000000e+01
        ],
        [
          -9.012778080000000e+01,
          3.367696220000000e+01
        ],
        [
          -9.013701680000000e+01,
          3.367695020000000e+01
        ],
        [
          -9.013679279999999e+01,
          3.372165420000000e+01
        ],
        [
          -9.022044480000000e+01,
          3.372212820000000e+01
        ],
        [
          -9.023960889999999e+01,
          3.373725220000000e+01
        ],
        [
          -9.025234589999999e+01,
          3.373032220000000e+01
        ],
        [
          -9.025624290000000e+01,
          3.371442020000000e+01
        ],
        [
          -9.026911090000000e+01,
          3.369721420000000e+01
        ],
        [
          -9.029906290000000e+01,
          3.369759520000000e+01
        ],
        [
          -9.031386490000000e+01,
          3.372575220000000e+01
        ],
        [
          -9.029450790000000e+01,
          3.375098720000000e+01
        ],
        [
          -9.023379690000000e+01,
          3.376549820000000e+01
        ],
        [
          -9.022772080000000e+01,
          3.375928620000000e+01
        ],
        [
          -9.020421080000000e+01,
          3.375945220000000e+01
        ],
        [
          -9.018560479999999e+01,
          3.376552020000000e+01
        ],
        [
          -9.017144580000000e+01,
          3.378967720000000e+01
        ],
        [
          -9.017966880000000e+01,
          3.380526620000000e+01
        ],
        [
          -9.018258980000000e+01,
          3.380932820000000e+01
        ],
        [
          -9.045164890000000e+01,
          3.381139620000000e+01
        ],
        [
          -9.045229190000001e+01,
          3.372295620000000e+01
        ],
        [
          -9.045137490000000e+01,
          3.370805320000000e+01
        ],
        [
          -9.045323890000000e+01,
          3.332949010000000e+01
        ]
      ]
    ]
  ],
  ""type"": ""MultiPolygon""
}",1198,28,083,28083,Leflore County,MS,78502,0,800,,2,,2,21219.822290999,,,2,,2,13965.064248966,,19132.504819498,30.5,14463,2698,18.654497684,27557,22,79.834524803,,,3757,,2634,3143,24.9,49.7,7609,304,,,43.774781919,,,,19.21132457,39.952687607,202591,82,,,51.476781966,,,,40.475638108,283,271.68,96,9447,507,5.366783106,3357,,,52.693013173,31.221719457,6.989247312,46.2,4.59649185,2901,0,438,,,16.379310345,9.90990991,,,10.239651416,15.098241986,202591,55,,,27.409715073,,,29.142754663,27.148293853,5.212069109,12186,86063,7.062448712,27557,402,1458.8,12.226475386,,,42,,40,41,26570,26570,7389,27.809559654,26570,4012,15.099736545,26570,19716,74.203989462,26570,127,0.4779826872,26570,851,3.202860369,26570,14184,53.383515243,28339,8864,31.278450192,25721,52,0.2021694335,18.2,22249,102,458.4,26570,140,526.910048927,,,25705,,73324,35520,4173,4170,99.928109274,10240,8686,,,86.912839248,,84.502798106,84.82421875,6996,3940,56.317895941,40.7,26570,4,0.01505457283,26570,175,0.6586375612,7752,4605,59.404024768,32317,6732.689965537,20.833276497,21491,3050,14.191987344,26570,13,48.927361686,7386,385,5.212564311,0,9.1,26570,5636,21.211893113,78502,800,,,1004.161692072,,,676.809492878,894.347002967,34686,41,,,128.280310805,,,,118.203309693,3057,29,,,10.233319689,,,,,9.486424599,26570,35,131.727512232,28339,16465,58.100144677,18,20.833276497,4.8,28,6,21.428571429,141736,195,,,134.988687568,,,170.079152221,137.579725687,9900,1640,14.155495979,2.222222222,1.515151515,16.565656566,10240,11.8,,,,,,,,,,5130,18,27557,31,11.249410313,59.932567823,38,15.6,18.7,,,65.729250827,,,70.403930564,67.076910775,141736,80,,,66.543719224,,,32.707529273,56.442964384,,,,38467,30952,0.8046377414,9656,5299,54.877796189,8677,1668,19.223233837,,53,34,,50,42,52.427934065,3500,40,23,18,,,2.424314443,,2.697523163,2.447185387,,,2.638858339,,2.852961823,2.657513576,141736,19,13.405204041,,,11.474518053,,,,13.448498051,9656,5282,54.701739851,0.1489932814,17405,14480,83.194484344,,,35520,,21.314752252,2254,28,12.422360248,20625,10893,52.814545455,54.9,2024,2268896464.20312,276169.532283967
"{
  ""coordinates"": [
    [
      [
        [
          -9.025480480000000e+01,
          3.215119390000000e+01
        ],
        [
          -9.024304780000000e+01,
          3.215043490000000e+01
        ],
        [
          -9.024728180000000e+01,
          3.213750890000000e+01
        ],
        [
          -9.024100280000000e+01,
          3.212171790000000e+01
        ],
        [
          -9.025111180000000e+01,
          3.211224990000000e+01
        ],
        [
          -9.023731780000000e+01,
          3.210105690000000e+01
        ],
        [
          -9.024696179999999e+01,
          3.209412590000000e+01
        ],
        [
          -9.022672880000000e+01,
          3.207976390000000e+01
        ],
        [
          -9.023626480000000e+01,
          3.206469190000000e+01
        ],
        [
          -9.023033680000000e+01,
          3.204973390000000e+01
        ],
        [
          -8.993707770000000e+01,
          3.204793390000000e+01
        ],
        [
          -8.973007160000000e+01,
          3.204707790000000e+01
        ],
        [
          -8.973108259999999e+01,
          3.221715490000000e+01
        ],
        [
          -8.973042959999999e+01,
          3.222204490000000e+01
        ],
        [
          -8.973006860000000e+01,
          3.235273890000000e+01
        ],
        [
          -8.978412870000000e+01,
          3.258689700000000e+01
        ],
        [
          -8.982689070000001e+01,
          3.258459900000000e+01
        ],
        [
          -8.983999070000000e+01,
          3.259330100000000e+01
        ],
        [
          -8.986310970000000e+01,
          3.257577800000000e+01
        ],
        [
          -8.986382370000000e+01,
          3.256934500000000e+01
        ],
        [
          -8.986696569999999e+01,
          3.256453800000000e+01
        ],
        [
          -8.987508570000000e+01,
          3.255925000000000e+01
        ],
        [
          -8.988631770000001e+01,
          3.256323600000000e+01
        ],
        [
          -8.988963769999999e+01,
          3.255851400000000e+01
        ],
        [
          -8.989278969999999e+01,
          3.255559700000000e+01
        ],
        [
          -8.989589870000000e+01,
          3.255436600000000e+01
        ],
        [
          -8.989596670000000e+01,
          3.255363200000000e+01
        ],
        [
          -8.989611770000000e+01,
          3.254113700000000e+01
        ],
        [
          -8.992326670000000e+01,
          3.252892600000000e+01
        ],
        [
          -8.993140870000001e+01,
          3.251234200000000e+01
        ],
        [
          -8.995406770000000e+01,
          3.250305000000000e+01
        ],
        [
          -8.996208270000000e+01,
          3.249129200000000e+01
        ],
        [
          -8.998156170000000e+01,
          3.249820000000000e+01
        ],
        [
          -8.999276370000000e+01,
          3.248283500000000e+01
        ],
        [
          -9.000632870000000e+01,
          3.248475500000000e+01
        ],
        [
          -9.001852070000000e+01,
          3.247773100000000e+01
        ],
        [
          -9.004085770000000e+01,
          3.244949190000000e+01
        ],
        [
          -9.004066570000001e+01,
          3.244168390000000e+01
        ],
        [
          -9.005751370000000e+01,
          3.243512390000000e+01
        ],
        [
          -9.006882570000000e+01,
          3.243808390000000e+01
        ],
        [
          -9.006290570000000e+01,
          3.241998790000000e+01
        ],
        [
          -9.007535470000001e+01,
          3.241909190000000e+01
        ],
        [
          -9.006570270000000e+01,
          3.239953490000000e+01
        ],
        [
          -9.008738470000000e+01,
          3.238472590000000e+01
        ],
        [
          -9.009368670000001e+01,
          3.239024990000000e+01
        ],
        [
          -9.010969070000000e+01,
          3.234865590000000e+01
        ],
        [
          -9.014227070000000e+01,
          3.232114090000000e+01
        ],
        [
          -9.015219270000000e+01,
          3.232374890000000e+01
        ],
        [
          -9.016164370000000e+01,
          3.230351290000000e+01
        ],
        [
          -9.015119270000000e+01,
          3.229175190000000e+01
        ],
        [
          -9.017769780000000e+01,
          3.229028090000000e+01
        ],
        [
          -9.017970680000001e+01,
          3.227616790000000e+01
        ],
        [
          -9.018609480000001e+01,
          3.226065290000000e+01
        ],
        [
          -9.020529780000000e+01,
          3.225195090000000e+01
        ],
        [
          -9.020439680000000e+01,
          3.223465190000000e+01
        ],
        [
          -9.018580480000000e+01,
          3.221956890000000e+01
        ],
        [
          -9.018975680000000e+01,
          3.220290990000000e+01
        ],
        [
          -9.018169170000000e+01,
          3.220160890000000e+01
        ],
        [
          -9.019380780000000e+01,
          3.219866790000000e+01
        ],
        [
          -9.019486080000000e+01,
          3.218786090000000e+01
        ],
        [
          -9.020824980000000e+01,
          3.218875290000000e+01
        ],
        [
          -9.021264480000001e+01,
          3.217997190000000e+01
        ],
        [
          -9.024538579999999e+01,
          3.217140190000000e+01
        ],
        [
          -9.024194180000001e+01,
          3.215508890000000e+01
        ],
        [
          -9.025480480000000e+01,
          3.215119390000000e+01
        ]
      ]
    ]
  ],
  ""type"": ""MultiPolygon""
}",1278,28,121,28121,Rankin County,MS,439085,0,2334,,2,,2,9107.832126296,,,2,,2,8195.432898071,,8174.909135843,15.9,91276,12913,14.147201893,158096,89,56.294909422,,,4813,,2619,2807,15.8,36.2,33208,558,,,16.644869813,29.096477795,,,16.625366073,16.803179957,1074591,62,,,11.023267914,,,4.554500289,5.769637006,1696,1580.07,93.164504717,76550,2244,2.931417374,4683,,2.164502165,21.097770154,25.552486188,8.475411857,13.6,3.165597812,12198,0,1221,,9.77443609,15.488721805,8.797127469,,,8.441558442,10.009837678,1074591,155,,,13.227921497,,,15.434695424,14.424092515,4.346636865,35581,138220,3.884657542,158096,609,385.2,14.878335255,,25,39,45,45,44,158979,158979,35019,22.027437586,158979,26845,16.885878009,158979,35831,22.538196869,158979,331,0.2082035992,158979,4386,2.758854943,158979,82033,51.599896842,157031,51818,32.998579898,148531,695,0.4679157886,9.7,133931,396,295.7,158979,354,222.670918801,56548,89623,66888,65750,80286,72906,22678,22579,99.563453567,76431,63938,,69.036482694,84.484984797,67.927543953,81.26776778,83.65453808,43827,30158,68.811463253,26.2,158979,142,0.08931997308,158979,2283,1.436038722,35469,7522,21.207251403,141617,11690.307465858,8.254875803,126522,15322,12.110146852,158979,105,66.046458966,37019,2657,7.177395392,1,10.2,158979,114275,71.880562842,439085,2334,,,497.629948406,,,416.386890913,421.17634299,154602,90,,,80.897121178,,,51.873090127,58.213994644,12280,62,,,8.66616428,,,,3.998172264,5.048859935,158979,218,137.125029092,157031,119161,75.8837427,11.3,8.254875803,7.6,88,13,14.772727273,775324,556,,,50.05035186,,,81.450596335,71.71195526,56640,5215,7.146047343,1.650776836,0.6355932203,9.207274011,76431,38.4,469342,101,,,,,,26.361112087,21.519488987,17680,11.3,158096,168,10.626454812,30.758212789,32.8,10,15.2,,96.251461897,74.932478981,93.573882707,,77.546405707,77.383438982,775324,131,,,13.266358324,,,18.864099151,16.896162121,8246,684,8.294930876,60062,46819,0.7795111718,58982,45381,76.940422502,57427,5290,9.211694847,,46,36,26,46,45,46.457249047,16800,201,400,35.773809524,,3.106351187,3.018639196,3.113697781,3.40646406,3.280592517,,3.369911754,2.954956953,2.99710221,3.40007886,3.257584899,775324,113,14.574552058,,,,,,17.494360499,14.010653673,58982,52653,89.269607677,0.05556198656,108893,98027,90.021397151,-4190.2515,,72906,,16.406057115,8791,64,7.280172904,116660,70655,60.564889422,68.3,2024,2930370518.88672,248285.073265628
"{
  ""coordinates"": [
    [
      [
        [
          -9.045101790000000e+01,
          3.398569520000000e+01
        ],
        [
          -9.045164890000000e+01,
          3.381139620000000e+01
        ],
        [
          -9.018258980000000e+01,
          3.380932820000000e+01
        ],
        [
          -9.017966880000000e+01,
          3.380526620000000e+01
        ],
        [
          -9.017144580000000e+01,
          3.378967720000000e+01
        ],
        [
          -9.018560479999999e+01,
          3.376552020000000e+01
        ],
        [
          -9.020421080000000e+01,
          3.375945220000000e+01
        ],
        [
          -9.022772080000000e+01,
          3.375928620000000e+01
        ],
        [
          -9.023379690000000e+01,
          3.376549820000000e+01
        ],
        [
          -9.029450790000000e+01,
          3.375098720000000e+01
        ],
        [
          -9.031386490000000e+01,
          3.372575220000000e+01
        ],
        [
          -9.029906290000000e+01,
          3.369759520000000e+01
        ],
        [
          -9.026911090000000e+01,
          3.369721420000000e+01
        ],
        [
          -9.025624290000000e+01,
          3.371442020000000e+01
        ],
        [
          -9.025234589999999e+01,
          3.373032220000000e+01
        ],
        [
          -9.023960889999999e+01,
          3.373725220000000e+01
        ],
        [
          -9.022044480000000e+01,
          3.372212820000000e+01
        ],
        [
          -9.013679279999999e+01,
          3.372165420000000e+01
        ],
        [
          -9.013649680000000e+01,
          3.380932520000000e+01
        ],
        [
          -9.010221580000000e+01,
          3.381052120000000e+01
        ],
        [
          -8.997837280000000e+01,
          3.380972520000000e+01
        ],
        [
          -8.997827380000000e+01,
          3.382396620000000e+01
        ],
        [
          -8.992629980000000e+01,
          3.382386020000000e+01
        ],
        [
          -8.992610480000000e+01,
          3.389796320000000e+01
        ],
        [
          -8.992550280000000e+01,
          3.414055930000000e+01
        ],
        [
          -8.993175280000000e+01,
          3.414431330000000e+01
        ],
        [
          -8.993149080000001e+01,
          3.416430930000000e+01
        ],
        [
          -8.995858480000000e+01,
          3.415956030000000e+01
        ],
        [
          -9.013546180000000e+01,
          3.416008030000000e+01
        ],
        [
          -9.013570080000000e+01,
          3.407290630000000e+01
        ],
        [
          -9.045098690000000e+01,
          3.407293830000000e+01
        ],
        [
          -9.045101790000000e+01,
          3.398569520000000e+01
        ]
      ]
    ]
  ],
  ""type"": ""MultiPolygon""
}",1388,28,135,28135,Tallahatchie County,MS,37194,0,309,,2,,2,16725.132117663,,,2,,2,12363.813014434,,13884.460975329,29.4,5747,1047,18.2182008,12366,1,8.086689309,,,3234,,2430,2898,24.7,46.9,2342,127,,,56.831922612,,,,49.919484702,54.227156277,96976,19,,,27.739764027,,,,19.592476489,111,86.475,77.905405405,4631,196,4.232347225,956,,,49.139908257,,17.316017316,40.5,4.50599236,1028,0,139,,,16.453900709,,,,7.210031348,13.521400778,96976,39,,,51.780892851,,,32.335822212,40.216135951,4.817143037,17921,75426,4.208805312,12366,117,946.1,13.5188755,,,30,,32,31,12035,12035,2405,19.983381803,12035,2080,17.282924803,12035,6726,55.886996261,12035,53,0.4403822185,12035,732,6.082260075,12035,5582,46.381387619,12715,12715,100,11885,79,0.6647034077,16.8,10662,38,356.4,12035,6,49.854590777,,,32775,,45802,39009,1459,1459,100,4407,3673,,,72.795389049,,85.751805647,83.34467892,3695,1848,50.0135318,37,12035,10,0.08309098463,12035,108,0.897382634,2573,1484,57.675864749,15378,4826.096618694,31.383122764,7959,1174,14.750596809,12035,3,24.927295388,2313,136,5.879809771,1,8.9,12035,4287,35.62110511,37194,309,,,799.045951982,,,640.777473912,692.360531087,11491,11,,,,,,,95.727090767,,,,,,,,,,,12035,12,99.709181554,12715,3823,30.066850177,16.8,31.383122764,4,20,3,15,67994,72,,,115.972588297,,,114.20836682,105.891696326,4320,525,9.905660377,2.199074074,1.388888889,12.152777778,4407,42.5,,,,,,,,,,2170,16.8,12366,21,16.98204755,46.909355204,37.9,15.2,17.7,,,68.746625755,,,73.163368976,71.361756247,67994,14,,,28.993147074,,,,20.590052063,,,,45004,32933,0.7317793974,4301,2740,63.706114857,3916,372,9.499489275,,,18,,36,29,0.5620603559,1200,8,18,21.666666667,,,2.419401372,,3.244221797,2.515888576,,,2.590423029,,2.790499876,2.596586027,,,,,,,,,,,4301,2843,66.100906766,0.1098960636,8721,6814,78.133241601,-42442.685,,39009,,17.275500526,730,5,6.849315068,11060,5685,51.401446655,36.8,2024,2459279369.5625,267489.869068508
"{
  ""coordinates"": [
    [
      [
        [
          -9.034723570000000e+01,
          3.100036460000000e+01
        ],
        [
          -9.034731010000000e+01,
          3.100036450000000e+01
        ],
        [
          -9.034681170000000e+01,
          3.090563360000000e+01
        ],
        [
          -9.033001170000000e+01,
          3.090221060000000e+01
        ],
        [
          -9.032999670000000e+01,
          3.089115760000000e+01
        ],
        [
          -9.031701070000000e+01,
          3.089116560000000e+01
        ],
        [
          -9.031769470000000e+01,
          3.087364460000000e+01
        ],
        [
          -9.030117470000000e+01,
          3.085079360000000e+01
        ],
        [
          -9.029024870000001e+01,
          3.081979260000000e+01
        ],
        [
          -9.029335070000000e+01,
          3.080649560000000e+01
        ],
        [
          -9.027951170000000e+01,
          3.079501060000000e+01
        ],
        [
          -9.027763170000000e+01,
          3.077988460000000e+01
        ],
        [
          -9.026266470000000e+01,
          3.076529660000000e+01
        ],
        [
          -9.026645970000000e+01,
          3.075299260000000e+01
        ],
        [
          -9.025357670000000e+01,
          3.073511760000000e+01
        ],
        [
          -9.025575470000000e+01,
          3.071244960000000e+01
        ],
        [
          -8.999459560000000e+01,
          3.066531260000000e+01
        ],
        [
          -8.984861660000000e+01,
          3.066597980000000e+01
        ],
        [
          -8.984720660000001e+01,
          3.067004360000000e+01
        ],
        [
          -8.984497060000000e+01,
          3.067469660000000e+01
        ],
        [
          -8.983680260000000e+01,
          3.069057860000000e+01
        ],
        [
          -8.983548360000000e+01,
          3.069117160000000e+01
        ],
        [
          -8.983585359999999e+01,
          3.069956060000000e+01
        ],
        [
          -8.983807059999999e+01,
          3.070404160000000e+01
        ],
        [
          -8.983931760000000e+01,
          3.070414860000000e+01
        ],
        [
          -8.984173560000001e+01,
          3.070271860000000e+01
        ],
        [
          -8.984361060000001e+01,
          3.070251660000000e+01
        ],
        [
          -8.984593160000000e+01,
          3.070416260000000e+01
        ],
        [
          -8.984658159999999e+01,
          3.070621460000000e+01
        ],
        [
          -8.984580660000000e+01,
          3.070731960000000e+01
        ],
        [
          -8.983626260000000e+01,
          3.071619060000000e+01
        ],
        [
          -8.983196660000000e+01,
          3.071538960000000e+01
        ],
        [
          -8.983006560000000e+01,
          3.071631560000000e+01
        ],
        [
          -8.982806660000000e+01,
          3.072502360000000e+01
        ],
        [
          -8.983307060000000e+01,
          3.072676460000000e+01
        ],
        [
          -8.983633660000000e+01,
          3.072720260000000e+01
        ],
        [
          -8.983695059999999e+01,
          3.072820660000000e+01
        ],
        [
          -8.983687560000000e+01,
          3.073466660000000e+01
        ],
        [
          -8.983544259999999e+01,
          3.073626560000000e+01
        ],
        [
          -8.983382360000000e+01,
          3.073697760000000e+01
        ],
        [
          -8.982618060000000e+01,
          3.073659960000000e+01
        ],
        [
          -8.982154060000001e+01,
          3.073662360000000e+01
        ],
        [
          -8.981748560000000e+01,
          3.073731060000000e+01
        ],
        [
          -8.981650460000000e+01,
          3.073795160000000e+01
        ],
        [
          -8.981608060000001e+01,
          3.073937160000000e+01
        ],
        [
          -8.981676960000000e+01,
          3.074008160000000e+01
        ],
        [
          -8.981955360000001e+01,
          3.074067660000000e+01
        ],
        [
          -8.982349760000000e+01,
          3.074099360000000e+01
        ],
        [
          -8.982605860000000e+01,
          3.074232760000000e+01
        ],
        [
          -8.982577960000000e+01,
          3.074731060000000e+01
        ],
        [
          -8.982789160000000e+01,
          3.075842460000000e+01
        ],
        [
          -8.983154260000001e+01,
          3.076761560000000e+01
        ],
        [
          -8.982440060000000e+01,
          3.077963460000000e+01
        ],
        [
          -8.982113560000001e+01,
          3.078861460000000e+01
        ],
        [
          -8.982149160000000e+01,
          3.079118860000000e+01
        ],
        [
          -8.982108359999999e+01,
          3.079252860000000e+01
        ],
        [
          -8.981916960000000e+01,
          3.079523460000000e+01
        ],
        [
          -8.981756460000000e+01,
          3.079605960000000e+01
        ],
        [
          -8.981642359999999e+01,
          3.079605960000000e+01
        ],
        [
          -8.981395160000000e+01,
          3.079378760000000e+01
        ],
        [
          -8.981354060000000e+01,
          3.079204060000000e+01
        ],
        [
          -8.981261560000000e+01,
          3.078988160000000e+01
        ],
        [
          -8.981210160000001e+01,
          3.078844260000000e+01
        ],
        [
          -8.981066260000000e+01,
          3.078803160000000e+01
        ],
        [
          -8.980676860000000e+01,
          3.078907460000000e+01
        ],
        [
          -8.980511260000000e+01,
          3.079060160000000e+01
        ],
        [
          -8.980470160000000e+01,
          3.079162960000000e+01
        ],
        [
          -8.980490660000000e+01,
          3.079255460000000e+01
        ],
        [
          -8.980624260000000e+01,
          3.079337660000000e+01
        ],
        [
          -8.980707660000000e+01,
          3.079391360000000e+01
        ],
        [
          -8.980860660000000e+01,
          3.079491860000000e+01
        ],
        [
          -8.981086860000001e+01,
          3.079738460000000e+01
        ],
        [
          -8.981148460000000e+01,
          3.079800160000000e+01
        ],
        [
          -8.981117660000000e+01,
          3.079892660000000e+01
        ],
        [
          -8.981014860000001e+01,
          3.079985160000000e+01
        ],
        [
          -8.980818160000000e+01,
          3.080056760000000e+01
        ],
        [
          -8.980463760000001e+01,
          3.080251660000000e+01
        ],
        [
          -8.980407060000000e+01,
          3.080325260000000e+01
        ],
        [
          -8.980042760000001e+01,
          3.081043060000000e+01
        ],
        [
          -8.979967859999999e+01,
          3.081517760000000e+01
        ],
        [
          -8.980005460000000e+01,
          3.081908360000000e+01
        ],
        [
          -8.979865959999999e+01,
          3.082086060000000e+01
        ],
        [
          -8.979749660000000e+01,
          3.082148360000000e+01
        ],
        [
          -8.979663960000001e+01,
          3.082165360000000e+01
        ],
        [
          -8.979175060000000e+01,
          3.082039260000000e+01
        ],
        [
          -8.978589959999999e+01,
          3.081596760000000e+01
        ],
        [
          -8.978240959999999e+01,
          3.081798060000000e+01
        ],
        [
          -8.978117360000000e+01,
          3.082012860000000e+01
        ],
        [
          -8.978399060000000e+01,
          3.082739060000000e+01
        ],
        [
          -8.978684260000000e+01,
          3.083064760000000e+01
        ],
        [
          -8.978943160000000e+01,
          3.083047560000000e+01
        ],
        [
          -8.979043760000000e+01,
          3.083099060000000e+01
        ],
        [
          -8.979081060000000e+01,
          3.083213660000000e+01
        ],
        [
          -8.979012659999999e+01,
          3.083798860000000e+01
        ],
        [
          -8.978750560000000e+01,
          3.084411760000000e+01
        ],
        [
          -8.978265460000000e+01,
          3.084526960000000e+01
        ],
        [
          -8.978060560000000e+01,
          3.084551360000000e+01
        ],
        [
          -8.978023360000000e+01,
          3.084624060000000e+01
        ],
        [
          -8.978095260000001e+01,
          3.084854760000000e+01
        ],
        [
          -8.978379660000000e+01,
          3.085213660000000e+01
        ],
        [
          -8.978442160000000e+01,
          3.085374960000000e+01
        ],
        [
          -8.978407860000000e+01,
          3.085527560000000e+01
        ],
        [
          -8.978338960000001e+01,
          3.085602760000000e+01
        ],
        [
          -8.978164860000000e+01,
          3.085661860000000e+01
        ],
        [
          -8.977876060000000e+01,
          3.085580560000000e+01
        ],
        [
          -8.977474460000001e+01,
          3.085325960000000e+01
        ],
        [
          -8.977259260000000e+01,
          3.085366560000000e+01
        ],
        [
          -8.977172760000001e+01,
          3.085468260000000e+01
        ],
        [
          -8.976796059999999e+01,
          3.086386360000000e+01
        ],
        [
          -8.976779460000000e+01,
          3.086558260000000e+01
        ],
        [
          -8.976824259999999e+01,
          3.086639760000000e+01
        ],
        [
          -8.977801060000000e+01,
          3.087341660000000e+01
        ],
        [
          -8.977919960000000e+01,
          3.087519060000000e+01
        ],
        [
          -8.977858860000001e+01,
          3.087890860000000e+01
        ],
        [
          -8.977711560000000e+01,
          3.088109360000000e+01
        ],
        [
          -8.977546359999999e+01,
          3.088150260000000e+01
        ],
        [
          -8.977003259999999e+01,
          3.088225960000000e+01
        ],
        [
          -8.977201660000000e+01,
          3.089024560000000e+01
        ],
        [
          -8.977355860000000e+01,
          3.089686760000000e+01
        ],
        [
          -8.977310460000000e+01,
          3.089834360000000e+01
        ],
        [
          -8.977199160000001e+01,
          3.089913260000000e+01
        ],
        [
          -8.977027459999999e+01,
          3.089939560000000e+01
        ],
        [
          -8.976510660000000e+01,
          3.089692460000000e+01
        ],
        [
          -8.976070660000001e+01,
          3.089631160000000e+01
        ],
        [
          -8.975872459999999e+01,
          3.089732460000000e+01
        ],
        [
          -8.975702960000000e+01,
          3.089895260000000e+01
        ],
        [
          -8.975667660000001e+01,
          3.090107460000000e+01
        ],
        [
          -8.975980860000000e+01,
          3.090622160000000e+01
        ],
        [
          -8.976159860000000e+01,
          3.090659660000000e+01
        ],
        [
          -8.976362760000001e+01,
          3.090773760000000e+01
        ],
        [
          -8.976445660000000e+01,
          3.091028160000000e+01
        ],
        [
          -8.976420760000001e+01,
          3.091191160000000e+01
        ],
        [
          -8.976260560000000e+01,
          3.091374160000000e+01
        ],
        [
          -8.975940860000000e+01,
          3.091513960000000e+01
        ],
        [
          -8.975742260000000e+01,
          3.091499860000000e+01
        ],
        [
          -8.975409160000000e+01,
          3.091280560000000e+01
        ],
        [
          -8.975007859999999e+01,
          3.091293560000000e+01
        ],
        [
          -8.974672360000000e+01,
          3.091581060000000e+01
        ],
        [
          -8.974479460000001e+01,
          3.091893860000000e+01
        ],
        [
          -8.974445360000000e+01,
          3.092058260000000e+01
        ],
        [
          -8.974516660000000e+01,
          3.092242160000000e+01
        ],
        [
          -8.974821360000000e+01,
          3.092337460000000e+01
        ],
        [
          -8.975007859999999e+01,
          3.092982060000000e+01
        ],
        [
          -8.974885660000000e+01,
          3.093282160000000e+01
        ],
        [
          -8.974890259999999e+01,
          3.093389360000000e+01
        ],
        [
          -8.975007859999999e+01,
          3.093576860000000e+01
        ],
        [
          -8.975584060000000e+01,
          3.093954860000000e+01
        ],
        [
          -8.975655960000000e+01,
          3.094195460000000e+01
        ],
        [
          -8.975633860000001e+01,
          3.094350360000000e+01
        ],
        [
          -8.975120160000000e+01,
          3.095144460000000e+01
        ],
        [
          -8.974359760000000e+01,
          3.095848760000000e+01
        ],
        [
          -8.974313960000001e+01,
          3.095999860000000e+01
        ],
        [
          -8.973569160000000e+01,
          3.096657860000000e+01
        ],
        [
          -8.973393860000000e+01,
          3.096692460000000e+01
        ],
        [
          -8.973139860000001e+01,
          3.096613560000000e+01
        ],
        [
          -8.972933260000001e+01,
          3.096624760000000e+01
        ],
        [
          -8.972804660000000e+01,
          3.096652360000000e+01
        ],
        [
          -8.972707760000000e+01,
          3.096740060000000e+01
        ],
        [
          -8.972709159999999e+01,
          3.096971260000000e+01
        ],
        [
          -8.972838760000000e+01,
          3.097114660000000e+01
        ],
        [
          -8.973609159999999e+01,
          3.097445160000000e+01
        ],
        [
          -8.973715460000000e+01,
          3.097608660000000e+01
        ],
        [
          -8.973688860000000e+01,
          3.097712760000000e+01
        ],
        [
          -8.973591759999999e+01,
          3.097787060000000e+01
        ],
        [
          -8.973217360000000e+01,
          3.097809360000000e+01
        ],
        [
          -8.973050660000000e+01,
          3.097971260000000e+01
        ],
        [
          -8.972993560000000e+01,
          3.098209560000000e+01
        ],
        [
          -8.972770360000000e+01,
          3.099333470000000e+01
        ],
        [
          -8.972856860000000e+01,
          3.099440170000000e+01
        ],
        [
          -8.973204060000000e+01,
          3.099441460000000e+01
        ],
        [
          -8.973423260000000e+01,
          3.099560770000000e+01
        ],
        [
          -8.973554559999999e+01,
          3.099972070000000e+01
        ],
        [
          -8.973000560000000e+01,
          3.099975470000000e+01
        ],
        [
          -8.972813160000000e+01,
          3.100096170000000e+01
        ],
        [
          -8.972815070000000e+01,
          3.100230530000000e+01
        ],
        [
          -8.972815260000000e+01,
          3.100243670000000e+01
        ],
        [
          -8.972962160000000e+01,
          3.100393270000000e+01
        ],
        [
          -8.973250960000000e+01,
          3.100483670000000e+01
        ],
        [
          -8.974182660000000e+01,
          3.100344670000000e+01
        ],
        [
          -8.974522060000000e+01,
          3.100225770000000e+01
        ],
        [
          -8.974723460000000e+01,
          3.100018970000000e+01
        ],
        [
          -8.974919460000000e+01,
          3.099956070000000e+01
        ],
        [
          -8.975148660000001e+01,
          3.099969570000000e+01
        ],
        [
          -8.975213859999999e+01,
          3.100018870000000e+01
        ],
        [
          -8.975264760000000e+01,
          3.100185870000000e+01
        ],
        [
          -8.981643459999999e+01,
          3.100208960000000e+01
        ],
        [
          -8.982462260000000e+01,
          3.100206560000000e+01
        ],
        [
          -8.983554760000000e+01,
          3.100206460000000e+01
        ],
        [
          -8.983591360000000e+01,
          3.100206490000000e+01
        ],
        [
          -8.985686760000000e+01,
          3.100208060000000e+01
        ],
        [
          -8.989271359999999e+01,
          3.100176460000000e+01
        ],
        [
          -8.989752160000000e+01,
          3.100191860000000e+01
        ],
        [
          -8.992312459999999e+01,
          3.100145160000000e+01
        ],
        [
          -8.992716660000001e+01,
          3.100144260000000e+01
        ],
        [
          -8.997280760000000e+01,
          3.100139760000000e+01
        ],
        [
          -8.997543560000000e+01,
          3.100169760000000e+01
        ],
        [
          -9.000533760000000e+01,
          3.100136960000000e+01
        ],
        [
          -9.002219060000000e+01,
          3.100130760000000e+01
        ],
        [
          -9.002957960000001e+01,
          3.100119560000000e+01
        ],
        [
          -9.005071169999999e+01,
          3.100122060000000e+01
        ],
        [
          -9.012841170000000e+01,
          3.100105260000000e+01
        ],
        [
          -9.013140070000000e+01,
          3.100092960000000e+01
        ],
        [
          -9.016428370000000e+01,
          3.100103060000000e+01
        ],
        [
          -9.016468170000000e+01,
          3.100098560000000e+01
        ],
        [
          -9.025956060000000e+01,
          3.100066280000000e+01
        ],
        [
          -9.034601270000000e+01,
          3.100036860000000e+01
        ],
        [
          -9.034723570000000e+01,
          3.100036460000000e+01
        ]
      ]
    ]
  ],
  ""type"": ""MultiPolygon""
}",1415,22,117,22117,Washington Parish,LA,126753,0,1248,,2,,2,18247.400093829,,,2,,2,17660.94721859,,17375.660823547,24.9,24514,2837,11.572978706,45133,9,19.94106308,,,5893,,3733,4183,26.6,44.6,9836,372,,,35.633484163,59.288537549,,,38.824944168,37.820252135,322996,40,,,28.703229113,,,5.676791856,12.384054292,515,437.22,84.897087379,17109,713,4.167397276,3127,,,47.418101055,,25.853658537,30,5.045304905,4103,0,500,,,17.205882353,8.02919708,,,9.777424483,12.186205216,322996,83,,,29.728344439,,,24.126365387,25.696912655,6.196497219,17761,92784,5.224030178,45133,290,642.5,15.145693055,,,39,,38,38,45025,45025,10564,23.462520822,45025,8706,19.335924486,45025,13545,30.083287063,45025,236,0.5241532482,45025,1326,2.945030539,45025,22537,50.054414214,45463,34444,75.762708136,42705,428,1.002224564,14.2,37594,149,396.3,45025,73,162.132148806,,,30544,69912,47706,41779,6719,2983,44.396487573,16324,12716,,,73.598068151,,82.402389116,77.897574124,11395,4854,42.59763054,36.6,45025,16,0.03553581344,45025,165,0.3664630761,10503,4293,40.87403599,47168,1839.458877177,3.899802572,34902,3172,9.088304395,45025,16,35.535813437,10951,370,3.378686878,1,8.8,45025,29084,64.595224875,126753,1248,,,861.859038781,,,767.811629717,771.517238244,47846,42,,,150.555172197,,,53.185831295,87.781632738,4158,37,,,,,,,,8.898508899,45025,41,91.060521932,45463,22269,48.98268922,16.9,3.899802572,6.8,50,22,44,230315,382,,,132.326501259,,,189.575351213,165.859800708,17795,2270,10.357548241,2.05113796,1.01152009,12.756392245,16324,40,137100,119,,,31.450344744,,,117.607526882,86.797957695,7750,16.9,45133,36,7.976425232,36.637634943,37.4,15.9,21.2,,,67.724226805,,,69.552776421,69.459141019,230315,57,,,31.643293779,,,23.281183482,24.748713718,2334,475,20.351328192,50249,32484,0.6464606261,17162,11586,67.509614264,15625,1728,11.0592,,,34,47,42,40,7.119427693,,,,,,,,,,,,,,,,,230315,43,18.670082279,,,,,,24.675280578,18.540017914,17162,12024,70.061764363,0.1589607815,31322,26019,83.069408084,-18276.613,,41779,,28.904473539,2936,13,4.427792916,34955,19513,55.823201259,39.4,2024,2381992437.47656,228242.638295121
"{
  ""coordinates"": [
    [
      [
        [
          -9.313116150000000e+01,
          3.042359640000000e+01
        ],
        [
          -9.313123050000000e+01,
          3.040306340000000e+01
        ],
        [
          -9.313109350000001e+01,
          3.038001340000000e+01
        ],
        [
          -9.303096540000000e+01,
          3.037939540000000e+01
        ],
        [
          -9.303073440000000e+01,
          3.026056940000000e+01
        ],
        [
          -9.299713439999999e+01,
          3.026074840000000e+01
        ],
        [
          -9.299630639999999e+01,
          3.015696040000000e+01
        ],
        [
          -9.289325340000001e+01,
          3.015651540000000e+01
        ],
        [
          -9.288943540000000e+01,
          3.014099740000000e+01
        ],
        [
          -9.290687140000000e+01,
          3.013081740000000e+01
        ],
        [
          -9.290790240000000e+01,
          3.011273940000000e+01
        ],
        [
          -9.289152840000000e+01,
          3.009661540000000e+01
        ],
        [
          -9.288722840000000e+01,
          3.008346030000000e+01
        ],
        [
          -9.299648540000000e+01,
          3.008259830000000e+01
        ],
        [
          -9.299663040000000e+01,
          3.003848630000000e+01
        ],
        [
          -9.275733430000000e+01,
          3.003945230000000e+01
        ],
        [
          -9.273722330000000e+01,
          3.003746030000000e+01
        ],
        [
          -9.272387530000000e+01,
          3.004865730000000e+01
        ],
        [
          -9.268465030000000e+01,
          3.005950840000000e+01
        ],
        [
          -9.265416630000000e+01,
          3.007904340000000e+01
        ],
        [
          -9.263784730000000e+01,
          3.007217940000000e+01
        ],
        [
          -9.262549030000000e+01,
          3.009233540000000e+01
        ],
        [
          -9.261834430000000e+01,
          3.010415540000000e+01
        ],
        [
          -9.262864630000000e+01,
          3.013374840000000e+01
        ],
        [
          -9.260798930000000e+01,
          3.015858540000000e+01
        ],
        [
          -9.261871230000000e+01,
          3.017477140000000e+01
        ],
        [
          -9.259113530000000e+01,
          3.018237040000000e+01
        ],
        [
          -9.259106130000001e+01,
          3.020162840000000e+01
        ],
        [
          -9.258309530000000e+01,
          3.020097340000000e+01
        ],
        [
          -9.261474230000000e+01,
          3.021503940000000e+01
        ],
        [
          -9.262661830000000e+01,
          3.023027740000000e+01
        ],
        [
          -9.262249030000000e+01,
          3.024176340000000e+01
        ],
        [
          -9.262757929999999e+01,
          3.029934740000000e+01
        ],
        [
          -9.262121130000000e+01,
          3.030833340000000e+01
        ],
        [
          -9.263216730000001e+01,
          3.031429440000000e+01
        ],
        [
          -9.261951130000000e+01,
          3.034005740000000e+01
        ],
        [
          -9.262970129999999e+01,
          3.037893140000000e+01
        ],
        [
          -9.260840829999999e+01,
          3.038588940000000e+01
        ],
        [
          -9.260540430000000e+01,
          3.040720740000000e+01
        ],
        [
          -9.259459230000000e+01,
          3.042034440000000e+01
        ],
        [
          -9.260060330000000e+01,
          3.043748840000000e+01
        ],
        [
          -9.262601930000000e+01,
          3.046603640000000e+01
        ],
        [
          -9.263203129999999e+01,
          3.048118740000000e+01
        ],
        [
          -9.263032730000000e+01,
          3.048801740000000e+01
        ],
        [
          -9.277398740000000e+01,
          3.048822340000000e+01
        ],
        [
          -9.277574340000000e+01,
          3.043762240000000e+01
        ],
        [
          -9.306553140000000e+01,
          3.043868240000000e+01
        ],
        [
          -9.306539239999999e+01,
          3.042435140000000e+01
        ],
        [
          -9.313116150000000e+01,
          3.042359640000000e+01
        ]
      ]
    ]
  ],
  ""type"": ""MultiPolygon""
}",1438,22,053,22053,Jefferson Davis Parish,LA,88158,0,663,,2,,2,16716.982383277,,,2,,2,11590.67778091,,12341.033260421,19.9,18524,2301,12.42172317,32345,12,37.100015458,,,5199,,4490,4499,23,41,6904,228,,,48.465266559,,,49.808429119,29.074367089,33.02433372,220832,29,,,38.651610944,,,8.713179555,13.13215476,388,380.24,98,12400,433,3.491935484,1762,,,21.835677276,16.433566434,15.850694444,22.1,4.363177038,2968,0,275,,,15.087040619,,,,8.116319444,9.265498652,220832,49,,,,,,22.654266844,22.188813215,6.109082644,21148,122373,5.786504634,32345,153,473,18.207109677,,,33,,40,39,32026,32026,8065,25.182664085,32026,5520,17.235995753,32026,5172,16.14937863,32026,277,0.8649222507,32026,849,2.650971086,32026,16175,50.505839006,32250,22872,70.920930233,30169,114,0.3778713249,11.2,26515,39,147.1,32026,61,190.470242928,,,40833,121200,53164,52414,5397,1982,36.724105985,12900,10937,,,69.689336692,,84.192439863,84.782945736,8042,3836,47.69957722,30.1,32026,11,0.03434709299,32026,184,0.5745331918,8120,1627,20.036945813,31594,2519.819185055,7.975625704,26682,2639,9.890562926,32026,7,21.857240992,8577,373,4.348839921,0,8.4,32026,24847,77.583838132,88158,663,,,726.436687151,,,585.670978636,602.271544744,35130,21,,,,,,51.046452272,59.777967549,,,,,,,,,,,32026,19,59.326796977,32250,15981,49.553488372,13.5,7.975625704,7.2,45,11,24.444444444,157980,166,,,108.742087071,,,110.525973604,105.076591974,11565,1585,10.921052632,1.988759187,1.253782966,13.705144834,12900,48,94921,44,,,,,,47.451193059,46.354336764,4340,13.5,32345,30,9.275003865,30.710178549,34.3,13.5,19.7,,,68.687469293,,,72.467732977,71.98468435,157980,23,,,,,,14.628437683,14.558804912,,,,62623,34059,0.5438736566,11682,9071,77.649375107,11058,1086,9.820944113,,,36,,38,38,21.450972454,,,,,,,,,,,,,,,,,157980,18,11.393847322,,,,,,15.937229632,12.632825388,11682,9050,77.469611368,0.07944508956,21465,17844,83.130677848,-1207.749,,52414,,31.1214561,2179,6,2.753556677,23305,14841,63.681613388,57.8,2024,2294701469.66016,261247.682052645
"{
  ""coordinates"": [
    [
      [
        [
          -9.201653720000000e+01,
          3.130245060000000e+01
        ],
        [
          -9.201983120000000e+01,
          3.128046560000000e+01
        ],
        [
          -9.200985520000000e+01,
          3.128251260000000e+01
        ],
        [
          -9.200268819999999e+01,
          3.125808460000000e+01
        ],
        [
          -9.198802820000000e+01,
          3.124890260000000e+01
        ],
        [
          -9.200424820000001e+01,
          3.124346260000000e+01
        ],
        [
          -9.199220120000000e+01,
          3.123901060000000e+01
        ],
        [
          -9.199060220000000e+01,
          3.122521560000000e+01
        ],
        [
          -9.197386820000000e+01,
          3.122533860000000e+01
        ],
        [
          -9.196268120000001e+01,
          3.124232660000000e+01
        ],
        [
          -9.194657520000000e+01,
          3.123967260000000e+01
        ],
        [
          -9.194096820000000e+01,
          3.122152360000000e+01
        ],
        [
          -9.192263120000000e+01,
          3.123789760000000e+01
        ],
        [
          -9.193539720000000e+01,
          3.123843860000000e+01
        ],
        [
          -9.194652820000000e+01,
          3.127198660000000e+01
        ],
        [
          -9.193431120000000e+01,
          3.128986060000000e+01
        ],
        [
          -9.192273320000000e+01,
          3.129590660000000e+01
        ],
        [
          -9.190893020000000e+01,
          3.129679460000000e+01
        ],
        [
          -9.188531320000000e+01,
          3.129008960000000e+01
        ],
        [
          -9.186968220000000e+01,
          3.128071860000000e+01
        ],
        [
          -9.185485920000001e+01,
          3.126428760000000e+01
        ],
        [
          -9.183428610000000e+01,
          3.126634960000000e+01
        ],
        [
          -9.182367710000000e+01,
          3.127758260000000e+01
        ],
        [
          -9.182365210000000e+01,
          3.129321560000000e+01
        ],
        [
          -9.184103320000000e+01,
          3.129244560000000e+01
        ],
        [
          -9.186217420000000e+01,
          3.130231960000000e+01
        ],
        [
          -9.186742820000001e+01,
          3.131619260000000e+01
        ],
        [
          -9.186155220000001e+01,
          3.135991870000000e+01
        ],
        [
          -9.184502519999999e+01,
          3.137592170000000e+01
        ],
        [
          -9.183162419999999e+01,
          3.137899270000000e+01
        ],
        [
          -9.180805310000000e+01,
          3.137072370000000e+01
        ],
        [
          -9.178929610000000e+01,
          3.137465270000000e+01
        ],
        [
          -9.177714910000000e+01,
          3.138818070000000e+01
        ],
        [
          -9.178567510000001e+01,
          3.139502670000000e+01
        ],
        [
          -9.181703620000000e+01,
          3.139562470000000e+01
        ],
        [
          -9.184553020000000e+01,
          3.140950070000000e+01
        ],
        [
          -9.185589520000001e+01,
          3.142383670000000e+01
        ],
        [
          -9.186413620000000e+01,
          3.146617270000000e+01
        ],
        [
          -9.185568420000000e+01,
          3.148021070000000e+01
        ],
        [
          -9.185708920000000e+01,
          3.149453270000000e+01
        ],
        [
          -9.183885220000001e+01,
          3.150285170000000e+01
        ],
        [
          -9.182416220000000e+01,
          3.149042470000000e+01
        ],
        [
          -9.180710410000000e+01,
          3.143879970000000e+01
        ],
        [
          -9.178456210000000e+01,
          3.144138670000000e+01
        ],
        [
          -9.176649910000000e+01,
          3.143314070000000e+01
        ],
        [
          -9.173833710000000e+01,
          3.143157770000000e+01
        ],
        [
          -9.172412509999999e+01,
          3.143883870000000e+01
        ],
        [
          -9.172468210000000e+01,
          3.145987970000000e+01
        ],
        [
          -9.173803810000000e+01,
          3.146741570000000e+01
        ],
        [
          -9.177895909999999e+01,
          3.146812070000000e+01
        ],
        [
          -9.179876010000000e+01,
          3.147335970000000e+01
        ],
        [
          -9.180206819999999e+01,
          3.149110970000000e+01
        ],
        [
          -9.178413010000000e+01,
          3.150227870000000e+01
        ],
        [
          -9.177704610000001e+01,
          3.151531670000000e+01
        ],
        [
          -9.177973110000001e+01,
          3.153097870000000e+01
        ],
        [
          -9.181303219999999e+01,
          3.155487770000000e+01
        ],
        [
          -9.182643220000000e+01,
          3.157247770000000e+01
        ],
        [
          -9.182443220000000e+01,
          3.159967670000000e+01
        ],
        [
          -9.180644119999999e+01,
          3.163077070000000e+01
        ],
        [
          -9.177584220000000e+01,
          3.164863170000000e+01
        ],
        [
          -9.176448210000000e+01,
          3.164415970000000e+01
        ],
        [
          -9.175612910000000e+01,
          3.162267570000000e+01
        ],
        [
          -9.173719509999999e+01,
          3.161409370000000e+01
        ],
        [
          -9.171217210000000e+01,
          3.163323470000000e+01
        ],
        [
          -9.170595410000000e+01,
          3.164286870000000e+01
        ],
        [
          -9.171427910000000e+01,
          3.167599770000000e+01
        ],
        [
          -9.170168210000000e+01,
          3.170298570000000e+01
        ],
        [
          -9.169447510000001e+01,
          3.173529170000000e+01
        ],
        [
          -9.168035610000000e+01,
          3.174364670000000e+01
        ],
        [
          -9.166247210000000e+01,
          3.172937370000000e+01
        ],
        [
          -9.163582810000000e+01,
          3.172912470000000e+01
        ],
        [
          -9.161413109999999e+01,
          3.174556270000000e+01
        ],
        [
          -9.160162810000000e+01,
          3.176186970000000e+01
        ],
        [
          -9.158402710000000e+01,
          3.175576970000000e+01
        ],
        [
          -9.157121010000000e+01,
          3.173505370000000e+01
        ],
        [
          -9.154824010000000e+01,
          3.172266470000000e+01
        ],
        [
          -9.153531110000000e+01,
          3.173773570000000e+01
        ],
        [
          -9.154479710000000e+01,
          3.175173670000000e+01
        ],
        [
          -9.157765910000001e+01,
          3.179586280000000e+01
        ],
        [
          -9.156873610000000e+01,
          3.182696680000000e+01
        ],
        [
          -9.157535210000000e+01,
          3.188327180000000e+01
        ],
        [
          -9.159704809999999e+01,
          3.188324880000000e+01
        ],
        [
          -9.159644310000000e+01,
          3.197040680000000e+01
        ],
        [
          -9.164753510000000e+01,
          3.197053080000000e+01
        ],
        [
          -9.165502810000000e+01,
          3.195005480000000e+01
        ],
        [
          -9.167033110000000e+01,
          3.192531880000000e+01
        ],
        [
          -9.168217509999999e+01,
          3.192352180000000e+01
        ],
        [
          -9.169659609999999e+01,
          3.190350580000000e+01
        ],
        [
          -9.172222720000001e+01,
          3.189308680000000e+01
        ],
        [
          -9.172916420000000e+01,
          3.188251580000000e+01
        ],
        [
          -9.175667319999999e+01,
          3.188469180000000e+01
        ],
        [
          -9.177983519999999e+01,
          3.187190180000000e+01
        ],
        [
          -9.177866120000000e+01,
          3.188769180000000e+01
        ],
        [
          -9.180487520000000e+01,
          3.189319880000000e+01
        ],
        [
          -9.179498120000000e+01,
          3.190287480000000e+01
        ],
        [
          -9.180480319999999e+01,
          3.191847180000000e+01
        ],
        [
          -9.182355320000001e+01,
          3.191782180000000e+01
        ],
        [
          -9.185029520000001e+01,
          3.194486780000000e+01
        ],
        [
          -9.184451520000000e+01,
          3.195326280000000e+01
        ],
        [
          -9.188982919999999e+01,
          3.197169580000000e+01
        ],
        [
          -9.190450720000000e+01,
          3.197140480000000e+01
        ],
        [
          -9.190357120000000e+01,
          3.192746280000000e+01
        ],
        [
          -9.200563020000000e+01,
          3.192738880000000e+01
        ],
        [
          -9.200584720000001e+01,
          3.180270670000000e+01
        ],
        [
          -9.200826120000001e+01,
          3.179641970000000e+01
        ],
        [
          -9.200803920000000e+01,
          3.132581460000000e+01
        ],
        [
          -9.200170820000000e+01,
          3.131765760000000e+01
        ],
        [
          -9.200716120000000e+01,
          3.130664460000000e+01
        ],
        [
          -9.199646220000000e+01,
          3.129965560000000e+01
        ],
        [
          -9.201089320000000e+01,
          3.129242960000000e+01
        ],
        [
          -9.201653720000000e+01,
          3.130245060000000e+01
        ]
      ]
    ]
  ],
  ""type"": ""MultiPolygon""
}",1576,22,025,22025,Catahoula Parish,LA,25556,0,215,,2,,2,11573.279723144,,,2,,2,12546.789864021,,12211.535287426,24.7,4543,617,13.58133392,8805,1,11.357183419,,,1799,,4031,4086,26.3,43.9,1715,81,,,57.947019868,,,,43.043043043,47.2303207,,,,,,,,,,72,63,87.5,3452,142,4.113557358,673,,,62.385321101,,26.5,36.9,4.851706473,777,0,84,,,14.341085271,,,,9.127789047,10.810810811,67076,16,,,,,,29.493171197,23.853539269,6.128798322,20410,108382,5.310240078,8805,47,533.8,17.456849227,,,38,,35,36,8566,8566,1835,21.421900537,8566,1655,19.320569694,8566,2548,29.745505487,8566,66,0.7704879757,8566,175,2.042960542,8566,4092,47.770254495,8906,8906,100,8399,9,0.1071556138,13.7,7497,38,506.8,8566,2,23.348120476,,,30223,,54784,41676,1060,683,64.433962264,2877,2306,,,,,63.75779163,80.152937087,2501,1006,40.223910436,33.9,8566,0,0,8566,7,0.08171842167,1948,605,31.057494867,10407,1416.227110786,13.608408867,6368,711,11.165201005,8566,2,23.348120476,1912,102,5.334728033,1,8.2,8566,5665,66.133551249,25556,215,,,555.860061808,,,638.330331127,617.887821409,,,,,,,,,,,,,,,,,,,,8566,11,128.41466262,8906,1369,15.371659555,16.2,13.608408867,6,8,3,37.5,47008,38,,,,,,100.509029602,80.837304289,3395,515,8.151515152,0.854197349,7.95287187,15.169366716,2877,51.5,,,,,,,,,,1480,16.2,8805,16,18.17149347,40.552830424,40,15.3,20.3,,,73.093573175,,,72.07434419,72.559569578,,,,,,,,,,,,,41884,36003,0.859588387,3030,2355,77.722772277,2836,246,8.674188999,,,29,,26,27,8.885351537,,,,,,,,,,,,,,,,,,,,,,,,,,,3030,2222,73.333333333,0.1455847698,6294,4720,74.992055926,-12971.45,,41676,,33.659660236,523,,,7485,4858,64.903139613,41.3,2024,2655578107.16016,395188.51805752
"{
  ""coordinates"": [
    [
      [
        [
          -9.121403309999999e+01,
          3.293032600000000e+01
        ],
        [
          -9.121397810000001e+01,
          3.292720400000000e+01
        ],
        [
          -9.121284310000000e+01,
          3.292211000000000e+01
        ],
        [
          -9.121160310000000e+01,
          3.291963000000000e+01
        ],
        [
          -9.120826910000000e+01,
          3.291536000000000e+01
        ],
        [
          -9.119978110000000e+01,
          3.290851800000000e+01
        ],
        [
          -9.119679110000000e+01,
          3.290679000000000e+01
        ],
        [
          -9.118163710000000e+01,
          3.290145200000000e+01
        ],
        [
          -9.117541110000001e+01,
          3.290000400000000e+01
        ],
        [
          -9.117024110000000e+01,
          3.289939700000000e+01
        ],
        [
          -9.115998110000000e+01,
          3.289988500000000e+01
        ],
        [
          -9.115169610000000e+01,
          3.290194100000000e+01
        ],
        [
          -9.114508200000000e+01,
          3.290550000000000e+01
        ],
        [
          -9.113404700000000e+01,
          3.291768200000000e+01
        ],
        [
          -9.113212100000000e+01,
          3.292312800000000e+01
        ],
        [
          -9.113131000000000e+01,
          3.292692500000000e+01
        ],
        [
          -9.113129499999999e+01,
          3.293005500000000e+01
        ],
        [
          -9.113551300000000e+01,
          3.294617000000000e+01
        ],
        [
          -9.113786899999999e+01,
          3.295276200000000e+01
        ],
        [
          -9.113717310000000e+01,
          3.295652600000000e+01
        ],
        [
          -9.113663400000000e+01,
          3.295735500000000e+01
        ],
        [
          -9.113334100000000e+01,
          3.295906200000000e+01
        ],
        [
          -9.113124900000000e+01,
          3.296093400000000e+01
        ],
        [
          -9.113072699999999e+01,
          3.296226300000000e+01
        ],
        [
          -9.113095300000001e+01,
          3.296382100000000e+01
        ],
        [
          -9.113305600000000e+01,
          3.296654700000000e+01
        ],
        [
          -9.113753010000001e+01,
          3.296955600000000e+01
        ],
        [
          -9.113859110000000e+01,
          3.297135800000000e+01
        ],
        [
          -9.113552310000000e+01,
          3.297966300000000e+01
        ],
        [
          -9.113442010000000e+01,
          3.298053900000000e+01
        ],
        [
          -9.112511300000000e+01,
          3.298467500000000e+01
        ],
        [
          -9.111176300000000e+01,
          3.298836700000000e+01
        ],
        [
          -9.110658700000000e+01,
          3.298894400000000e+01
        ],
        [
          -9.109693600000000e+01,
          3.298641800000000e+01
        ],
        [
          -9.109427100000001e+01,
          3.298437700000000e+01
        ],
        [
          -9.109089299999999e+01,
          3.298118000000000e+01
        ],
        [
          -9.108680800000000e+01,
          3.297627200000000e+01
        ],
        [
          -9.108036100000000e+01,
          3.296280000000000e+01
        ],
        [
          -9.107890999999999e+01,
          3.295182400000000e+01
        ],
        [
          -9.108051300000000e+01,
          3.295012900000000e+01
        ],
        [
          -9.108189800000000e+01,
          3.294944100000000e+01
        ],
        [
          -9.108309000000000e+01,
          3.294791500000000e+01
        ],
        [
          -9.108191900000000e+01,
          3.294477400000000e+01
        ],
        [
          -9.108043700000000e+01,
          3.294321200000000e+01
        ],
        [
          -9.107208100000000e+01,
          3.293783800000000e+01
        ],
        [
          -9.107055300000000e+01,
          3.293604200000000e+01
        ],
        [
          -9.106480999999999e+01,
          3.292647000000000e+01
        ],
        [
          -9.106388099999999e+01,
          3.292269800000000e+01
        ],
        [
          -9.106486000000000e+01,
          3.291652600000000e+01
        ],
        [
          -9.106368999999999e+01,
          3.290637000000000e+01
        ],
        [
          -9.106381500000001e+01,
          3.290371500000000e+01
        ],
        [
          -9.106445500000000e+01,
          3.290107000000000e+01
        ],
        [
          -9.106819200000000e+01,
          3.289193500000000e+01
        ],
        [
          -9.107060799999999e+01,
          3.288866500000000e+01
        ],
        [
          -9.108668900000001e+01,
          3.287339800000000e+01
        ],
        [
          -9.110563700000000e+01,
          3.285840200000000e+01
        ],
        [
          -9.111609700000000e+01,
          3.285564700000000e+01
        ],
        [
          -9.112473100000000e+01,
          3.285486700000000e+01
        ],
        [
          -9.112789200000000e+01,
          3.285506500000000e+01
        ],
        [
          -9.113789600000000e+01,
          3.284898100000000e+01
        ],
        [
          -9.114356500000000e+01,
          3.284474500000000e+01
        ],
        [
          -9.114500800000000e+01,
          3.284287600000000e+01
        ],
        [
          -9.114971000000000e+01,
          3.283122600000000e+01
        ],
        [
          -9.115218000000000e+01,
          3.282667900000000e+01
        ],
        [
          -9.115716100000000e+01,
          3.282382900000000e+01
        ],
        [
          -9.115834200000000e+01,
          3.282231000000000e+01
        ],
        [
          -9.116167500000000e+01,
          3.281247100000000e+01
        ],
        [
          -9.116141800000000e+01,
          3.280001000000000e+01
        ],
        [
          -9.116440299999999e+01,
          3.278582700000000e+01
        ],
        [
          -9.115858900000001e+01,
          3.278110200000000e+01
        ],
        [
          -9.115692400000000e+01,
          3.278034900000000e+01
        ],
        [
          -9.115761999999999e+01,
          3.277603900000000e+01
        ],
        [
          -9.116497400000000e+01,
          3.276199000000000e+01
        ],
        [
          -9.116582000000000e+01,
          3.275784800000000e+01
        ],
        [
          -9.116533400000000e+01,
          3.275130700000000e+01
        ],
        [
          -9.116339499999999e+01,
          3.274701500000000e+01
        ],
        [
          -9.115861599999999e+01,
          3.274345500000000e+01
        ],
        [
          -9.115446700000000e+01,
          3.274234500000000e+01
        ],
        [
          -9.115025000000000e+01,
          3.274179200000000e+01
        ],
        [
          -9.113169700000000e+01,
          3.274311300000000e+01
        ],
        [
          -9.112315800000000e+01,
          3.274280400000000e+01
        ],
        [
          -9.111365800000000e+01,
          3.273997600000000e+01
        ],
        [
          -9.109057900000001e+01,
          3.273610600000000e+01
        ],
        [
          -9.107718199999999e+01,
          3.273254000000000e+01
        ],
        [
          -9.106077200000000e+01,
          3.272750000000000e+01
        ],
        [
          -9.105700500000000e+01,
          3.272558600000000e+01
        ],
        [
          -9.105448699999999e+01,
          3.272226500000000e+01
        ],
        [
          -9.105475500000000e+01,
          3.271923500000000e+01
        ],
        [
          -9.105704900000001e+01,
          3.271258200000000e+01
        ],
        [
          -9.106395200000000e+01,
          3.270293200000000e+01
        ],
        [
          -9.107606699999999e+01,
          3.269375700000000e+01
        ],
        [
          -9.108115100000001e+01,
          3.269113300000000e+01
        ],
        [
          -9.109876800000001e+01,
          3.268529700000000e+01
        ],
        [
          -9.110444900000000e+01,
          3.268244000000000e+01
        ],
        [
          -9.111826400000000e+01,
          3.267408100000000e+01
        ],
        [
          -9.112772900000000e+01,
          3.266534890000000e+01
        ],
        [
          -9.113093400000000e+01,
          3.265887590000000e+01
        ],
        [
          -9.113764399999999e+01,
          3.265062690000000e+01
        ],
        [
          -9.113871800000000e+01,
          3.264977990000000e+01
        ],
        [
          -9.114204400000000e+01,
          3.264927090000000e+01
        ],
        [
          -9.114435300000000e+01,
          3.264803490000000e+01
        ],
        [
          -9.114975900000000e+01,
          3.264404690000000e+01
        ],
        [
          -9.115208699999999e+01,
          3.264151390000000e+01
        ],
        [
          -9.115270500000000e+01,
          3.264076290000000e+01
        ],
        [
          -9.115375000000000e+01,
          3.263523390000000e+01
        ],
        [
          -9.115382700000001e+01,
          3.263128790000000e+01
        ],
        [
          -9.115356199999999e+01,
          3.262618690000000e+01
        ],
        [
          -9.115132400000000e+01,
          3.261592490000000e+01
        ],
        [
          -9.114621000000000e+01,
          3.260414990000000e+01
        ],
        [
          -9.114408000000000e+01,
          3.260061890000000e+01
        ],
        [
          -9.114115400000000e+01,
          3.259721490000000e+01
        ],
        [
          -9.113528599999999e+01,
          3.259165690000000e+01
        ],
        [
          -9.112791799999999e+01,
          3.258649890000000e+01
        ],
        [
          -9.112511400000000e+01,
          3.258519290000000e+01
        ],
        [
          -9.111986000000000e+01,
          3.258480090000000e+01
        ],
        [
          -9.111864700000000e+01,
          3.258514490000000e+01
        ],
        [
          -9.111277000000000e+01,
          3.259019190000000e+01
        ],
        [
          -9.110571000000000e+01,
          3.259088490000000e+01
        ],
        [
          -9.108779000000000e+01,
          3.259707590000000e+01
        ],
        [
          -9.107951199999999e+01,
          3.260068590000000e+01
        ],
        [
          -9.106135999999999e+01,
          3.260537790000000e+01
        ],
        [
          -9.104980200000000e+01,
          3.260719390000000e+01
        ],
        [
          -9.104890600000000e+01,
          3.261356190000000e+01
        ],
        [
          -9.104326900000000e+01,
          3.262078490000000e+01
        ],
        [
          -9.104145400000000e+01,
          3.262514090000000e+01
        ],
        [
          -9.104040700000000e+01,
          3.263252690000000e+01
        ],
        [
          -9.103842100000000e+01,
          3.263644890000000e+01
        ],
        [
          -9.103018700000000e+01,
          3.264405790000000e+01
        ],
        [
          -9.102577500000000e+01,
          3.264657890000000e+01
        ],
        [
          -9.101912100000000e+01,
          3.264385090000000e+01
        ],
        [
          -9.101429200000000e+01,
          3.264048790000000e+01
        ],
        [
          -9.100682600000000e+01,
          3.263126690000000e+01
        ],
        [
          -9.100350600000000e+01,
          3.262485090000000e+01
        ],
        [
          -9.100296800000000e+01,
          3.262256090000000e+01
        ],
        [
          -9.100300300000001e+01,
          3.261468390000000e+01
        ],
        [
          -9.100460500000000e+01,
          3.260978590000000e+01
        ],
        [
          -9.101023400000000e+01,
          3.260193290000000e+01
        ],
        [
          -9.101372900000000e+01,
          3.259842490000000e+01
        ],
        [
          -9.101623700000000e+01,
          3.259695890000000e+01
        ],
        [
          -9.102294900000000e+01,
          3.259185390000000e+01
        ],
        [
          -9.103099700000000e+01,
          3.258335290000000e+01
        ],
        [
          -9.103617600000000e+01,
          3.257956190000000e+01
        ],
        [
          -9.104345690000000e+01,
          3.257627550000000e+01
        ],
        [
          -9.096404900000000e+01,
          3.257561090000000e+01
        ],
        [
          -9.096338700000000e+01,
          3.241119090000000e+01
        ],
        [
          -9.095124600000000e+01,
          3.244439490000000e+01
        ],
        [
          -9.092648199999999e+01,
          3.245058490000000e+01
        ],
        [
          -9.091571800000000e+01,
          3.244414690000000e+01
        ],
        [
          -9.089475100000000e+01,
          3.244860790000000e+01
        ],
        [
          -9.088147200000000e+01,
          3.244077390000000e+01
        ],
        [
          -9.086978990000000e+01,
          3.245132090000000e+01
        ],
        [
          -9.086136990000000e+01,
          3.244212090000000e+01
        ],
        [
          -9.086057200000000e+01,
          3.257517890000000e+01
        ],
        [
          -9.076808690000000e+01,
          3.257475690000000e+01
        ],
        [
          -9.072704990000000e+01,
          3.256781890000000e+01
        ],
        [
          -9.073170490000000e+01,
          3.258728190000000e+01
        ],
        [
          -9.072273190000000e+01,
          3.259212390000000e+01
        ],
        [
          -9.071640490000000e+01,
          3.261158400000000e+01
        ],
        [
          -9.072010790000000e+01,
          3.261886400000000e+01
        ],
        [
          -9.069756889999999e+01,
          3.262514100000000e+01
        ],
        [
          -9.069141089999999e+01,
          3.263629000000000e+01
        ],
        [
          -9.071282490000000e+01,
          3.264235200000000e+01
        ],
        [
          -9.072316490000000e+01,
          3.266213400000000e+01
        ],
        [
          -9.096487000000000e+01,
          3.266280400000000e+01
        ],
        [
          -9.096335300000000e+01,
          3.283825400000000e+01
        ],
        [
          -9.095603000000000e+01,
          3.285291100000000e+01
        ],
        [
          -9.094018300000000e+01,
          3.286207400000000e+01
        ],
        [
          -9.094016100000000e+01,
          3.288584400000000e+01
        ],
        [
          -9.091404600000000e+01,
          3.294420400000000e+01
        ],
        [
          -9.091434300000000e+01,
          3.300770300000000e+01
        ],
        [
          -9.096543900000000e+01,
          3.301055100000000e+01
        ],
        [
          -9.116554549999999e+01,
          3.301132710000000e+01
        ],
        [
          -9.116669010000000e+01,
          3.300809600000000e+01
        ],
        [
          -9.116610110000001e+01,
          3.300429700000000e+01
        ],
        [
          -9.116620109999999e+01,
          3.300224400000000e+01
        ],
        [
          -9.116897910000000e+01,
          3.299213800000000e+01
        ],
        [
          -9.117331410000000e+01,
          3.298609400000000e+01
        ],
        [
          -9.118216409999999e+01,
          3.297864500000000e+01
        ],
        [
          -9.118698910000001e+01,
          3.297620000000000e+01
        ],
        [
          -9.119743910000000e+01,
          3.296482600000000e+01
        ],
        [
          -9.119965209999999e+01,
          3.296356700000000e+01
        ],
        [
          -9.120184810000001e+01,
          3.296121800000000e+01
        ],
        [
          -9.120203610000000e+01,
          3.295733800000000e+01
        ],
        [
          -9.120119610000000e+01,
          3.295498800000000e+01
        ],
        [
          -9.119942110000000e+01,
          3.295232000000000e+01
        ],
        [
          -9.120744610000000e+01,
          3.294439900000000e+01
        ],
        [
          -9.121071110000000e+01,
          3.293985100000000e+01
        ],
        [
          -9.121282610000000e+01,
          3.293608200000000e+01
        ],
        [
          -9.121403309999999e+01,
          3.293032600000000e+01
        ]
      ]
    ]
  ],
  ""type"": ""MultiPolygon""
}",1578,28,055,28055,Issaquena County,MS,3506,1,25,,2,,2,,2,,2,,2,,2,8334.708642366,31.1,650,136,20.923076923,1280,0,0,,,,,,,27.5,45.4,,,,,,,,,,,,,,,,,,,,,,,314,23,7.324840764,55,,,23.076923077,,,88.7,4.681483643,73,1,14,,,21.568627451,,,,,19.178082192,,,,,,,,,,5.101795127,11500,64950,5.647826087,,,,13.170229109,,,,,,39,1273,1273,98,7.698350353,1273,213,16.73212883,1273,825,64.807541241,1273,5,0.3927729772,1273,27,2.120974077,1273,406,31.89316575,1338,1338,100,1184,0,0,16.4,,,,1273,0,,,,16025,,57292,36922,,,,174,134,,,,,,77.011494253,496,130,26.209677419,39.7,1273,1,0.07855459544,1273,10,0.7855459544,113,43,38.053097345,1406,216.811985545,15.420482613,738,146,19.783197832,1273,0,0,93,10,10.752688172,1,8.3,1273,403,31.657501964,3506,25,,,,,,,504.203048174,,,,,,,,,,,,,,,,,,,,1273,0,0,1338,108,8.071748879,22.9,15.420482613,4.4,6,2,33.333333333,,,,,,,,,,460,65,8.771929825,4.130434783,0.8695652174,14.130434783,174,29.9,,,,,,,,,,250,22.9,1280,0,0,,39.9,15.7,18.3,,,,,,,,,,,,,,,,,,,,35577,29271,0.8227506535,392,199,50.765306122,283,18,6.360424028,,,29,,54,32,0.5329805538,100,,,,,,,,,,,,,,,,,,,,,,,,,,392,141,35.969387755,,1046,673,64.340344168,,,36922,,18.251990683,37,1,27.027027027,1055,676,64.075829384,40.2,2024,1622681972.70703,341484.423556461
"{
  ""coordinates"": [
    [
      [
        [
          -9.072690790000000e+01,
          3.224154490000000e+01
        ],
        [
          -9.072862790000001e+01,
          3.222512490000000e+01
        ],
        [
          -9.071830290000000e+01,
          3.204835780000000e+01
        ],
        [
          -9.023033680000000e+01,
          3.204973390000000e+01
        ],
        [
          -9.023626480000000e+01,
          3.206469190000000e+01
        ],
        [
          -9.022672880000000e+01,
          3.207976390000000e+01
        ],
        [
          -9.024696179999999e+01,
          3.209412590000000e+01
        ],
        [
          -9.023731780000000e+01,
          3.210105690000000e+01
        ],
        [
          -9.025111180000000e+01,
          3.211224990000000e+01
        ],
        [
          -9.024100280000000e+01,
          3.212171790000000e+01
        ],
        [
          -9.024728180000000e+01,
          3.213750890000000e+01
        ],
        [
          -9.024304780000000e+01,
          3.215043490000000e+01
        ],
        [
          -9.025480480000000e+01,
          3.215119390000000e+01
        ],
        [
          -9.024194180000001e+01,
          3.215508890000000e+01
        ],
        [
          -9.024538579999999e+01,
          3.217140190000000e+01
        ],
        [
          -9.021264480000001e+01,
          3.217997190000000e+01
        ],
        [
          -9.020824980000000e+01,
          3.218875290000000e+01
        ],
        [
          -9.019486080000000e+01,
          3.218786090000000e+01
        ],
        [
          -9.019380780000000e+01,
          3.219866790000000e+01
        ],
        [
          -9.018169170000000e+01,
          3.220160890000000e+01
        ],
        [
          -9.018975680000000e+01,
          3.220290990000000e+01
        ],
        [
          -9.018580480000000e+01,
          3.221956890000000e+01
        ],
        [
          -9.020439680000000e+01,
          3.223465190000000e+01
        ],
        [
          -9.020529780000000e+01,
          3.225195090000000e+01
        ],
        [
          -9.018609480000001e+01,
          3.226065290000000e+01
        ],
        [
          -9.017970680000001e+01,
          3.227616790000000e+01
        ],
        [
          -9.017769780000000e+01,
          3.229028090000000e+01
        ],
        [
          -9.015119270000000e+01,
          3.229175190000000e+01
        ],
        [
          -9.016164370000000e+01,
          3.230351290000000e+01
        ],
        [
          -9.015219270000000e+01,
          3.232374890000000e+01
        ],
        [
          -9.014227070000000e+01,
          3.232114090000000e+01
        ],
        [
          -9.010969070000000e+01,
          3.234865590000000e+01
        ],
        [
          -9.009368670000001e+01,
          3.239024990000000e+01
        ],
        [
          -9.008738470000000e+01,
          3.238472590000000e+01
        ],
        [
          -9.006570270000000e+01,
          3.239953490000000e+01
        ],
        [
          -9.012349370000000e+01,
          3.239945690000000e+01
        ],
        [
          -9.014072870000000e+01,
          3.239948490000000e+01
        ],
        [
          -9.014890880000000e+01,
          3.240019890000000e+01
        ],
        [
          -9.017657180000000e+01,
          3.240024090000000e+01
        ],
        [
          -9.024376980000000e+01,
          3.240010390000000e+01
        ],
        [
          -9.024364679999999e+01,
          3.248753890000000e+01
        ],
        [
          -9.044986980000000e+01,
          3.248839990000000e+01
        ],
        [
          -9.045004280000001e+01,
          3.257378900000000e+01
        ],
        [
          -9.046514280000000e+01,
          3.254766190000000e+01
        ],
        [
          -9.048267980000000e+01,
          3.254401190000000e+01
        ],
        [
          -9.049901090000000e+01,
          3.252395290000000e+01
        ],
        [
          -9.052374090000001e+01,
          3.251883690000000e+01
        ],
        [
          -9.052222290000000e+01,
          3.250311590000000e+01
        ],
        [
          -9.055382690000000e+01,
          3.250757990000000e+01
        ],
        [
          -9.057009890000000e+01,
          3.249956590000000e+01
        ],
        [
          -9.057870690000000e+01,
          3.250367190000000e+01
        ],
        [
          -9.060407290000001e+01,
          3.247906990000000e+01
        ],
        [
          -9.059783490000000e+01,
          3.245028690000000e+01
        ],
        [
          -9.058585189999999e+01,
          3.244535390000000e+01
        ],
        [
          -9.059991590000000e+01,
          3.243521490000000e+01
        ],
        [
          -9.059999089999999e+01,
          3.242463290000000e+01
        ],
        [
          -9.061549590000000e+01,
          3.240944390000000e+01
        ],
        [
          -9.061774790000000e+01,
          3.239301790000000e+01
        ],
        [
          -9.063616790000000e+01,
          3.237450390000000e+01
        ],
        [
          -9.062912990000000e+01,
          3.233887090000000e+01
        ],
        [
          -9.068357690000001e+01,
          3.235278990000000e+01
        ],
        [
          -9.070518090000000e+01,
          3.234679390000000e+01
        ],
        [
          -9.069932489999999e+01,
          3.233106490000000e+01
        ],
        [
          -9.070535790000000e+01,
          3.232473790000000e+01
        ],
        [
          -9.069675990000000e+01,
          3.230621090000000e+01
        ],
        [
          -9.070671590000001e+01,
          3.229233590000000e+01
        ],
        [
          -9.070209590000000e+01,
          3.228642990000000e+01
        ],
        [
          -9.071461590000000e+01,
          3.227597990000000e+01
        ],
        [
          -9.071542289999999e+01,
          3.225604890000000e+01
        ],
        [
          -9.072690790000000e+01,
          3.224154490000000e+01
        ]
      ]
    ]
  ],
  ""type"": ""MultiPolygon""
}",1581,28,049,28049,Hinds County,MS,642102,0,4856,,2,9032.163659645,1,15814.698080035,,13130.57495057,,,2,10922.247494189,,14573.041931534,23.3,125350,23254,18.551256482,222679,199,89.366307555,,1724,4406,,2443,3447,18.7,43.7,61090,1621,,,30.140614162,45.274027006,,,11.369838094,26.534621051,1643187,586,,,45.184068283,,,9.000765065,35.662404827,2555,2228.99,87.240313112,101741,4003,3.934500349,15088,31.690140845,12.457912458,36.045750842,27.822580645,4.800923254,30.6,3.797053169,20564,0,3055,,13.06122449,17.236284209,6.901840491,,,7.112867375,14.856059132,1643187,414,,,25.326637901,50.185299568,,24.752103929,25.194941294,4.936265859,20645,98356,4.76415597,222679,2917,1310,12.410369264,,34,45,,47,46,217730,217730,50312,23.107518486,217730,35896,16.486474073,217730,159476,73.244844532,217730,171,0.07853763836,217730,3623,1.663987507,217730,116067,53.3077665,227742,40037,17.579980856,212484,905,0.4259144218,15.1,185935,2217,1192.4,217730,899,412.896706931,46081,56048,42386,46167,75005,47479,32117,32042,99.766478812,96567,76337,,83.770014556,80.02617801,74.069834001,84.793771044,79.05081446,59053,40590,68.734865291,32.2,217730,41,0.01883066183,217730,1573,0.722454416,53387,26264,49.195497031,245285,36418.896354727,14.847583976,174643,25514,14.609231403,217730,229,105.176135581,51852,2559,4.935200185,1,9.8,217730,50913,23.383548432,642102,4856,,455.042471789,683.446270767,497.54074042,,531.529725316,640.955559581,248612,257,,,113.940431324,,,75.901328273,103.373932071,21282,206,,,10.652793261,,,,7.182188173,9.679541396,217730,665,305.424149176,227742,172058,75.54952534,13.7,14.847583976,6.4,266,48,18.045112782,1159067,1342,,,112.752002504,104.585236968,,129.013193221,115.78278046,88830,14775,14.347128282,2.741191039,0.5234718001,16.632894292,96567,28.9,682485,123,,,12.831154042,,,34.659899734,18.022374118,31720,13.7,222679,311,13.966292286,58.729659018,37.2,12.4,16.8,,,70.934624895,74.841515031,,74.542278068,71.854073969,1159067,565,,,56.43528201,,,27.748647704,48.746103547,14148,1383,9.775233249,47408,38967,0.8219498819,89585,51765,57.783111012,85373,13741,16.095252597,,42,32,21,49,42,97.707266976,25000,128,22,6,,3.68045839,2.71741886,2.776778009,3.513900783,2.793334075,,4.048474017,2.548468291,2.814818227,3.478970678,2.64455799,1159067,140,12.078680525,,,7.868277074,,,23.782505557,12.228063979,89585,77670,86.69978233,0.2407819277,147715,131376,88.938834919,-16085.016333333,,47479,,22.226668632,14652,197,13.445263445,176420,99995,56.680081623,60.6,2024,3189833100.44531,286156.252618375
"{
  ""coordinates"": [
    [
      [
        [
          -9.024519669999999e+01,
          3.171752980000000e+01
        ],
        [
          -9.024389570000000e+01,
          3.135027970000000e+01
        ],
        [
          -9.010865670000000e+01,
          3.135087470000000e+01
        ],
        [
          -9.008243570000000e+01,
          3.132878370000000e+01
        ],
        [
          -9.005299070000000e+01,
          3.132887970000000e+01
        ],
        [
          -9.004047170000000e+01,
          3.133601970000000e+01
        ],
        [
          -9.004049070000001e+01,
          3.139467870000000e+01
        ],
        [
          -8.997590970000000e+01,
          3.139459270000000e+01
        ],
        [
          -8.995894560000001e+01,
          3.139049470000000e+01
        ],
        [
          -8.995910270000000e+01,
          3.152242680000000e+01
        ],
        [
          -8.997605770000000e+01,
          3.152248280000000e+01
        ],
        [
          -8.997459170000000e+01,
          3.176166080000000e+01
        ],
        [
          -9.012257070000000e+01,
          3.175268580000000e+01
        ],
        [
          -9.013127969999999e+01,
          3.175605380000000e+01
        ],
        [
          -9.018414470000000e+01,
          3.173146780000000e+01
        ],
        [
          -9.024519669999999e+01,
          3.171752980000000e+01
        ]
      ]
    ]
  ],
  ""type"": ""MultiPolygon""
}",1594,28,077,28077,Lawrence County,MS,34091,0,297,,2,,2,14378.59192029,,,2,,2,12863.608277266,,13222.35146869,24.9,6583,1201,18.24396172,11812,2,16.931933627,,,6161,,4671,4949,22.6,43.1,2679,105,,,36.489151874,,,,42.006269592,39.193729003,87347,12,,,,,,,13.738308127,143,117.975,82.5,4778,224,4.688154039,847,,,40.147523709,49.528301887,18.130311615,30.7,4.205839484,1047,0,127,,,16.75257732,,,,9.591194969,12.129894938,87347,28,,,39.368669697,,,30.144516358,32.056052297,5.416128776,18215,85429,4.690035685,11812,74,626.5,13.405638414,,,46,,33,36,11713,11713,2795,23.862375139,11713,2295,19.593613933,11713,3748,31.998633996,11713,37,0.3158883292,11713,299,2.552719201,11713,5971,50.977546316,12016,12016,100,11199,58,0.5179033842,13.6,9823,41,417.4,11713,1,8.537522411,80625,,33558,,47190,46407,1770,1755,99.152542373,4037,3604,,,,,87.720295623,89.274213525,2706,1313,48.5218034,33.9,11713,2,0.01707504482,11713,59,0.5037138222,3007,1035,34.419687396,12929,1061.296628786,8.208652091,9383,1394,14.856655654,11713,2,17.075044822,2932,209,7.128240109,0,8.8,11713,7446,63.570391872,34091,297,,,709.497773281,,,635.490070037,647.58193549,13105,11,,,,,,,83.937428462,,,,,,,,,,,11713,18,153.675403398,12016,,,18.1,8.208652091,6.1,12,3,25,61976,71,,,75.456511897,,,140.326258551,114.560475023,5020,1015,11.075312122,2.689243028,6.87250996,20.219123506,4037,48.8,,,,,,,,,,2190,18.1,11812,19,16.085336945,27.143840467,36.5,13.8,18.2,,,71.530601221,,,71.248556842,71.391817983,61976,22,,,,,,45.10486882,35.497611979,,,,44103,35222,0.7986304787,4473,3519,78.672032193,4236,413,9.749763928,,,33,,36,36,1.245547209,1400,19,-888,,,,2.578582566,,2.831656578,2.733730844,,,2.633220217,,2.998608861,2.857953756,61976,12,19.362333807,,,,,,29.965714576,19.490805088,4473,2654,59.333780461,0.06692677632,8086,6704,82.90873114,-10148.72,,46407,,19.566013748,742,2,2.69541779,9470,6613,69.831045407,47.2,2024,1558206362.78516,170576.313483325
"{
  ""coordinates"": [
    [
      [
        [
          -9.296850350000000e+01,
          3.173134570000000e+01
        ],
        [
          -9.297353550000000e+01,
          3.170892770000000e+01
        ],
        [
          -9.262086640000000e+01,
          3.170962370000000e+01
        ],
        [
          -9.261931540000000e+01,
          3.179729370000000e+01
        ],
        [
          -9.236261430000000e+01,
          3.179663870000000e+01
        ],
        [
          -9.236223330000000e+01,
          3.180811870000000e+01
        ],
        [
          -9.234050030000000e+01,
          3.181337270000000e+01
        ],
        [
          -9.234077430000001e+01,
          3.183308070000000e+01
        ],
        [
          -9.232923529999999e+01,
          3.184942070000000e+01
        ],
        [
          -9.233710130000000e+01,
          3.185161870000000e+01
        ],
        [
          -9.232131730000000e+01,
          3.186513970000000e+01
        ],
        [
          -9.232467730000000e+01,
          3.188630970000000e+01
        ],
        [
          -9.231236930000000e+01,
          3.189625370000000e+01
        ],
        [
          -9.231252430000001e+01,
          3.192766180000000e+01
        ],
        [
          -9.231194330000000e+01,
          3.214604180000000e+01
        ],
        [
          -9.281535049999999e+01,
          3.214741880000000e+01
        ],
        [
          -9.293909850000000e+01,
          3.214792580000000e+01
        ],
        [
          -9.293122750000001e+01,
          3.212248980000000e+01
        ],
        [
          -9.291276950000000e+01,
          3.210342580000000e+01
        ],
        [
          -9.290474050000000e+01,
          3.208144080000000e+01
        ],
        [
          -9.291176249999999e+01,
          3.207710980000000e+01
        ],
        [
          -9.289584450000000e+01,
          3.205501280000000e+01
        ],
        [
          -9.289846350000001e+01,
          3.204489980000000e+01
        ],
        [
          -9.288819150000000e+01,
          3.203120780000000e+01
        ],
        [
          -9.288781050000000e+01,
          3.200863470000000e+01
        ],
        [
          -9.290063650000000e+01,
          3.198795170000000e+01
        ],
        [
          -9.288350149999999e+01,
          3.198114770000000e+01
        ],
        [
          -9.288504050000000e+01,
          3.195656870000000e+01
        ],
        [
          -9.287218050000000e+01,
          3.194586170000000e+01
        ],
        [
          -9.288487350000000e+01,
          3.193923870000000e+01
        ],
        [
          -9.289464649999999e+01,
          3.191716470000000e+01
        ],
        [
          -9.289258850000000e+01,
          3.190145170000000e+01
        ],
        [
          -9.290109450000000e+01,
          3.189391470000000e+01
        ],
        [
          -9.290622850000000e+01,
          3.186940070000000e+01
        ],
        [
          -9.289820650000000e+01,
          3.185942070000000e+01
        ],
        [
          -9.290769349999999e+01,
          3.185106070000000e+01
        ],
        [
          -9.295004550000000e+01,
          3.185605870000000e+01
        ],
        [
          -9.293843149999999e+01,
          3.182941570000000e+01
        ],
        [
          -9.295027050000000e+01,
          3.182068170000000e+01
        ],
        [
          -9.294221250000000e+01,
          3.181415370000000e+01
        ],
        [
          -9.295255849999999e+01,
          3.178369370000000e+01
        ],
        [
          -9.296680650000000e+01,
          3.178130470000000e+01
        ],
        [
          -9.296850350000000e+01,
          3.173134570000000e+01
        ]
      ]
    ]
  ],
  ""type"": ""MultiPolygon""
}",1615,22,127,22127,Winn Parish,LA,37778,0,325,,2,,2,11233.868078518,,,2,,2,13100.456959086,,11982.912780463,22.8,6623,731,11.037294278,13488,6,44.483985765,,,7040,,5218,5470,24.7,39.8,2809,98,,,35.752979415,,,,36.492054149,34.887860449,,,,,,,,,,132,115.5,87.5,4649,186,4.0008604,827,,,32.033096927,,28.931924883,31.1,4.609015707,1025,0,114,,,11.003236246,,,,11.111111111,11.12195122,98620,24,,,,,,26.651616342,24.335834516,5.918614545,18721,107703,5.753058063,13488,99,734,17.094904057,,,32,,31,31,13205,13205,2682,20.310488451,13205,2607,19.742521772,13205,3959,29.981067777,13205,122,0.923892465,13205,291,2.203710716,13205,6093,46.141613025,13755,9084,66.041439477,12936,173,1.337353123,13,11553,27,233.7,13205,5,37.864445286,,,32179,55417,49706,45646,1942,867,44.644696189,4788,3800,,,61.716621253,,81.878409977,79.365079365,3725,1281,34.389261745,32.8,13205,3,0.02271866717,13205,35,0.265051117,2812,1153,41.00284495,15313,859.876032875,5.615333592,9339,841,9.005246814,13205,6,45.437334343,2852,120,4.207573633,1,9,13205,8583,64.998106778,37778,325,,,640.621304209,,,654.062067082,626.351336442,12607,13,,,,,,,103.117315777,,,,,,,,,,,13205,13,98.447557743,13755,9958,72.395492548,14.1,5.615333592,7.3,24,6,25,69676,68,,,,,,128.940465075,97.59458063,5360,340,5.576923077,0.4664179104,0.5410447761,6.343283582,4788,41.7,41231,10,,,,,,,24.253595596,1960,14.1,13488,15,11.120996441,57.681639557,39.7,14.4,19.8,,,72.313886776,,,71.743717322,72.528162529,69676,15,,,,,,24.454226135,21.528216316,,,,50463,41548,0.8233359095,4882,3491,71.507578861,4420,340,7.692307692,,,31,,39,38,16.448108996,,,,,,,,,,,,,,,,,69676,14,20.093001894,,,,,,32.542915682,20.050927649,4882,3744,76.689881196,0.08515888846,9808,8230,83.911092985,-9786.859,,45646,,30.732156158,734,2,2.72479564,11145,6225,55.854643338,44.7,2024,3450415960.46484,271415.045443381
"{
  ""coordinates"": [
    [
      [
        [
          -8.932269750000000e+01,
          3.222347790000000e+01
        ],
        [
          -8.931709150000000e+01,
          3.187431090000000e+01
        ],
        [
          -8.931656550000000e+01,
          3.180209580000000e+01
        ],
        [
          -8.894336040000000e+01,
          3.182457090000000e+01
        ],
        [
          -8.891046440000000e+01,
          3.182665490000000e+01
        ],
        [
          -8.891385240000000e+01,
          3.222419190000000e+01
        ],
        [
          -8.932269750000000e+01,
          3.222347790000000e+01
        ]
      ]
    ]
  ],
  ""type"": ""MultiPolygon""
}",1632,28,061,28061,Jasper County,MS,44702,0,417,,2,,2,18361.738074365,,,2,,2,10731.282168644,,15042.072894595,24.9,8895,1450,16.301292861,16291,3,18.415075809,,,7353,,4824,6089,21.8,43.5,3320,108,,,34.079348932,,,,29.983792545,32.530120482,,,,,,,,,,158,142.325,90.079113924,5834,294,5.039424066,1069,,,34.651360544,,14.568487728,29.5,4.100169158,1375,0,181,,,16.934487021,,,,7.889908257,13.163636364,115163,41,,,44.441518254,,,23.330417031,35.601712356,5.243530244,20031,93449,4.665218911,16291,116,712,12.344823867,,,42,,35,37,16167,16167,3687,22.805715346,16167,3494,21.611925527,16167,8379,51.827797365,16167,78,0.4824642791,16167,323,1.997896951,16167,8211,50.788643533,16367,16367,100,15368,0,0,14.6,13624,53,389,16167,3,18.556318426,,,35227,,60881,44810,2109,2088,99.004267425,6314,5788,,,90.645879733,,87.075098814,91.669306303,3712,1925,51.858836207,33.2,16167,12,0.07422527371,16167,32,0.1979340632,3701,1948,52.634423129,17062,893.673116454,5.237798127,12452,1642,13.186636685,16167,5,30.927197377,3717,208,5.595910681,1,9.3,16167,7179,44.405269994,44702,417,,,825.029484127,,,532.09862767,688.98461988,16101,20,,,147.244425747,,,,124.215887212,,,,,,,,,,,16167,8,49.483515804,16367,5282,32.272255148,14.8,5.237798127,7.2,41,4,9.756097561,82016,74,,,89.832772838,,,90.607067351,90.226297308,6615,695,5.579196217,2.705971277,2.343159486,10.506424792,6314,53.5,,,,,,,,,,2430,14.8,16291,17,10.435209625,41.367428614,37.4,13.4,17.5,,,69.113500923,,,73.692349306,70.949013735,82016,14,,,,,,,17.069840031,,,,49359,31681,0.6418484977,6447,5437,84.333798666,6044,481,7.958305758,,,31,,40,38,2.738926236,1700,14,-888,,,,3.069828613,,3.169069202,3.096842124,,,3.112674078,,3.321081496,3.161091467,,,,,,,,,,,6447,3562,55.25050411,0.4777081693,11321,10034,88.631746312,-23311.195,,44810,,18.902030797,983,5,5.08646999,12735,8736,68.598351001,38.5,2024,2438050867.40234,198358.114803076
"{
  ""coordinates"": [
    [
      [
        [
          -9.387930120000000e+01,
          3.184398240000000e+01
        ],
        [
          -9.387482869999999e+01,
          3.184061670000000e+01
        ],
        [
          -9.387476770000001e+01,
          3.182166670000000e+01
        ],
        [
          -9.387092370000001e+01,
          3.181684270000000e+01
        ],
        [
          -9.385339670000000e+01,
          3.180547270000000e+01
        ],
        [
          -9.384619470000000e+01,
          3.180202670000000e+01
        ],
        [
          -9.383995770000000e+01,
          3.179860270000000e+01
        ],
        [
          -9.383687470000000e+01,
          3.179416470000000e+01
        ],
        [
          -9.383687470000000e+01,
          3.178873970000000e+01
        ],
        [
          -9.383465570000000e+01,
          3.178331470000000e+01
        ],
        [
          -9.383120370000000e+01,
          3.178023270000000e+01
        ],
        [
          -9.382745770000000e+01,
          3.177774670000000e+01
        ],
        [
          -9.382344970000000e+01,
          3.177510370000000e+01
        ],
        [
          -9.382260470000000e+01,
          3.177356470000000e+01
        ],
        [
          -9.382734970000000e+01,
          3.175937570000000e+01
        ],
        [
          -9.383011870000000e+01,
          3.175456070000000e+01
        ],
        [
          -9.383065370000000e+01,
          3.174581670000000e+01
        ],
        [
          -9.382458570000000e+01,
          3.173440270000000e+01
        ],
        [
          -9.381905470000000e+01,
          3.172886370000000e+01
        ],
        [
          -9.381566370000000e+01,
          3.171904870000000e+01
        ],
        [
          -9.381584270000000e+01,
          3.171191060000000e+01
        ],
        [
          -9.381459370000000e+01,
          3.170744960000000e+01
        ],
        [
          -9.381031070000000e+01,
          3.170548660000000e+01
        ],
        [
          -9.380727670000000e+01,
          3.170423760000000e+01
        ],
        [
          -9.380342570000001e+01,
          3.170069160000000e+01
        ],
        [
          -9.380270070000000e+01,
          3.169778860000000e+01
        ],
        [
          -9.380245870000000e+01,
          3.169319160000000e+01
        ],
        [
          -9.380448570000000e+01,
          3.168566960000000e+01
        ],
        [
          -9.381743170000000e+01,
          3.167215160000000e+01
        ],
        [
          -9.382205770000000e+01,
          3.167397260000000e+01
        ],
        [
          -9.382646870000001e+01,
          3.166692460000000e+01
        ],
        [
          -9.382566770000000e+01,
          3.166102760000000e+01
        ],
        [
          -9.381804370000000e+01,
          3.164789760000000e+01
        ],
        [
          -9.381684470000000e+01,
          3.162251460000000e+01
        ],
        [
          -9.381872370000001e+01,
          3.161456160000000e+01
        ],
        [
          -9.382398370000000e+01,
          3.161423360000000e+01
        ],
        [
          -9.382785869999999e+01,
          3.161655660000000e+01
        ],
        [
          -9.383806370000001e+01,
          3.160680060000000e+01
        ],
        [
          -9.383938970000000e+01,
          3.159908060000000e+01
        ],
        [
          -9.383493070000000e+01,
          3.158621660000000e+01
        ],
        [
          -9.382296470000000e+01,
          3.156813560000000e+01
        ],
        [
          -9.382077070000000e+01,
          3.155822660000000e+01
        ],
        [
          -9.381858870000001e+01,
          3.155483160000000e+01
        ],
        [
          -9.379809370000000e+01,
          3.153404960000000e+01
        ],
        [
          -9.378769370000001e+01,
          3.152734960000000e+01
        ],
        [
          -9.378084170000000e+01,
          3.152538960000000e+01
        ],
        [
          -9.376006870000001e+01,
          3.152393860000000e+01
        ],
        [
          -9.375386670000000e+01,
          3.152533660000000e+01
        ],
        [
          -9.375190569999999e+01,
          3.152560760000000e+01
        ],
        [
          -9.374987670000000e+01,
          3.152621660000000e+01
        ],
        [
          -9.374683270000000e+01,
          3.152601360000000e+01
        ],
        [
          -9.374338270000000e+01,
          3.152520160000000e+01
        ],
        [
          -9.374155670000000e+01,
          3.152256360000000e+01
        ],
        [
          -9.374111770000000e+01,
          3.152010660000000e+01
        ],
        [
          -9.374033870000000e+01,
          3.151708460000000e+01
        ],
        [
          -9.373932470000000e+01,
          3.151505560000000e+01
        ],
        [
          -9.373343970000001e+01,
          3.151322860000000e+01
        ],
        [
          -9.372674270000000e+01,
          3.151160560000000e+01
        ],
        [
          -9.372593170000000e+01,
          3.150409760000000e+01
        ],
        [
          -9.372877269999999e+01,
          3.149679160000000e+01
        ],
        [
          -9.373100470000000e+01,
          3.149212460000000e+01
        ],
        [
          -9.373717470000000e+01,
          3.148462760000000e+01
        ],
        [
          -9.374189170000000e+01,
          3.148354060000000e+01
        ],
        [
          -9.374561470000000e+01,
          3.148197860000000e+01
        ],
        [
          -9.374784769999999e+01,
          3.148096360000000e+01
        ],
        [
          -9.374987670000000e+01,
          3.147893460000000e+01
        ],
        [
          -9.374987670000000e+01,
          3.147528160000000e+01
        ],
        [
          -9.374948270000000e+01,
          3.146869560000000e+01
        ],
        [
          -9.370942270000000e+01,
          3.144300060000000e+01
        ],
        [
          -9.370093670000000e+01,
          3.143778960000000e+01
        ],
        [
          -9.369760970000000e+01,
          3.142841460000000e+01
        ],
        [
          -9.370468470000000e+01,
          3.141890560000000e+01
        ],
        [
          -9.370488570000001e+01,
          3.141088660000000e+01
        ],
        [
          -9.370161760000001e+01,
          3.140933960000000e+01
        ],
        [
          -9.369587260000000e+01,
          3.140939760000000e+01
        ],
        [
          -9.367412360000000e+01,
          3.139768660000000e+01
        ],
        [
          -9.367165060000001e+01,
          3.139335760000000e+01
        ],
        [
          -9.367018860000000e+01,
          3.138718960000000e+01
        ],
        [
          -9.366853960000000e+01,
          3.137936260000000e+01
        ],
        [
          -9.366815260000000e+01,
          3.137510860000000e+01
        ],
        [
          -9.366969960000000e+01,
          3.137182060000000e+01
        ],
        [
          -9.366892660000001e+01,
          3.136640560000000e+01
        ],
        [
          -9.366505859999999e+01,
          3.136389160000000e+01
        ],
        [
          -9.366389860000000e+01,
          3.136195860000000e+01
        ],
        [
          -9.366370460000000e+01,
          3.136002460000000e+01
        ],
        [
          -9.366467160000001e+01,
          3.135770360000000e+01
        ],
        [
          -9.366583160000000e+01,
          3.135518960000000e+01
        ],
        [
          -9.366844560000000e+01,
          3.135301760000000e+01
        ],
        [
          -9.367728360000000e+01,
          3.133048860000000e+01
        ],
        [
          -9.368785760000000e+01,
          3.130984060000000e+01
        ],
        [
          -9.368688659999999e+01,
          3.130517160000000e+01
        ],
        [
          -9.368404560000000e+01,
          3.130177660000000e+01
        ],
        [
          -9.367544660000000e+01,
          3.130104560000000e+01
        ],
        [
          -9.366893460000000e+01,
          3.129798060000000e+01
        ],
        [
          -9.365701060000001e+01,
          3.128174160000000e+01
        ],
        [
          -9.364252260000001e+01,
          3.126951360000000e+01
        ],
        [
          -9.362034960000000e+01,
          3.127103060000000e+01
        ],
        [
          -9.361394860000000e+01,
          3.125938060000000e+01
        ],
        [
          -9.361429459999999e+01,
          3.125163660000000e+01
        ],
        [
          -9.361631460000000e+01,
          3.124460060000000e+01
        ],
        [
          -9.361601360000000e+01,
          3.123396560000000e+01
        ],
        [
          -9.360983460000000e+01,
          3.122966660000000e+01
        ],
        [
          -9.360741560000000e+01,
          3.122724860000000e+01
        ],
        [
          -9.360526659999999e+01,
          3.122415860000000e+01
        ],
        [
          -9.360432560000000e+01,
          3.122079960000000e+01
        ],
        [
          -9.360432560000000e+01,
          3.121529160000000e+01
        ],
        [
          -9.360729460000000e+01,
          3.120540860000000e+01
        ],
        [
          -9.360244960000000e+01,
          3.118254660000000e+01
        ],
        [
          -9.360031460000000e+01,
          3.117616350000000e+01
        ],
        [
          -9.359883460000000e+01,
          3.117468450000000e+01
        ],
        [
          -9.358850959999999e+01,
          3.116558650000000e+01
        ],
        [
          -9.357922160000000e+01,
          3.116742750000000e+01
        ],
        [
          -9.356956959999999e+01,
          3.117757960000000e+01
        ],
        [
          -9.356094960000000e+01,
          3.118248760000000e+01
        ],
        [
          -9.355265559999999e+01,
          3.118558060000000e+01
        ],
        [
          -9.355254650000001e+01,
          3.118561060000000e+01
        ],
        [
          -9.354435560000000e+01,
          3.120278660000000e+01
        ],
        [
          -9.355128759999999e+01,
          3.121543360000000e+01
        ],
        [
          -9.354150660000001e+01,
          3.122693160000000e+01
        ],
        [
          -9.355214560000000e+01,
          3.123813560000000e+01
        ],
        [
          -9.353588960000000e+01,
          3.125272060000000e+01
        ],
        [
          -9.353542059999999e+01,
          3.127640760000000e+01
        ],
        [
          -9.344256059999999e+01,
          3.127672160000000e+01
        ],
        [
          -9.339050159999999e+01,
          3.136415260000000e+01
        ],
        [
          -9.323664950000000e+01,
          3.136449660000000e+01
        ],
        [
          -9.323675849999999e+01,
          3.153786860000000e+01
        ],
        [
          -9.333763159999999e+01,
          3.153827960000000e+01
        ],
        [
          -9.333844259999999e+01,
          3.171421070000000e+01
        ],
        [
          -9.344169560000000e+01,
          3.171449070000000e+01
        ],
        [
          -9.344117760000000e+01,
          3.184523870000000e+01
        ],
        [
          -9.387930120000000e+01,
          3.184398240000000e+01
        ]
      ]
    ]
  ],
  ""type"": ""MultiPolygon""
}",1644,22,085,22085,Sabine Parish,LA,63507,0,524,6338.061157856,1,,2,22577.212643099,,,2,,2,11606.522133331,,12401.903417532,22.7,11954,1630,13.635603145,22135,3,13.553196295,,,7314,,4298,4459,25.7,43,4856,161,26.768642447,,35.120147874,,,,33.786265149,33.154859967,166035,16,,,,,,,9.63652242,287,249.69,87,9254,302,3.263453642,1682,14.461538462,,65.435745938,16.225165563,24.800831313,33.7,4.680908175,1860,0,173,14.285714286,,12.144702842,,,,7.553648069,9.301075269,166035,48,,,43.647473902,,,31.215718452,28.90956726,6.164993728,15900,93363,5.871886792,22135,118,533.1,16.513126066,,,38,,37,37,21985,21985,5049,22.965658403,21985,4697,21.36456675,21985,3470,15.783488742,21985,2106,9.579258585,21985,1006,4.575847169,21985,11104,50.507163975,22155,22155,100,20916,184,0.8797093134,12.8,18588,28,150.6,21985,27,122.811007505,63947,,17662,48214,48425,45072,4058,2004,49.383932972,7234,5312,78.723404255,,79.930795848,,72.951207958,73.431020182,4822,1807,37.474077146,33.4,21985,11,0.05003411417,21985,94,0.4275642484,5142,1813,35.25865422,24233,2921.272991145,12.054937445,16937,1875,11.070437504,21985,2,9.097111667,5247,268,5.107680579,1,9.2,21985,14802,67.327723448,63507,524,402.206804609,,1019.813023289,,,562.414296824,587.624712315,23811,23,,,,,,101.766373483,96.594011171,1883,20,,,,,,,,10.621348911,21985,16,72.776893336,22155,8710,39.313924622,15.5,12.054937445,6.3,29,13,44.827586207,117872,115,,,118.734190284,,,106.951871658,97.563458667,9370,1095,9.319196429,1.600853789,1.334044824,11.686232657,7234,35.5,,,,,,,,,,3460,15.5,22135,28,12.649649876,49.972528628,39.1,14.7,20.6,84.820286867,,64.876160009,,,73.358268179,73.053954323,117872,30,,,,,,27.6816609,25.451337044,1357,117,8.621960206,53002,33131,0.6250896193,8339,6110,73.27017628,7464,943,12.63397642,33,,24,,32,31,6.100169294,,,,,,,,,,,,,,,,,117872,22,18.664313832,,,,,,21.568679007,17.77200093,8339,6005,72.011032498,0.1548875279,15114,12973,85.834325791,-412.9756,,45072,,31.123535676,1289,1,0.7757951901,18230,10596,58.123971476,37.9,2024,3633121156.39453,310967.159006829
"{
  ""coordinates"": [
    [
      [
        [
          -9.248393930000000e+01,
          3.049117440000000e+01
        ],
        [
          -9.249326530000000e+01,
          3.048050440000000e+01
        ],
        [
          -9.224480120000000e+01,
          3.048019850000000e+01
        ],
        [
          -9.224425620000000e+01,
          3.043668340000000e+01
        ],
        [
          -9.217645020000000e+01,
          3.043685740000000e+01
        ],
        [
          -9.217606520000000e+01,
          3.040047640000000e+01
        ],
        [
          -9.217578420000000e+01,
          3.034970540000000e+01
        ],
        [
          -9.215861120000000e+01,
          3.034991440000000e+01
        ],
        [
          -9.215856020000000e+01,
          3.034245040000000e+01
        ],
        [
          -9.215846620000001e+01,
          3.032081140000000e+01
        ],
        [
          -9.214151520000000e+01,
          3.032076940000000e+01
        ],
        [
          -9.214219020000000e+01,
          3.029882240000000e+01
        ],
        [
          -9.209441219999999e+01,
          3.033004940000000e+01
        ],
        [
          -9.208332720000000e+01,
          3.036060440000000e+01
        ],
        [
          -9.204943620000000e+01,
          3.038131240000000e+01
        ],
        [
          -9.202702520000000e+01,
          3.035990340000000e+01
        ],
        [
          -9.201578120000001e+01,
          3.037140040000000e+01
        ],
        [
          -9.198872410000000e+01,
          3.036860340000000e+01
        ],
        [
          -9.198147810000000e+01,
          3.038169740000000e+01
        ],
        [
          -9.197819010000001e+01,
          3.040740840000000e+01
        ],
        [
          -9.196570410000000e+01,
          3.041037240000000e+01
        ],
        [
          -9.193791109999999e+01,
          3.039504040000000e+01
        ],
        [
          -9.193691810000000e+01,
          3.039474740000000e+01
        ],
        [
          -9.193532910000000e+01,
          3.039573040000000e+01
        ],
        [
          -9.193266810000000e+01,
          3.039685240000000e+01
        ],
        [
          -9.193069810000000e+01,
          3.039655740000000e+01
        ],
        [
          -9.192862510000000e+01,
          3.039735440000000e+01
        ],
        [
          -9.192548710000000e+01,
          3.039827240000000e+01
        ],
        [
          -9.186927910000000e+01,
          3.041724050000000e+01
        ],
        [
          -9.185291210000000e+01,
          3.041260750000000e+01
        ],
        [
          -9.181271610000000e+01,
          3.039426550000000e+01
        ],
        [
          -9.167890210000000e+01,
          3.039473650000000e+01
        ],
        [
          -9.169430610000001e+01,
          3.040175350000000e+01
        ],
        [
          -9.169850610000000e+01,
          3.041461250000000e+01
        ],
        [
          -9.171330110000000e+01,
          3.043189850000000e+01
        ],
        [
          -9.172264610000001e+01,
          3.045233150000000e+01
        ],
        [
          -9.173655110000000e+01,
          3.045149450000000e+01
        ],
        [
          -9.175416310000000e+01,
          3.048533950000000e+01
        ],
        [
          -9.175621510000001e+01,
          3.049813850000000e+01
        ],
        [
          -9.175378809999999e+01,
          3.050623250000000e+01
        ],
        [
          -9.173143810000001e+01,
          3.051212450000000e+01
        ],
        [
          -9.175698610000001e+01,
          3.056255650000000e+01
        ],
        [
          -9.175136310000001e+01,
          3.060370350000000e+01
        ],
        [
          -9.175473409999999e+01,
          3.061245650000000e+01
        ],
        [
          -9.174100210000000e+01,
          3.063254350000000e+01
        ],
        [
          -9.174643610000000e+01,
          3.065878750000000e+01
        ],
        [
          -9.173149810000000e+01,
          3.066977750000000e+01
        ],
        [
          -9.173620510000001e+01,
          3.067925850000000e+01
        ],
        [
          -9.173367910000000e+01,
          3.070173550000000e+01
        ],
        [
          -9.175190310000001e+01,
          3.073580750000000e+01
        ],
        [
          -9.175794809999999e+01,
          3.074099550000000e+01
        ],
        [
          -9.175628510000000e+01,
          3.076014050000000e+01
        ],
        [
          -9.176876510000000e+01,
          3.078539450000000e+01
        ],
        [
          -9.180730110000000e+01,
          3.081107450000000e+01
        ],
        [
          -9.179846510000000e+01,
          3.082899650000000e+01
        ],
        [
          -9.181526409999999e+01,
          3.084811250000000e+01
        ],
        [
          -9.202887620000000e+01,
          3.084945850000000e+01
        ],
        [
          -9.221259920000000e+01,
          3.084861450000000e+01
        ],
        [
          -9.221139620000000e+01,
          3.079316250000000e+01
        ],
        [
          -9.220692120000000e+01,
          3.078475550000000e+01
        ],
        [
          -9.217269920000000e+01,
          3.076799650000000e+01
        ],
        [
          -9.217249020000000e+01,
          3.067383450000000e+01
        ],
        [
          -9.220045720000000e+01,
          3.065616050000000e+01
        ],
        [
          -9.220395120000001e+01,
          3.062520250000000e+01
        ],
        [
          -9.221160519999999e+01,
          3.061688750000000e+01
        ],
        [
          -9.221148420000000e+01,
          3.056813250000000e+01
        ],
        [
          -9.226236220000000e+01,
          3.056827350000000e+01
        ],
        [
          -9.226272520000001e+01,
          3.053874350000000e+01
        ],
        [
          -9.242078630000000e+01,
          3.053882550000000e+01
        ],
        [
          -9.244911730000000e+01,
          3.053434350000000e+01
        ],
        [
          -9.245892030000000e+01,
          3.052793550000000e+01
        ],
        [
          -9.246435330000000e+01,
          3.049532340000000e+01
        ],
        [
          -9.248393930000000e+01,
          3.049117440000000e+01
        ]
      ]
    ]
  ],
  ""type"": ""MultiPolygon""
}",1660,22,097,22097,St. Landry Parish,LA,228996,0,1969,,2,,2,20014.302908695,,,2,,2,13354.514378964,,15818.190446331,25.2,45582,5871,12.880084244,82071,55,67.015145423,,,3628,,3372,3468,26.8,40,18741,714,,,46.212647672,34.364261168,,84.832904884,28.967813541,38.098287178,579627,85,,,28.423459386,,,4.751722499,14.664603271,827,660.67,79.887545345,32013,1421,4.438821729,7621,,,52.336168084,25.51143201,21.440823328,35.7,4.767893935,8191,0,969,,,16.563467492,6.666666667,,12.31884058,7.367055772,11.83005738,579627,133,,,28.423459386,,,20.274015997,22.945791,6.183034764,14667,96118,6.55335106,82071,640,779.8,15.771312992,,31,45,,46,45,81773,81773,21590,26.402357746,81773,13939,17.045968718,81773,34034,41.620094652,81773,338,0.4133393663,81773,2292,2.802881147,81773,41922,51.266310396,82540,48860,59.195541556,76710,426,0.5553382871,14,66610,274,411.3,81773,188,229.904736282,,,32307,47634,54248,42765,12569,8302,66.051396292,29973,24416,,,81.470724907,,82.361623616,81.459980649,20031,8025,40.062902501,34.8,81773,24,0.0293495408,81773,418,0.511171169,21809,8685,39.82300885,83384,9109.539931305,10.924805636,66588,6885,10.339700847,81773,26,31.795335869,22037,1105,5.014294142,1,8.7,81773,43626,53.350127793,228996,1969,,,907.730356829,,,601.388157507,707.703925639,95036,91,,,107.149370782,,,89.6458987,95.753188265,8496,79,,,11.770598547,,,,7.427581084,9.298493409,81773,87,106.392085407,82540,38190,46.26847589,15,10.924805636,6.5,109,33,30.275229358,411896,468,,,115.687725356,,,117.12585665,113.620914017,30495,4345,11.221566976,4.082636498,0.4426955239,14.248237416,29973,39.7,245635,80,,,23.602765457,,,41.35587103,32.568648605,12450,15,82071,63,7.676280294,46.425302433,36.2,15.6,21.2,,,67.04527943,100.956826943,,71.812665982,70.047627527,411896,121,,,31.711356189,,,28.610896281,29.376347428,4555,604,13.260153677,51687,35141,0.6798808211,30888,21194,68.615643616,29012,4173,14.383703295,,57,39,50,46,44,35.525617561,,,,,,,,,,,,,,,,,411896,90,21.850175773,,,11.400515827,,,31.983237903,23.155489194,30888,21233,68.741906242,0.1710451617,53626,42123,78.549584157,-13801.6,,42765,,31.740909622,5985,31,5.179615706,60145,41154,68.424640452,53.2,2024,3287770886.57812,322093.023783402
"{
  ""coordinates"": [
    [
      [
        [
          -9.228074429999999e+01,
          3.096507660000000e+01
        ],
        [
          -9.228072130000000e+01,
          3.093595950000000e+01
        ],
        [
          -9.223828720000000e+01,
          3.089216350000000e+01
        ],
        [
          -9.223780020000000e+01,
          3.084828550000000e+01
        ],
        [
          -9.221259920000000e+01,
          3.084861450000000e+01
        ],
        [
          -9.202887620000000e+01,
          3.084945850000000e+01
        ],
        [
          -9.181526409999999e+01,
          3.084811250000000e+01
        ],
        [
          -9.182231010000000e+01,
          3.086041950000000e+01
        ],
        [
          -9.180433010000000e+01,
          3.086371850000000e+01
        ],
        [
          -9.180184310000000e+01,
          3.091310360000000e+01
        ],
        [
          -9.180506910000000e+01,
          3.097575160000000e+01
        ],
        [
          -9.178216610000000e+01,
          3.098583260000000e+01
        ],
        [
          -9.177418010000000e+01,
          3.100264260000000e+01
        ],
        [
          -9.175012510000001e+01,
          3.101881960000000e+01
        ],
        [
          -9.174755810000001e+01,
          3.102322860000000e+01
        ],
        [
          -9.172381009999999e+01,
          3.104425960000000e+01
        ],
        [
          -9.171031510000000e+01,
          3.107833260000000e+01
        ],
        [
          -9.171626310000001e+01,
          3.109334760000000e+01
        ],
        [
          -9.170379310000000e+01,
          3.110357160000000e+01
        ],
        [
          -9.171594410000000e+01,
          3.111698760000000e+01
        ],
        [
          -9.171901010000001e+01,
          3.113462160000000e+01
        ],
        [
          -9.170271110000000e+01,
          3.116181760000000e+01
        ],
        [
          -9.168726909999999e+01,
          3.116193360000000e+01
        ],
        [
          -9.167730810000000e+01,
          3.118805260000000e+01
        ],
        [
          -9.169096510000000e+01,
          3.120191160000000e+01
        ],
        [
          -9.170815610000000e+01,
          3.120892860000000e+01
        ],
        [
          -9.172186210000000e+01,
          3.119955560000000e+01
        ],
        [
          -9.173837610000000e+01,
          3.120400660000000e+01
        ],
        [
          -9.175846610000001e+01,
          3.122225060000000e+01
        ],
        [
          -9.177757210000000e+01,
          3.122205260000000e+01
        ],
        [
          -9.181100710000000e+01,
          3.123709260000000e+01
        ],
        [
          -9.181420310000000e+01,
          3.125097360000000e+01
        ],
        [
          -9.183428610000000e+01,
          3.126634960000000e+01
        ],
        [
          -9.185485920000001e+01,
          3.126428760000000e+01
        ],
        [
          -9.186968220000000e+01,
          3.128071860000000e+01
        ],
        [
          -9.188531320000000e+01,
          3.129008960000000e+01
        ],
        [
          -9.190893020000000e+01,
          3.129679460000000e+01
        ],
        [
          -9.192273320000000e+01,
          3.129590660000000e+01
        ],
        [
          -9.193431120000000e+01,
          3.128986060000000e+01
        ],
        [
          -9.194652820000000e+01,
          3.127198660000000e+01
        ],
        [
          -9.193539720000000e+01,
          3.123843860000000e+01
        ],
        [
          -9.192263120000000e+01,
          3.123789760000000e+01
        ],
        [
          -9.194096820000000e+01,
          3.122152360000000e+01
        ],
        [
          -9.194657520000000e+01,
          3.123967260000000e+01
        ],
        [
          -9.196268120000001e+01,
          3.124232660000000e+01
        ],
        [
          -9.197386820000000e+01,
          3.122533860000000e+01
        ],
        [
          -9.199060220000000e+01,
          3.122521560000000e+01
        ],
        [
          -9.199220120000000e+01,
          3.123901060000000e+01
        ],
        [
          -9.200424820000001e+01,
          3.124346260000000e+01
        ],
        [
          -9.198802820000000e+01,
          3.124890260000000e+01
        ],
        [
          -9.200268819999999e+01,
          3.125808460000000e+01
        ],
        [
          -9.200985520000000e+01,
          3.128251260000000e+01
        ],
        [
          -9.201983120000000e+01,
          3.128046560000000e+01
        ],
        [
          -9.201653720000000e+01,
          3.130245060000000e+01
        ],
        [
          -9.201089320000000e+01,
          3.129242960000000e+01
        ],
        [
          -9.199646220000000e+01,
          3.129965560000000e+01
        ],
        [
          -9.200716120000000e+01,
          3.130664460000000e+01
        ],
        [
          -9.200170820000000e+01,
          3.131765760000000e+01
        ],
        [
          -9.200803920000000e+01,
          3.132581460000000e+01
        ],
        [
          -9.202595420000000e+01,
          3.134301460000000e+01
        ],
        [
          -9.208136320000000e+01,
          3.132414860000000e+01
        ],
        [
          -9.208672420000001e+01,
          3.133537960000000e+01
        ],
        [
          -9.209584120000000e+01,
          3.132428460000000e+01
        ],
        [
          -9.210971520000000e+01,
          3.131962760000000e+01
        ],
        [
          -9.212640220000000e+01,
          3.130599160000000e+01
        ],
        [
          -9.216270419999999e+01,
          3.130348760000000e+01
        ],
        [
          -9.217674420000000e+01,
          3.131121160000000e+01
        ],
        [
          -9.217827420000000e+01,
          3.132330060000000e+01
        ],
        [
          -9.219386220000000e+01,
          3.133390960000000e+01
        ],
        [
          -9.221107130000000e+01,
          3.132740760000000e+01
        ],
        [
          -9.222184330000000e+01,
          3.133167260000000e+01
        ],
        [
          -9.223323630000000e+01,
          3.132155060000000e+01
        ],
        [
          -9.223381720000000e+01,
          3.115150160000000e+01
        ],
        [
          -9.222499320000000e+01,
          3.114163260000000e+01
        ],
        [
          -9.223426420000000e+01,
          3.113147160000000e+01
        ],
        [
          -9.221673520000000e+01,
          3.099137860000000e+01
        ],
        [
          -9.220861120000001e+01,
          3.096217660000000e+01
        ],
        [
          -9.221603720000000e+01,
          3.096519760000000e+01
        ],
        [
          -9.228074429999999e+01,
          3.096507660000000e+01
        ]
      ]
    ]
  ],
  ""type"": ""MultiPolygon""
}",1712,22,009,22009,Avoyelles Parish,LA,110589,0,874,,2,,2,16258.282487967,,,2,,2,13002.068787398,,13752.500749837,25.7,20406,2595,12.716847986,39236,11,28.035477623,,,3771,,3326,3465,27.5,43.1,8197,380,,,58.512646282,,,,41.742654509,46.358423814,283008,33,,,20.361719966,,,8.164420544,11.660447761,358,340.1,95,14428,601,4.165511505,2950,29.87012987,,59.823677582,19.801980198,20.849350174,32.8,5.020906169,3513,0,417,,,17.6201373,,,,8.168197197,11.870196413,283008,61,,,20.361719966,,,21.227493414,21.554161013,6.187934365,14632,97636,6.672772007,39236,241,614.2,16.36838311,,,40,,43,43,38751,38751,9123,23.542618255,38751,7079,18.267915667,38751,11219,28.951510929,38751,499,1.287708704,38751,943,2.433485587,38751,19160,49.443885319,39693,33011,83.165797496,36959,194,0.5249059769,14.2,32666,251,768.4,38751,72,185.801656731,25150,,21925,,49350,41587,5939,3217,54.167368244,14535,12270,,,75.643564356,,87.842112502,84.416924665,10210,4933,48.315377081,36.2,38751,37,0.09548140693,38751,206,0.5315991845,9337,4135,44.286173289,42073,4865.965458316,11.565530051,29373,2944,10.022810064,38751,10,25.805785657,9417,379,4.024636296,0,8.4,38751,25134,64.860261671,110589,874,,,807.733189263,,,587.948028355,636.579835286,41106,32,,,,,,90.714167904,77.847516178,3586,27,,,,,,,,7.529280535,38751,36,92.900828366,39693,13677,34.456957146,17.9,11.565530051,5.8,39,8,20.512820513,200788,223,,,111.244079624,,,114.540492755,111.062414088,15215,2290,12.273342355,1.971738416,1.741702267,15.050936576,14535,43.4,119346,42,,,39.661180203,,,34.973187223,35.191795284,7120,17.9,39236,36,9.175247222,41.488014651,38.7,16,21.4,,,69.018290158,,,72.276121483,71.646364165,200788,53,,,28.653778085,,,26.136756736,26.395999761,,,,42002,34178,0.813723156,14600,10251,70.212328767,13342,2030,15.215110178,,,30,36,39,38,8.443954407,,,,,,,,,,,,,,,,,200788,43,21.415622448,,,,,,28.23578939,21.056755246,14600,10829,74.171232877,0.08104464199,26893,20973,77.986836723,-12114.03,,41587,,33.731695001,2576,19,7.375776398,30805,17292,56.133744522,49.7,2024,3070264438.51562,283951.304945877
"{
  ""coordinates"": [
    [
      [
        [
          -8.924613859999999e+01,
          3.449563940000000e+01
        ],
        [
          -8.924634460000000e+01,
          3.437935040000000e+01
        ],
        [
          -8.892887550000000e+01,
          3.437924640000000e+01
        ],
        [
          -8.892855150000000e+01,
          3.436500740000000e+01
        ],
        [
          -8.882497150000000e+01,
          3.436476540000000e+01
        ],
        [
          -8.882513150000000e+01,
          3.439389940000000e+01
        ],
        [
          -8.878977949999999e+01,
          3.439369840000000e+01
        ],
        [
          -8.878944749999999e+01,
          3.449493640000000e+01
        ],
        [
          -8.873667650000000e+01,
          3.449466240000000e+01
        ],
        [
          -8.873647050000000e+01,
          3.450891640000000e+01
        ],
        [
          -8.873544550000000e+01,
          3.459648940000000e+01
        ],
        [
          -8.908849360000001e+01,
          3.459825340000000e+01
        ],
        [
          -8.924561660000001e+01,
          3.459760740000000e+01
        ],
        [
          -8.924565060000000e+01,
          3.458324040000000e+01
        ],
        [
          -8.924613859999999e+01,
          3.449563940000000e+01
        ]
      ]
    ]
  ],
  ""type"": ""MultiPolygon""
}",1733,28,145,28145,Union County,MS,79722,0,539,,2,,2,14288.852266296,,,2,,2,10745.035566342,,11051.024318817,21.6,16171,3355,20.747016264,27953,10,35.774335492,,,1740,,2375,2327,21,41,6348,223,,,47.861507128,36.61971831,,,34.200587495,35.129174543,,,,,,,,,,349,325.05,93.137535817,14632,430,2.938764352,1309,,,19.396903015,28.431372549,11.419182584,19.1,4.100562456,2492,0,257,,,17.817371938,,,,8.9640365,10.313001605,199536,51,,,,,,26.416844927,25.55929757,5.32479966,26130,103222,3.950325297,27953,146,522.3,15.307804541,,,46,,42,42,28125,28125,6987,24.842666667,28125,4740,16.853333333,28125,4338,15.424,28125,93,0.3306666667,28125,1321,4.696888889,28125,14247,50.656,27777,21014,75.652518271,26099,215,0.823786352,11,23031,34,147.6,28125,10,35.555555556,,,39150,,58175,56050,5074,5053,99.586125345,12007,11121,,,94.735240414,,92.433910665,92.6209711,7044,3520,49.971607041,31.1,28125,15,0.05333333333,28125,300,1.066666667,6984,2238,32.04467354,27134,1547.790676597,5.704248089,23148,3944,17.038189044,28125,13,46.222222222,7315,641,8.762816131,0,9.1,28125,21673,77.059555556,79722,539,,,659.212763455,,,541.423168239,544.00333359,31171,18,,,,,,54.276538966,57.745981842,,,,,,,,,,,28125,68,241.777777778,27777,10417,37.502250063,14.3,5.704248089,7.2,35,3,8.571428571,142796,136,,,73.766712771,,,104.685582268,95.240763047,9850,1080,8.825038481,1.969543147,0.3553299492,10.964467005,12007,34.1,85634,12,,,,,,15.106196562,14.013125628,3970,14.3,27953,40,14.309734197,41.911063636,33.7,12.7,17.3,,,71.312346061,,,74.000724093,73.839136247,142796,31,,,,,,22.561547903,21.709291577,1315,170,12.927756654,43978,37771,0.8588612488,10227,7626,74.567321795,9732,891,9.155363748,,,30,,46,45,23.771064527,3300,16,5,6.363636364,,,2.74303776,2.865496844,3.357150202,3.210586113,,,2.818556708,3.003560299,3.491057083,3.350122506,142796,28,19.608392392,,,,,,24.26233704,21.469007933,10227,7635,74.655324142,0.1011218339,18512,14361,77.576707001,-4966.858,,56050,,14.929527208,1849,6,3.244997296,20855,12683,60.815152242,63.3,2024,1595233760.43359,176230.046087059
"{
  ""coordinates"": [
    [
      [
        [
          -8.894336040000000e+01,
          3.182457090000000e+01
        ],
        [
          -8.894347340000000e+01,
          3.143346380000000e+01
        ],
        [
          -8.884171230000000e+01,
          3.143370880000000e+01
        ],
        [
          -8.854095130000000e+01,
          3.143457780000000e+01
        ],
        [
          -8.844957479999999e+01,
          3.143584050000000e+01
        ],
        [
          -8.845105020000000e+01,
          3.145945380000000e+01
        ],
        [
          -8.845158020000000e+01,
          3.148153880000000e+01
        ],
        [
          -8.845301820000000e+01,
          3.150016980000000e+01
        ],
        [
          -8.845948319999999e+01,
          3.162165780000000e+01
        ],
        [
          -8.845972720000000e+01,
          3.162400780000000e+01
        ],
        [
          -8.846443030000000e+01,
          3.169788680000000e+01
        ],
        [
          -8.846443220000000e+01,
          3.169795770000000e+01
        ],
        [
          -8.846511230000000e+01,
          3.172231790000000e+01
        ],
        [
          -8.846867430000000e+01,
          3.179072790000000e+01
        ],
        [
          -8.847111130000000e+01,
          3.185095490000000e+01
        ],
        [
          -8.847121930000000e+01,
          3.185139090000000e+01
        ],
        [
          -8.847264730000001e+01,
          3.187515890000000e+01
        ],
        [
          -8.847323230000001e+01,
          3.189386190000000e+01
        ],
        [
          -8.862504130000001e+01,
          3.185669490000000e+01
        ],
        [
          -8.876341630000000e+01,
          3.183593990000000e+01
        ],
        [
          -8.880917940000000e+01,
          3.183290290000000e+01
        ],
        [
          -8.891046440000000e+01,
          3.182665490000000e+01
        ],
        [
          -8.894336040000000e+01,
          3.182457090000000e+01
        ]
      ]
    ]
  ],
  ""type"": ""MultiPolygon""
}",1756,28,153,28153,Wayne County,MS,55697,0,404,,2,,2,18119.624745664,,,2,,2,10984.891256469,,13707.143545158,24.1,11143,2340,20.999730773,19709,6,30.442944848,,,5356,,4217,4445,21.2,42.1,4445,228,,,50.260787103,131.578947368,,,51.353874883,51.293588301,141999,20,,,23.085665577,,,,14.08460623,202,179.78,89,7069,344,4.866317725,1894,,,32.863613488,38.681948424,25.091949326,39.7,4.050826267,1916,0,271,,,19.089900111,,,,9.793814433,14.144050104,141999,51,,,42.619690297,,,33.207064495,35.915745886,5.229669314,15549,98341,6.32458679,19709,158,801.7,13.487123444,,,33,,32,32,19681,19681,4842,24.602408414,19681,3592,18.251105127,19681,7839,39.830293176,19681,63,0.3201056857,19681,353,1.793608048,19681,10102,51.328692648,19779,19779,100,18459,311,1.684814995,13,16273,35,215.1,19681,11,55.891468929,,,22315,,51611,43562,2851,2851,100,7398,6193,,,80.155409444,,83.524904215,83.711814004,4222,2318,54.902889626,32.6,19681,5,0.02540521315,19681,53,0.2692952594,4834,1786,36.946628051,20747,1463.447250314,7.053777656,15802,2651,16.776357423,19681,3,15.24312789,4891,339,6.931097935,0,9.2,19681,11172,56.765408262,55697,404,,,764.111060394,,,500.203775998,591.296527922,21457,23,,,134.75691925,,,93.057882003,107.191126439,,,,,,,,,,,19681,17,86.377724709,19779,8255,41.736184843,15.3,7.053777656,6.9,28,3,10.714285714,100953,103,,,109.657320872,,,102.323968089,102.027676245,7965,820,8.798972383,1.381042059,1.255492781,10.295040804,7398,42,60209,13,,,,,,29.099374363,21.591456427,3040,15.3,19709,24,12.177177939,48.002423774,38,13.2,17.6,,,69.483665791,,,74.65948433,72.795817678,100953,27,,,29.906542056,,,26.014568158,26.745119016,,,,47435,29675,0.6255929166,7410,6468,87.287449393,7130,829,11.626928471,,,30,,38,37,3.029030778,2200,59,9,30.909090909,,,2.782645557,,3.154736682,2.975508891,,,2.665352956,,3.011259216,2.847621678,100953,16,15.848959417,,,,,,30.743341666,17.648253339,7410,5792,78.164642375,0.1908093329,12605,10393,82.451408171,-17652.67,,43562,,15.042927322,1315,5,3.802281369,15120,10056,66.507936508,53.8,2024,2918504594.01172,219398.92749582
"{
  ""coordinates"": [
    [
      [
        [
          -8.867125540000001e+01,
          3.350617420000000e+01
        ],
        [
          -8.866908140000000e+01,
          3.328692820000000e+01
        ],
        [
          -8.830442230000000e+01,
          3.328832410000000e+01
        ],
        [
          -8.827742630000000e+01,
          3.351244220000000e+01
        ],
        [
          -8.827681029999999e+01,
          3.351646920000000e+01
        ],
        [
          -8.827462430000000e+01,
          3.353401420000000e+01
        ],
        [
          -8.827005530000000e+01,
          3.357082520000000e+01
        ],
        [
          -8.826953730000000e+01,
          3.357290020000000e+01
        ],
        [
          -8.826908130000000e+01,
          3.357693520000000e+01
        ],
        [
          -8.826816530000001e+01,
          3.358504630000000e+01
        ],
        [
          -8.826715330000000e+01,
          3.359199530000000e+01
        ],
        [
          -8.826701030000000e+01,
          3.359423530000000e+01
        ],
        [
          -8.825634830000000e+01,
          3.368205930000000e+01
        ],
        [
          -8.825613629999999e+01,
          3.368286630000000e+01
        ],
        [
          -8.825462730000000e+01,
          3.369578630000000e+01
        ],
        [
          -8.825445030000000e+01,
          3.369878530000000e+01
        ],
        [
          -8.825226230000000e+01,
          3.371957430000000e+01
        ],
        [
          -8.824894260000001e+01,
          3.374498000000000e+01
        ],
        [
          -8.832512430000000e+01,
          3.374559730000000e+01
        ],
        [
          -8.833052530000001e+01,
          3.371859330000000e+01
        ],
        [
          -8.837033529999999e+01,
          3.368592430000000e+01
        ],
        [
          -8.839416430000000e+01,
          3.369559630000000e+01
        ],
        [
          -8.840656530000000e+01,
          3.367334830000000e+01
        ],
        [
          -8.844507240000000e+01,
          3.367158230000000e+01
        ],
        [
          -8.845602340000001e+01,
          3.366370530000000e+01
        ],
        [
          -8.847736940000000e+01,
          3.366649930000000e+01
        ],
        [
          -8.850409639999999e+01,
          3.365855630000000e+01
        ],
        [
          -8.851392240000000e+01,
          3.365021530000000e+01
        ],
        [
          -8.849964640000000e+01,
          3.364378830000000e+01
        ],
        [
          -8.850454840000000e+01,
          3.361335920000000e+01
        ],
        [
          -8.849324340000000e+01,
          3.361479920000000e+01
        ],
        [
          -8.847517940000000e+01,
          3.360415720000000e+01
        ],
        [
          -8.847468540000000e+01,
          3.359809820000000e+01
        ],
        [
          -8.849486940000000e+01,
          3.357952820000000e+01
        ],
        [
          -8.848607040000000e+01,
          3.356830220000000e+01
        ],
        [
          -8.849758740000000e+01,
          3.356352220000000e+01
        ],
        [
          -8.849250940000000e+01,
          3.354316020000000e+01
        ],
        [
          -8.847271929999999e+01,
          3.352445720000000e+01
        ],
        [
          -8.848030439999999e+01,
          3.352274720000000e+01
        ],
        [
          -8.852418840000000e+01,
          3.355095520000000e+01
        ],
        [
          -8.853145040000000e+01,
          3.353738620000000e+01
        ],
        [
          -8.855396540000000e+01,
          3.352155620000000e+01
        ],
        [
          -8.856375740000000e+01,
          3.352702020000000e+01
        ],
        [
          -8.860939440000000e+01,
          3.350675720000000e+01
        ],
        [
          -8.867125540000001e+01,
          3.350617420000000e+01
        ]
      ]
    ]
  ],
  ""type"": ""MultiPolygon""
}",1797,28,087,28087,Lowndes County,MS,163372,0,1224,,2,,2,15878.666520091,,,2,,2,11289.052838801,,13213.149582082,21.3,33041,5678,17.184709906,58150,28,48.15133276,,,2619,,1740,2075,18,41.2,13169,337,,,31.89815477,,,,18.919410588,25.590401701,412482,47,,,23.466235907,,,,11.394436606,778,696.9,89.575835476,24553,1011,4.117623101,3753,,,47.556904401,31.490384615,5.874363328,28.1,3.492070058,5368,0,679,,,17.537171178,11.818181818,,,7.85402618,12.649031297,412482,77,,,18.554698159,,,18.902877018,18.667481248,4.235797051,18288,111077,6.073764217,58150,520,894.2,12.949144396,,26,48,,43,45,57603,57603,13642,23.682794299,57603,10110,17.55116921,57603,25918,44.994184331,57603,192,0.3333159731,57603,1440,2.499869798,57603,29968,52.025068139,58879,31984,54.321574755,54738,160,0.292301509,12.5,48144,163,338.6,57603,161,279.499331632,,96226,32839,118404,76598,49344,8750,8723,99.691428571,24604,21290,,,89.369386958,,87.562700187,86.530645424,14926,9538,63.90191612,30.5,57603,46,0.07985695189,57603,536,0.9305070916,13766,5748,41.755048671,59779,8834.520756801,14.778635904,46529,6537,14.049302585,57603,33,57.288682881,14145,949,6.709084482,0,9.9,57603,28714,49.848098189,163372,1224,,,719.984212168,,,554.033218345,615.534667891,61485,61,,,112.30388109,,,87.671232877,99.211189721,5492,53,,,12.859304085,,,,,9.650400583,57603,120,208.322483204,58879,35139,59.680021739,15.1,14.778635904,6.1,51,7,13.725490196,293170,282,,,77.937558262,,,115.69894199,96.189923935,22455,3255,13.687861272,1.425072367,0.4676018704,14.495657983,24604,17.3,175054,30,,,,,,23.622844415,17.137568979,8900,15.1,58150,78,13.413585555,45.879660498,34.7,11.9,16,,,69.979083761,,,73.673506473,72.256584529,293170,64,,,28.271467213,,,17.388280299,21.830337347,,,,54957,37608,0.6843168295,22651,14011,61.855988698,20834,3116,14.956321398,,33,29,38,40,37,38.557347274,6200,67,49,18.709677419,,,2.532678703,,3.383744529,2.828318628,,,2.474455737,,3.281072612,2.754098678,293170,43,14.667257905,,,,,,22.000056794,14.626260865,22651,19217,84.839521434,0.3216259692,38896,34241,88.0321884,-14411.8635,,49344,,20.573929961,3836,36,9.384775808,44350,27241,61.422773393,61.8,2024,1928250162.30859,218151.46590183
"{
  ""coordinates"": [
    [
      [
        [
          -9.374025960000000e+01,
          3.053957440000000e+01
        ],
        [
          -9.373279960000001e+01,
          3.052996540000000e+01
        ],
        [
          -9.372772759999999e+01,
          3.052567640000000e+01
        ],
        [
          -9.371432860000000e+01,
          3.051856740000000e+01
        ],
        [
          -9.371012360000000e+01,
          3.050640540000000e+01
        ],
        [
          -9.371668459999999e+01,
          3.049401140000000e+01
        ],
        [
          -9.370585160000000e+01,
          3.045775340000000e+01
        ],
        [
          -9.369783459999999e+01,
          3.044384340000000e+01
        ],
        [
          -9.369780660000001e+01,
          3.044058840000000e+01
        ],
        [
          -9.370267160000000e+01,
          3.042995240000000e+01
        ],
        [
          -9.372232060000000e+01,
          3.042073440000000e+01
        ],
        [
          -9.373998720000000e+01,
          3.040253970000000e+01
        ],
        [
          -9.348616550000000e+01,
          3.040255240000000e+01
        ],
        [
          -9.348633150000001e+01,
          3.049052840000000e+01
        ],
        [
          -9.338452750000000e+01,
          3.049017140000000e+01
        ],
        [
          -9.338524649999999e+01,
          3.040266340000000e+01
        ],
        [
          -9.313123050000000e+01,
          3.040306340000000e+01
        ],
        [
          -9.313116150000000e+01,
          3.042359640000000e+01
        ],
        [
          -9.313073850000001e+01,
          3.059809840000000e+01
        ],
        [
          -9.297910440000000e+01,
          3.059800050000000e+01
        ],
        [
          -9.297675540000000e+01,
          3.083250750000000e+01
        ],
        [
          -9.297867940000000e+01,
          3.087814150000000e+01
        ],
        [
          -9.302946540000001e+01,
          3.087970450000000e+01
        ],
        [
          -9.313407750000000e+01,
          3.088313650000000e+01
        ],
        [
          -9.342649260000000e+01,
          3.088270350000000e+01
        ],
        [
          -9.347872460000001e+01,
          3.085918850000000e+01
        ],
        [
          -9.353764560000000e+01,
          3.088113250000000e+01
        ],
        [
          -9.355460359999999e+01,
          3.087746650000000e+01
        ],
        [
          -9.355861450000000e+01,
          3.086882730000000e+01
        ],
        [
          -9.355817860000001e+01,
          3.083997950000000e+01
        ],
        [
          -9.355363260000000e+01,
          3.083514550000000e+01
        ],
        [
          -9.355406360000001e+01,
          3.082494650000000e+01
        ],
        [
          -9.356167259999999e+01,
          3.080774450000000e+01
        ],
        [
          -9.356324960000001e+01,
          3.080622350000000e+01
        ],
        [
          -9.356930960000000e+01,
          3.080297450000000e+01
        ],
        [
          -9.357840160000001e+01,
          3.080205250000000e+01
        ],
        [
          -9.358427159999999e+01,
          3.079666850000000e+01
        ],
        [
          -9.358938759999999e+01,
          3.078668650000000e+01
        ],
        [
          -9.358990260000000e+01,
          3.077776550000000e+01
        ],
        [
          -9.359283460000000e+01,
          3.076399150000000e+01
        ],
        [
          -9.360776360000000e+01,
          3.075766250000000e+01
        ],
        [
          -9.361913560000001e+01,
          3.074200750000000e+01
        ],
        [
          -9.361769459999999e+01,
          3.073848450000000e+01
        ],
        [
          -9.360972560000000e+01,
          3.072918750000000e+01
        ],
        [
          -9.360955060000001e+01,
          3.072314450000000e+01
        ],
        [
          -9.361119859999999e+01,
          3.071805850000000e+01
        ],
        [
          -9.361619060000000e+01,
          3.071398550000000e+01
        ],
        [
          -9.362078060000000e+01,
          3.070412750000000e+01
        ],
        [
          -9.362109959999999e+01,
          3.069516450000000e+01
        ],
        [
          -9.362991060000000e+01,
          3.067994540000000e+01
        ],
        [
          -9.363821960000000e+01,
          3.067306340000000e+01
        ],
        [
          -9.365497760000000e+01,
          3.067018940000000e+01
        ],
        [
          -9.367036060000000e+01,
          3.065803940000000e+01
        ],
        [
          -9.368310660000000e+01,
          3.064076840000000e+01
        ],
        [
          -9.368512760000000e+01,
          3.062520640000000e+01
        ],
        [
          -9.368340360000001e+01,
          3.060804640000000e+01
        ],
        [
          -9.368081960000001e+01,
          3.060299840000000e+01
        ],
        [
          -9.367983460000001e+01,
          3.059976340000000e+01
        ],
        [
          -9.368124160000001e+01,
          3.059610740000000e+01
        ],
        [
          -9.368433560000000e+01,
          3.059259140000000e+01
        ],
        [
          -9.368728860000000e+01,
          3.059160640000000e+01
        ],
        [
          -9.368954060000000e+01,
          3.059276440000000e+01
        ],
        [
          -9.369287559999999e+01,
          3.059438740000000e+01
        ],
        [
          -9.371246060000000e+01,
          3.058848440000000e+01
        ],
        [
          -9.372785060000000e+01,
          3.057407540000000e+01
        ],
        [
          -9.372775260000000e+01,
          3.056649240000000e+01
        ],
        [
          -9.372585359999999e+01,
          3.055698340000000e+01
        ],
        [
          -9.372920160000000e+01,
          3.054484740000000e+01
        ],
        [
          -9.374025960000000e+01,
          3.053957440000000e+01
        ]
      ]
    ]
  ],
  ""type"": ""MultiPolygon""
}",1805,22,011,22011,Beauregard Parish,LA,104911,0,695,,2,,2,16096.808591859,,,2,,2,9899.49506984,,10633.956816103,18.7,20627,2377,11.523731032,36584,16,43.734966105,,,5324,3688,3498,3696,21.8,39.9,7904,264,,,28.955532575,28.571428571,,28.818443804,34.801253505,33.400809717,259532,19,,,,,,,7.320869873,389,361.77,93,14859,499,3.358234067,1619,,,41.628959276,,13.928623031,17.8,4.110303557,3513,0,322,,,18.152866242,6.41025641,,,8.370193944,9.165955024,259532,52,,,,,,21.130886633,20.036064917,5.745548471,28209,134500,4.76798185,36584,118,322.5,19.373791203,,,40,,35,35,36570,36570,9210,25.184577523,36570,5895,16.119770304,36570,4015,10.97894449,36570,461,1.260596117,36570,1519,4.153677878,36570,17810,48.701121138,36549,26670,72.97053271,34102,70,0.2052665533,10.8,29998,50,166.7,36570,27,73.831009024,,61705,51914,91781,71716,64394,5671,1885,33.239287604,14499,12242,,,74.803149606,57.228915663,86.664152841,84.433409201,9431,4909,52.051744248,28.4,36570,52,0.1421930544,36570,235,0.6426032267,9144,2132,23.315835521,35654,7343.711757464,20.597160929,29730,2768,9.310460814,36570,7,19.14137271,9521,425,4.463816826,1,8.9,36570,29524,80.732841127,104911,695,,,732.652221077,,,529.106692552,540.577059078,40473,23,,,,,,38.049337307,56.828008796,,,,,,,,,,,36570,23,62.893081761,36549,7149,19.560042682,12.7,20.597160929,6,35,9,25.714285714,186143,139,,,91.058095065,,,74.121559357,74.673772315,13810,1265,6.664217487,1.737871108,1.194786387,9.160028965,14499,44.6,111962,22,,,,,,18.847006652,19.649523946,4610,12.7,36584,47,12.847146293,48.181124124,37.5,12.8,18.9,,,70.109360095,,,74.221369991,73.975368802,186143,27,,,,,,13.35523592,14.504977356,,,,75153,36409,0.4844650247,13587,11181,82.291896666,12912,819,6.342936803,,58,24,23,35,34,25.042140264,,,,,,,,,,,,,,,,,186143,25,13.430534589,,,,,,14.293417086,14.081068014,13587,11951,87.959078531,0.1283469721,24280,21405,88.158978583,72.0166,,64394,,25.331552629,2428,5,2.059308072,27820,16357,58.795830338,56.8,2024,4097000235.01562,312001.326935682
"{
  ""coordinates"": [
    [
      [
        [
          -9.236776130000000e+01,
          3.162590570000000e+01
        ],
        [
          -9.238444730000001e+01,
          3.162044270000000e+01
        ],
        [
          -9.234297630000000e+01,
          3.159582970000000e+01
        ],
        [
          -9.230686129999999e+01,
          3.158952570000000e+01
        ],
        [
          -9.232008630000000e+01,
          3.157173570000000e+01
        ],
        [
          -9.231023730000000e+01,
          3.157324070000000e+01
        ],
        [
          -9.229871530000000e+01,
          3.156325370000000e+01
        ],
        [
          -9.230457430000000e+01,
          3.155316270000000e+01
        ],
        [
          -9.228690229999999e+01,
          3.153658970000000e+01
        ],
        [
          -9.227509430000001e+01,
          3.153609270000000e+01
        ],
        [
          -9.227762130000001e+01,
          3.149624170000000e+01
        ],
        [
          -9.226620830000000e+01,
          3.149279670000000e+01
        ],
        [
          -9.224906129999999e+01,
          3.150592870000000e+01
        ],
        [
          -9.223946730000000e+01,
          3.150123270000000e+01
        ],
        [
          -9.224827630000000e+01,
          3.148448570000000e+01
        ],
        [
          -9.221397530000000e+01,
          3.149158470000000e+01
        ],
        [
          -9.221273930000000e+01,
          3.148165070000000e+01
        ],
        [
          -9.219613730000000e+01,
          3.147788270000000e+01
        ],
        [
          -9.216070420000000e+01,
          3.146720570000000e+01
        ],
        [
          -9.216749820000000e+01,
          3.145559670000000e+01
        ],
        [
          -9.215448720000001e+01,
          3.144743770000000e+01
        ],
        [
          -9.216188020000000e+01,
          3.143455970000000e+01
        ],
        [
          -9.214876719999999e+01,
          3.140491670000000e+01
        ],
        [
          -9.210930220000000e+01,
          3.137276660000000e+01
        ],
        [
          -9.210265819999999e+01,
          3.137728260000000e+01
        ],
        [
          -9.208329420000000e+01,
          3.136494860000000e+01
        ],
        [
          -9.207239620000000e+01,
          3.134317960000000e+01
        ],
        [
          -9.208672420000001e+01,
          3.133537960000000e+01
        ],
        [
          -9.208136320000000e+01,
          3.132414860000000e+01
        ],
        [
          -9.202595420000000e+01,
          3.134301460000000e+01
        ],
        [
          -9.200803920000000e+01,
          3.132581460000000e+01
        ],
        [
          -9.200826120000001e+01,
          3.179641970000000e+01
        ],
        [
          -9.200584720000001e+01,
          3.180270670000000e+01
        ],
        [
          -9.200563020000000e+01,
          3.192738880000000e+01
        ],
        [
          -9.231252430000001e+01,
          3.192766180000000e+01
        ],
        [
          -9.231236930000000e+01,
          3.189625370000000e+01
        ],
        [
          -9.232467730000000e+01,
          3.188630970000000e+01
        ],
        [
          -9.232131730000000e+01,
          3.186513970000000e+01
        ],
        [
          -9.233710130000000e+01,
          3.185161870000000e+01
        ],
        [
          -9.232923529999999e+01,
          3.184942070000000e+01
        ],
        [
          -9.234077430000001e+01,
          3.183308070000000e+01
        ],
        [
          -9.234050030000000e+01,
          3.181337270000000e+01
        ],
        [
          -9.236223330000000e+01,
          3.180811870000000e+01
        ],
        [
          -9.236261430000000e+01,
          3.179663870000000e+01
        ],
        [
          -9.236129330000000e+01,
          3.178136570000000e+01
        ],
        [
          -9.235298030000000e+01,
          3.178040070000000e+01
        ],
        [
          -9.234493030000000e+01,
          3.175490070000000e+01
        ],
        [
          -9.235827829999999e+01,
          3.174273170000000e+01
        ],
        [
          -9.235071530000000e+01,
          3.173853270000000e+01
        ],
        [
          -9.236048930000000e+01,
          3.172146770000000e+01
        ],
        [
          -9.236837629999999e+01,
          3.172302970000000e+01
        ],
        [
          -9.237248230000000e+01,
          3.170152470000000e+01
        ],
        [
          -9.234774530000000e+01,
          3.169658970000000e+01
        ],
        [
          -9.235015129999999e+01,
          3.168074170000000e+01
        ],
        [
          -9.236573430000000e+01,
          3.167228870000000e+01
        ],
        [
          -9.236059229999999e+01,
          3.164291870000000e+01
        ],
        [
          -9.234676630000000e+01,
          3.162858270000000e+01
        ],
        [
          -9.236776130000000e+01,
          3.162590570000000e+01
        ]
      ]
    ]
  ],
  ""type"": ""MultiPolygon""
}",1807,22,059,22059,LaSalle Parish,LA,41581,0,286,,2,,2,9863.520075775,1,,2,,2,9946.704148819,,9574.231043238,19.5,7812,924,11.827956989,14834,8,53.930160442,,,11701,,5065,5405,22.8,38.5,3017,99,,,,,,,33.994334278,32.814053696,,,,,,,,,,172,167.7,97.5,6778,179,2.64089702,698,,,41.150442478,,24.450242266,22.5,4.276629922,1187,0,112,,,13.59223301,,,,8.80929332,9.435551811,104623,30,,,,,,33.548118413,28.674383262,5.694951816,21518,133693,6.213077424,14834,53,357.3,19.360085062,,,32,,37,36,14729,14729,3135,21.284540702,14729,2409,16.355489171,14729,2012,13.660126281,14729,201,1.364654763,14729,615,4.175436214,14729,6664,45.244076312,14791,14791,100,13956,56,0.4012611063,10.8,12421,45,362.3,14729,14,95.050580487,,,46031,83394,60840,55633,2575,768,29.825242718,6278,4221,,,,,76.916221034,67.234788149,4005,1539,38.426966292,29.6,14729,7,0.04752529024,14729,55,0.3734129948,3214,1226,38.145612943,14890,1803.292215954,12.110760349,11171,1082,9.685793573,14729,3,20.367981533,3518,172,4.889141558,1,8.4,14729,11693,79.387602689,41581,286,,,691.630624652,,,526.715570311,530.070075689,,,,,,,,,,,,,,,,,,,,14729,12,81.471926132,14791,7656,51.761206139,11.9,12.110760349,7.1,15,2,13.333333333,74597,68,,,,,,100.67876977,91.156480824,4870,715,8.186528497,4.414784394,2.361396304,14.681724846,6278,33.8,44747,10,,,,,,,22.347866896,1760,11.9,14834,19,12.808413105,29.727710443,36.8,13.2,19.1,,,73.06909111,,,74.218063128,74.457557378,74597,12,,,,,,16.238511253,16.086437792,,,,63022,40066,0.6357462473,4665,3875,83.065380493,4326,298,6.888580675,,,18,,20,20,4.179436003,,,,,,,,,,,,,,,,,74597,12,16.086437792,,,,,,17.862271838,15.574948023,4665,4043,86.666666667,0.08926327122,9974,8267,82.885502306,1666.054,,55633,,25.215249942,852,1,1.17370892,11210,7077,63.131132917,43,2024,2374057691.3125,248256.53361794
"{
  ""coordinates"": [
    [
      [
        [
          -9.263032730000000e+01,
          3.048801740000000e+01
        ],
        [
          -9.263203129999999e+01,
          3.048118740000000e+01
        ],
        [
          -9.249326530000000e+01,
          3.048050440000000e+01
        ],
        [
          -9.248393930000000e+01,
          3.049117440000000e+01
        ],
        [
          -9.246435330000000e+01,
          3.049532340000000e+01
        ],
        [
          -9.245892030000000e+01,
          3.052793550000000e+01
        ],
        [
          -9.244911730000000e+01,
          3.053434350000000e+01
        ],
        [
          -9.242078630000000e+01,
          3.053882550000000e+01
        ],
        [
          -9.226272520000001e+01,
          3.053874350000000e+01
        ],
        [
          -9.226236220000000e+01,
          3.056827350000000e+01
        ],
        [
          -9.221148420000000e+01,
          3.056813250000000e+01
        ],
        [
          -9.221160519999999e+01,
          3.061688750000000e+01
        ],
        [
          -9.220395120000001e+01,
          3.062520250000000e+01
        ],
        [
          -9.220045720000000e+01,
          3.065616050000000e+01
        ],
        [
          -9.217249020000000e+01,
          3.067383450000000e+01
        ],
        [
          -9.217269920000000e+01,
          3.076799650000000e+01
        ],
        [
          -9.220692120000000e+01,
          3.078475550000000e+01
        ],
        [
          -9.221139620000000e+01,
          3.079316250000000e+01
        ],
        [
          -9.221259920000000e+01,
          3.084861450000000e+01
        ],
        [
          -9.223780020000000e+01,
          3.084828550000000e+01
        ],
        [
          -9.223828720000000e+01,
          3.089216350000000e+01
        ],
        [
          -9.228072130000000e+01,
          3.093595950000000e+01
        ],
        [
          -9.228074429999999e+01,
          3.096507660000000e+01
        ],
        [
          -9.233080430000000e+01,
          3.096330960000000e+01
        ],
        [
          -9.234176930000000e+01,
          3.098150860000000e+01
        ],
        [
          -9.237414230000000e+01,
          3.099260860000000e+01
        ],
        [
          -9.238336830000000e+01,
          3.100140860000000e+01
        ],
        [
          -9.240938330000000e+01,
          3.099229360000000e+01
        ],
        [
          -9.241865730000001e+01,
          3.097497360000000e+01
        ],
        [
          -9.243887630000000e+01,
          3.096979750000000e+01
        ],
        [
          -9.245967530000000e+01,
          3.095575950000000e+01
        ],
        [
          -9.248033630000000e+01,
          3.095227650000000e+01
        ],
        [
          -9.247886430000000e+01,
          3.092513250000000e+01
        ],
        [
          -9.248725229999999e+01,
          3.090908550000000e+01
        ],
        [
          -9.250904930000000e+01,
          3.089584650000000e+01
        ],
        [
          -9.254797130000000e+01,
          3.090308950000000e+01
        ],
        [
          -9.256726030000000e+01,
          3.089624250000000e+01
        ],
        [
          -9.259780430000001e+01,
          3.089600650000000e+01
        ],
        [
          -9.259754330000000e+01,
          3.058175250000000e+01
        ],
        [
          -9.258351430000000e+01,
          3.056269550000000e+01
        ],
        [
          -9.260519230000000e+01,
          3.052945550000000e+01
        ],
        [
          -9.262358829999999e+01,
          3.051883540000000e+01
        ],
        [
          -9.261450030000000e+01,
          3.050744840000000e+01
        ],
        [
          -9.263032730000000e+01,
          3.048801740000000e+01
        ]
      ]
    ]
  ],
  ""type"": ""MultiPolygon""
}",1855,22,039,22039,Evangeline Parish,LA,92422,0,773,,2,,2,19716.693701118,,,2,,2,12024.589983394,,13603.839477415,27.2,17892,2381,13.307623519,32215,21,65.187024678,,,6358,,5166,5349,28.5,41.6,7225,275,,,57.373375168,,,,29.398954704,38.062283737,233489,18,,,23.43530294,,,,7.709142615,375,322.5,86,12048,494,4.100265604,2559,,,57.142857143,75,23.806571606,32.3,5.229560228,3220,0,357,,,14.792899408,,,,9.159943047,11.086956522,233489,63,,,26.560009999,,,28.921795465,26.981999152,6.606337675,15892,89258,5.616536622,32215,190,589.8,17.393233815,,,37,,41,40,31986,31986,8010,25.042205965,31986,5134,16.050772213,31986,8592,26.861752017,31986,171,0.5346088914,31986,1513,4.73019446,31986,15576,48.696304633,32350,24253,74.970633694,30172,894,2.963012064,14.6,26405,84,318.1,31986,24,75.032826862,,,23215,,45261,40933,5634,2702,47.958821441,11046,8904,,,73.377234243,,83.249016301,80.608365019,8129,3313,40.755320458,38.1,31986,6,0.01875820672,31986,174,0.5439879947,8061,3269,40.553281231,33984,2137.371634879,6.289346854,25825,2718,10.524685382,31986,11,34.390045645,8314,365,4.39018523,1,8.4,31986,21102,65.972613018,92422,773,,,970.293754975,,,613.772906501,688.583487571,36408,27,,,,,,84.448197698,74.159525379,3324,22,,,,,,,,6.618531889,31986,25,78.159194648,32350,18031,55.737248841,18.6,6.289346854,6.2,30,12,40,166037,187,,,123.50307655,,,117.770691405,112.625499136,12395,2170,14.78082753,3.025413473,2.057281162,17.507059298,11046,36.2,98886,25,,,,,,25.89726403,25.281637441,6060,18.6,32215,26,8.070774484,63.226931509,40.1,16.7,21.9,,,66.500039641,,,72.208414912,71.09077765,166037,39,,,33.081181219,,,21.74228149,23.488740461,1726,281,16.280417149,52604,33431,0.6355220135,12128,7834,64.594327177,11515,2039,17.707338254,,,34,,42,41,10.146281024,,,,,,,,,,,,,,,,,166037,38,22.886465065,,,,,,29.313722625,24.521326672,12128,9215,75.981200528,0.1761749281,20961,16037,76.508754353,-9403.014,,40933,,33.16150783,2209,12,5.432322318,24115,15412,63.910429193,53.2,2024,2385996575.02344,218126.442106689
"{
  ""coordinates"": [
    [
      [
        [
          -9.072771700000000e+01,
          3.326751310000000e+01
        ],
        [
          -9.073322200000000e+01,
          3.323298110000000e+01
        ],
        [
          -9.070417990000000e+01,
          3.321260610000000e+01
        ],
        [
          -9.068032490000000e+01,
          3.320197710000000e+01
        ],
        [
          -9.068569890000001e+01,
          3.318961710000000e+01
        ],
        [
          -9.068814190000001e+01,
          3.314847410000000e+01
        ],
        [
          -9.069850790000000e+01,
          3.313803910000000e+01
        ],
        [
          -9.069973790000000e+01,
          3.312200310000000e+01
        ],
        [
          -9.067955689999999e+01,
          3.311459210000000e+01
        ],
        [
          -9.067961290000000e+01,
          3.310248910000000e+01
        ],
        [
          -9.070185090000000e+01,
          3.309630010000000e+01
        ],
        [
          -9.065805490000000e+01,
          3.309652010000000e+01
        ],
        [
          -9.065663790000001e+01,
          3.292251600000000e+01
        ],
        [
          -9.044989889999999e+01,
          3.292329600000000e+01
        ],
        [
          -9.044932890000000e+01,
          3.300901600000000e+01
        ],
        [
          -9.036403679999999e+01,
          3.301060200000000e+01
        ],
        [
          -9.038284280000001e+01,
          3.302590910000000e+01
        ],
        [
          -9.037976180000000e+01,
          3.304208010000000e+01
        ],
        [
          -9.039146190000000e+01,
          3.304999610000000e+01
        ],
        [
          -9.041544190000000e+01,
          3.304898410000000e+01
        ],
        [
          -9.042978890000001e+01,
          3.306099710000000e+01
        ],
        [
          -9.043152590000000e+01,
          3.309571510000000e+01
        ],
        [
          -9.041846590000000e+01,
          3.311468810000000e+01
        ],
        [
          -9.041629290000000e+01,
          3.310406410000000e+01
        ],
        [
          -9.039341690000001e+01,
          3.310174310000000e+01
        ],
        [
          -9.038493990000001e+01,
          3.308734010000000e+01
        ],
        [
          -9.037296580000000e+01,
          3.308407910000000e+01
        ],
        [
          -9.036546580000000e+01,
          3.309553910000000e+01
        ],
        [
          -9.038629589999999e+01,
          3.311281110000000e+01
        ],
        [
          -9.036886090000000e+01,
          3.312547310000000e+01
        ],
        [
          -9.036617680000001e+01,
          3.310366510000000e+01
        ],
        [
          -9.035194880000000e+01,
          3.309561810000000e+01
        ],
        [
          -9.035546479999999e+01,
          3.311315110000000e+01
        ],
        [
          -9.034692980000000e+01,
          3.313203010000000e+01
        ],
        [
          -9.033031780000000e+01,
          3.313782410000000e+01
        ],
        [
          -9.033159490000000e+01,
          3.330283110000000e+01
        ],
        [
          -9.034379389999999e+01,
          3.330906710000000e+01
        ],
        [
          -9.035699690000000e+01,
          3.329708910000000e+01
        ],
        [
          -9.036482890000001e+01,
          3.327577110000000e+01
        ],
        [
          -9.037673090000000e+01,
          3.328030510000000e+01
        ],
        [
          -9.036722490000000e+01,
          3.326032510000000e+01
        ],
        [
          -9.037535290000000e+01,
          3.324677810000000e+01
        ],
        [
          -9.037007190000000e+01,
          3.324123010000000e+01
        ],
        [
          -9.041083290000000e+01,
          3.324511710000000e+01
        ],
        [
          -9.041324190000000e+01,
          3.323532610000000e+01
        ],
        [
          -9.045380690000000e+01,
          3.326730810000000e+01
        ],
        [
          -9.045323890000000e+01,
          3.332949010000000e+01
        ],
        [
          -9.055555490000000e+01,
          3.332918710000000e+01
        ],
        [
          -9.055521690000000e+01,
          3.327053910000000e+01
        ],
        [
          -9.071628300000000e+01,
          3.327003810000000e+01
        ],
        [
          -9.072771700000000e+01,
          3.326751310000000e+01
        ]
      ]
    ]
  ],
  ""type"": ""MultiPolygon""
}",1858,28,053,28053,Humphreys County,MS,21715,0,246,,2,,2,22983.80450681,,,2,,2,17095.614128503,1,20644.43440288,34.6,4149,856,20.631477464,7551,4,52.973116144,,,3344,,809,2618,28,50.6,1909,79,,,46.290424857,,,,,41.382922996,57223,12,,,28.091860383,,,,20.970588749,117,108.225,92.5,1972,150,7.606490872,889,,,62.703962704,,2.34375,49.8,4.980202672,681,0,128,,,19.691780822,,,,12.087912088,18.795888399,57223,20,,,30.432848749,,,,34.950981249,5.459630866,15115,71400,4.72378432,7551,104,1377.3,10.274230645,,,25,,36,29,7333,7333,1817,24.778399018,7333,1350,18.409927724,7333,5466,74.539751807,7333,16,0.218191736,7333,301,4.104732033,7333,3887,53.006954862,7785,7785,100,7336,5,0.06815703381,19.8,6276,22,350.5,7333,0,,,,26911,,67578,33148,1257,1257,100,2518,1809,,,65.691868759,,87.184115523,71.842732327,1722,872,50.638792102,42.3,7333,5,0.0681849175,7333,40,0.54547934,1998,1437,71.921921922,9375,1112.891537017,11.870843062,5902,958,16.231785835,7333,2,27.273966998,1854,113,6.094929881,1,8.7,7333,1457,19.869084958,21715,246,,,1034.073195659,,,706.940780158,904.054385978,8964,11,,,135.630001356,,,,122.71307452,,,,,,,,,,,7333,4,54.547933997,7785,77,0.9890815671,24,11.870843062,4.5,18,5,27.777777778,40041,45,,,106.791256466,,,148.514851485,112.384805574,3195,525,15.587761675,2.660406886,0,16.431924883,2518,24.8,,,,,,,,,,1900,24,7551,9,11.918951132,39.378274163,40.6,17.2,20,,,65.419988502,,,,67.241797828,40041,15,,,36.70949441,,,,37.461601858,,,,39548,29152,0.7371295641,2991,1793,59.946506185,2758,527,19.108049311,,,17,,18,17,15.893787263,1000,21,-888,,,,2.298085704,,,2.275655759,,,2.300168775,,,2.280232943,,,,,,,,,,,2991,2098,70.143764627,,5085,3802,74.76892822,-41373.05,,33148,,21.008808978,433,12,27.713625866,5970,4189,70.167504188,52.1,2024,1600263889.36328,242563.106437119
"{
  ""coordinates"": [
    [
      [
        [
          -9.094761080000001e+01,
          2.979253740000000e+01
        ],
        [
          -9.100689590000000e+01,
          2.971509830000000e+01
        ],
        [
          -9.088019980000000e+01,
          2.971681430000000e+01
        ],
        [
          -9.088209280000000e+01,
          2.974590230000000e+01
        ],
        [
          -9.084143480000000e+01,
          2.974638730000000e+01
        ],
        [
          -9.084424880000000e+01,
          2.975610630000000e+01
        ],
        [
          -9.082786280000001e+01,
          2.976462330000000e+01
        ],
        [
          -9.082774080000000e+01,
          2.977578340000000e+01
        ],
        [
          -9.081018779999999e+01,
          2.977620640000000e+01
        ],
        [
          -9.080499880000001e+01,
          2.974948930000000e+01
        ],
        [
          -9.078823780000000e+01,
          2.974753330000000e+01
        ],
        [
          -9.076676280000000e+01,
          2.969595030000000e+01
        ],
        [
          -9.074736580000000e+01,
          2.967899430000000e+01
        ],
        [
          -9.072730780000001e+01,
          2.967558730000000e+01
        ],
        [
          -9.070783779999999e+01,
          2.966538530000000e+01
        ],
        [
          -9.070199780000000e+01,
          2.966107330000000e+01
        ],
        [
          -9.068757780000000e+01,
          2.964535930000000e+01
        ],
        [
          -9.065804980000000e+01,
          2.960786330000000e+01
        ],
        [
          -9.062116970000000e+01,
          2.959919530000000e+01
        ],
        [
          -9.060206470000000e+01,
          2.957286130000000e+01
        ],
        [
          -9.057461670000001e+01,
          2.955914630000000e+01
        ],
        [
          -9.056841369999999e+01,
          2.953520030000000e+01
        ],
        [
          -9.055079670000001e+01,
          2.953127030000000e+01
        ],
        [
          -9.050642670000001e+01,
          2.947751330000000e+01
        ],
        [
          -9.046687470000001e+01,
          2.945189530000000e+01
        ],
        [
          -9.045742670000000e+01,
          2.942981430000000e+01
        ],
        [
          -9.041856170000000e+01,
          2.939004230000000e+01
        ],
        [
          -9.040330969999999e+01,
          2.938423530000000e+01
        ],
        [
          -9.038429069999999e+01,
          2.936576030000000e+01
        ],
        [
          -9.037959470000000e+01,
          2.934905930000000e+01
        ],
        [
          -9.038647870000000e+01,
          2.932474830000000e+01
        ],
        [
          -9.037667170000000e+01,
          2.930288830000000e+01
        ],
        [
          -9.038350370000001e+01,
          2.928193830000000e+01
        ],
        [
          -9.039976729999999e+01,
          2.926140700000000e+01
        ],
        [
          -9.040327370000000e+01,
          2.923381620000000e+01
        ],
        [
          -9.037261370000000e+01,
          2.926481830000000e+01
        ],
        [
          -9.037689170000000e+01,
          2.928866030000000e+01
        ],
        [
          -9.034920169999999e+01,
          2.930451730000000e+01
        ],
        [
          -9.034432970000000e+01,
          2.928928230000000e+01
        ],
        [
          -9.032210670000001e+01,
          2.927300830000000e+01
        ],
        [
          -9.030428060000000e+01,
          2.926616630000000e+01
        ],
        [
          -9.027283760000000e+01,
          2.919903720000000e+01
        ],
        [
          -9.025923960000000e+01,
          2.919958820000000e+01
        ],
        [
          -9.026351860000000e+01,
          2.918060220000000e+01
        ],
        [
          -9.028526560000000e+01,
          2.917800820000000e+01
        ],
        [
          -9.027777860000000e+01,
          2.914282720000000e+01
        ],
        [
          -9.024863460000000e+01,
          2.913837520000000e+01
        ],
        [
          -9.023441060000000e+01,
          2.912882920000000e+01
        ],
        [
          -9.023333959999999e+01,
          2.911066020000000e+01
        ],
        [
          -9.025004960000000e+01,
          2.910807220000000e+01
        ],
        [
          -9.024592960000000e+01,
          2.909340820000000e+01
        ],
        [
          -9.023198960000001e+01,
          2.908773520000000e+01
        ],
        [
          -9.022359260000000e+01,
          2.908508020000000e+01
        ],
        [
          -9.017058560000000e+01,
          2.911521420000000e+01
        ],
        [
          -9.012275860000000e+01,
          2.914429120000000e+01
        ],
        [
          -9.008969949999999e+01,
          2.916382090000000e+01
        ],
        [
          -9.008974160000000e+01,
          2.916484520000000e+01
        ],
        [
          -9.008679359999999e+01,
          2.917236020000000e+01
        ],
        [
          -9.008696960000000e+01,
          2.917629120000000e+01
        ],
        [
          -9.008969159999999e+01,
          2.918001620000000e+01
        ],
        [
          -9.008652460000000e+01,
          2.918700220000000e+01
        ],
        [
          -9.008495259999999e+01,
          2.918795620000000e+01
        ],
        [
          -9.008305760000000e+01,
          2.918903220000000e+01
        ],
        [
          -9.008271360000001e+01,
          2.919099520000000e+01
        ],
        [
          -9.008042560000000e+01,
          2.919302820000000e+01
        ],
        [
          -9.007848260000000e+01,
          2.919420220000000e+01
        ],
        [
          -9.007682860000000e+01,
          2.919508220000000e+01
        ],
        [
          -9.007606360000000e+01,
          2.919589920000000e+01
        ],
        [
          -9.007573660000000e+01,
          2.919634620000000e+01
        ],
        [
          -9.007486460000000e+01,
          2.919652420000000e+01
        ],
        [
          -9.007394260000000e+01,
          2.919638220000000e+01
        ],
        [
          -9.007213260000000e+01,
          2.919762520000000e+01
        ],
        [
          -9.007164460000000e+01,
          2.919920220000000e+01
        ],
        [
          -9.007063260000000e+01,
          2.920065320000000e+01
        ],
        [
          -9.006720660000001e+01,
          2.920283920000000e+01
        ],
        [
          -9.006522360000000e+01,
          2.920355620000000e+01
        ],
        [
          -9.006371260000000e+01,
          2.920399430000000e+01
        ],
        [
          -9.006240260000000e+01,
          2.920477830000000e+01
        ],
        [
          -9.006371960000000e+01,
          2.920745630000000e+01
        ],
        [
          -9.006353860000000e+01,
          2.921058630000000e+01
        ],
        [
          -9.005476160000001e+01,
          2.923225130000000e+01
        ],
        [
          -9.004018960000001e+01,
          2.925300530000000e+01
        ],
        [
          -9.001705660000000e+01,
          2.927355630000000e+01
        ],
        [
          -9.000190460000000e+01,
          2.929235530000000e+01
        ],
        [
          -9.000007359999999e+01,
          2.930317030000000e+01
        ],
        [
          -9.002104660000001e+01,
          2.932074230000000e+01
        ],
        [
          -9.003033960000000e+01,
          2.934476330000000e+01
        ],
        [
          -9.003514560000001e+01,
          2.935781030000000e+01
        ],
        [
          -9.002913460000001e+01,
          2.938223930000000e+01
        ],
        [
          -9.002696360000000e+01,
          2.943164530000000e+01
        ],
        [
          -9.004691860000000e+01,
          2.945437530000000e+01
        ],
        [
          -9.007185160000000e+01,
          2.946289130000000e+01
        ],
        [
          -9.013131460000000e+01,
          2.947381730000000e+01
        ],
        [
          -9.014230860000001e+01,
          2.949154430000000e+01
        ],
        [
          -9.015063259999999e+01,
          2.950476530000000e+01
        ],
        [
          -9.016107660000000e+01,
          2.951869030000000e+01
        ],
        [
          -9.016747060000000e+01,
          2.952900830000000e+01
        ],
        [
          -9.017095860000001e+01,
          2.953889530000000e+01
        ],
        [
          -9.018755059999999e+01,
          2.954636630000000e+01
        ],
        [
          -9.019187660000000e+01,
          2.955424630000000e+01
        ],
        [
          -9.018709960000000e+01,
          2.956267730000000e+01
        ],
        [
          -9.017931860000000e+01,
          2.956604530000000e+01
        ],
        [
          -9.017108560000000e+01,
          2.956706530000000e+01
        ],
        [
          -9.016055160000001e+01,
          2.957578630000000e+01
        ],
        [
          -9.015854860000000e+01,
          2.958432630000000e+01
        ],
        [
          -9.015117560000000e+01,
          2.959804730000000e+01
        ],
        [
          -9.015430160000000e+01,
          2.960956030000000e+01
        ],
        [
          -9.016041360000000e+01,
          2.961811130000000e+01
        ],
        [
          -9.015977359999999e+01,
          2.964320330000000e+01
        ],
        [
          -9.015575960000000e+01,
          2.966251930000000e+01
        ],
        [
          -9.015770960000000e+01,
          2.967154530000000e+01
        ],
        [
          -9.016158760000000e+01,
          2.967684440000000e+01
        ],
        [
          -9.016669260000000e+01,
          2.967933540000000e+01
        ],
        [
          -9.017919660000000e+01,
          2.968251940000000e+01
        ],
        [
          -9.018908460000000e+01,
          2.968325540000000e+01
        ],
        [
          -9.019320060000000e+01,
          2.968811140000000e+01
        ],
        [
          -9.020039860000000e+01,
          2.968851240000000e+01
        ],
        [
          -9.022138260000000e+01,
          2.969177740000000e+01
        ],
        [
          -9.022816260000000e+01,
          2.969203340000000e+01
        ],
        [
          -9.034619669999999e+01,
          2.969330730000000e+01
        ],
        [
          -9.035210970000000e+01,
          2.969551730000000e+01
        ],
        [
          -9.036154670000001e+01,
          2.970745540000000e+01
        ],
        [
          -9.036079970000000e+01,
          2.973705940000000e+01
        ],
        [
          -9.037093870000000e+01,
          2.974619740000000e+01
        ],
        [
          -9.037198370000000e+01,
          2.975924440000000e+01
        ],
        [
          -9.040523270000000e+01,
          2.977434040000000e+01
        ],
        [
          -9.042989270000000e+01,
          2.977639240000000e+01
        ],
        [
          -9.046804870000000e+01,
          2.980347940000000e+01
        ],
        [
          -9.047542369999999e+01,
          2.981221540000000e+01
        ],
        [
          -9.047990969999999e+01,
          2.984738240000000e+01
        ],
        [
          -9.049887570000000e+01,
          2.986506540000000e+01
        ],
        [
          -9.051572969999999e+01,
          2.986473240000000e+01
        ],
        [
          -9.052960670000000e+01,
          2.988500240000000e+01
        ],
        [
          -9.053585169999999e+01,
          2.989130840000000e+01
        ],
        [
          -9.063529780000000e+01,
          2.989482840000000e+01
        ],
        [
          -9.065631780000000e+01,
          2.988925140000000e+01
        ],
        [
          -9.068069680000001e+01,
          2.989259340000000e+01
        ],
        [
          -9.069020080000000e+01,
          2.990487040000000e+01
        ],
        [
          -9.071705980000000e+01,
          2.989656340000000e+01
        ],
        [
          -9.072319680000000e+01,
          2.990699640000000e+01
        ],
        [
          -9.073984780000001e+01,
          2.990449540000000e+01
        ],
        [
          -9.077870580000000e+01,
          2.992201240000000e+01
        ],
        [
          -9.078543280000000e+01,
          2.990759040000000e+01
        ],
        [
          -9.088575480000000e+01,
          2.990535340000000e+01
        ],
        [
          -9.088527180000000e+01,
          2.987757040000000e+01
        ],
        [
          -9.090981180000000e+01,
          2.987720040000000e+01
        ],
        [
          -9.092505180000001e+01,
          2.983038240000000e+01
        ],
        [
          -9.094761080000001e+01,
          2.979253740000000e+01
        ]
      ]
    ],
    [
      [
        [
          -9.037617870000000e+01,
          2.910867320000000e+01
        ],
        [
          -9.036169370000000e+01,
          2.910308120000000e+01
        ],
        [
          -9.033494060000000e+01,
          2.906380820000000e+01
        ],
        [
          -9.031759060000000e+01,
          2.906734020000000e+01
        ],
        [
          -9.030392160000000e+01,
          2.907538520000000e+01
        ],
        [
          -9.034301870000000e+01,
          2.912849220000000e+01
        ],
        [
          -9.035145970000001e+01,
          2.913109720000000e+01
        ],
        [
          -9.035977570000000e+01,
          2.912522720000000e+01
        ],
        [
          -9.037617870000000e+01,
          2.910867320000000e+01
        ]
      ]
    ]
  ],
  ""type"": ""MultiPolygon""
}",1917,22,057,22057,Lafourche Parish,LA,272877,0,1638,10445.594230123,1,,2,17412.533507405,,7213.394065243,1,,2,9172.271345812,,10241.287680331,20.1,57506,6421,11.165791396,97504,49,50.25434854,,,4486,,3071,3163,22.7,38.7,21809,492,23.779724656,,35.452611676,35.91160221,,34.782608696,17.47020585,22.559493787,685885,57,,,33.671130807,,,3.804798612,8.310431049,824,774.56,94,40562,1379,3.399733741,3921,20.910973085,,55.205320995,19.917864476,15.104237635,18.4,4.458181155,8215,0,757,8.333333333,,16.055321708,7.400379507,,9.395973154,7.384230288,9.214850883,685885,137,,,27.154137748,,,18.833753129,19.974193925,6.463677325,21433,120818,5.637008352,97504,509,522,17.892370297,,20,36,,45,44,95870,95870,21519,22.446020653,95870,16222,16.920830291,95870,13208,13.776989674,95870,2928,3.054135809,95870,4468,4.66047773,95870,48372,50.455825597,97557,22797,23.367877241,91447,708,0.7742189465,11.3,81642,160,196,95870,196,204.443517263,50000,52734,27541,50536,68876,59575,14155,5908,41.737901801,41074,32937,,,67.484083942,77.710511833,80.001418339,80.189414228,25515,13514,52.964922595,30.6,95870,73,0.07614477939,95870,870,0.9074788776,22123,5070,22.91732586,96318,8122.52512166,8.433029259,79599,7329,9.207402103,95870,46,47.981641807,23149,1006,4.345760076,0,8.5,95870,72780,75.915301971,272877,1638,496.680004194,,824.213922472,336.861588927,,443.007607826,482.204327262,99773,66,,,117.570983481,,,51.553225022,66.150160865,8431,58,,,12.426035503,,,,5.189413596,6.87937374,95870,95,99.092521122,97557,67751,69.44760499,12.9,8.433029259,7.2,99,33,33.333333333,489255,452,87.285423334,,122.275547947,59.559261465,,90.912968828,92.385361417,36645,4605,10.211522405,2.128530495,0.5594214763,12.566516578,41074,38.4,292714,89,,,38.366115047,,,31.655022671,30.405105325,12620,12.9,97504,44,4.512635379,56.278278116,35.9,13.3,20.2,78.975720858,,68.418656521,98.600819912,,76.136478402,75.184376305,489255,84,,,39.739553083,,,13.596954282,17.168960971,5257,715,13.600913068,64157,40339,0.6287544617,36828,28826,78.271966982,34930,3871,11.082164329,,55,31,38,44,43,37.887405718,,,,,,,,,,,,,,,,,489255,73,14.920644654,,,,,,16.757157685,14.737517279,36828,30409,82.570326925,0.1235235756,66341,54423,82.035242158,-1371.209,,59575,,28.585816198,6053,23,3.79976871,73710,45388,61.576448243,63.7,2024,4382002886.21875,432943.689357457
"{
  ""coordinates"": [
    [
      [
        [
          -9.115387000000000e+01,
          3.161007370000000e+01
        ],
        [
          -9.115815600000001e+01,
          3.134670070000000e+01
        ],
        [
          -9.111797300000001e+01,
          3.132031970000000e+01
        ],
        [
          -9.109540400000000e+01,
          3.132098070000000e+01
        ],
        [
          -9.106923990000000e+01,
          3.132833970000000e+01
        ],
        [
          -9.106574689999999e+01,
          3.133890370000000e+01
        ],
        [
          -9.105719990000000e+01,
          3.133070270000000e+01
        ],
        [
          -9.102834090000000e+01,
          3.133568870000000e+01
        ],
        [
          -9.101801790000000e+01,
          3.134750770000000e+01
        ],
        [
          -9.100344790000000e+01,
          3.133792370000000e+01
        ],
        [
          -9.098756290000000e+01,
          3.133693370000000e+01
        ],
        [
          -9.098300790000000e+01,
          3.134867670000000e+01
        ],
        [
          -9.063330780000000e+01,
          3.134931170000000e+01
        ],
        [
          -9.063323680000001e+01,
          3.161141470000000e+01
        ],
        [
          -9.073733590000001e+01,
          3.161112970000000e+01
        ],
        [
          -9.115387000000000e+01,
          3.161007370000000e+01
        ]
      ]
    ]
  ],
  ""type"": ""MultiPolygon""
}",1922,28,037,28037,Franklin County,MS,21005,0,183,,2,,2,14185.915739415,,,2,,2,9430.147325558,,10950.349609814,25,4233,839,19.820458304,7676,1,13.027618551,,,3285,,2861,3009,23.4,42.9,1759,70,,,54.179566563,,,,33.301617507,39.79533826,54124,10,,,,,,,18.476091937,98,75.95,77.5,2632,141,5.357142857,467,,,46.246648794,,30.192502533,26.9,4.318703182,625,0,74,,,16.967509025,,,,8.011869436,11.84,54124,21,,,,,,50.038264555,38.799793068,5.086245222,17836,85652,4.802197802,7676,34,442.9,12.738404014,,,36,,35,35,7642,7642,1757,22.991363517,7642,1653,21.63046323,7642,2611,34.166448574,7642,24,0.3140539126,7642,105,1.373985868,7642,3844,50.300968333,7675,7675,100,7254,0,0,14,6493,14,215.6,7642,1,13.085579691,,,22625,,52378,47165,1193,1181,98.994132439,2529,2282,,,,,88.792270531,90.233293792,1675,1043,62.268656716,34,7642,2,0.02617115938,7642,10,0.1308557969,1774,655,36.922209696,8118,1220.318825876,15.032259496,5943,981,16.50681474,7642,1,13.085579691,1805,155,8.587257618,0,8.4,7642,4801,62.823868097,21005,183,,,780.245379712,,,485.732097556,573.699754811,,,,,,,,,,,,,,,,,,,,7642,7,91.599057838,7675,5378,70.071661238,19,15.032259496,5.2,7,1,14.285714286,38599,46,,,97.92106056,,,136.031988128,119.174071867,3030,230,5.693235097,2.112211221,0.1320132013,7.590759076,2529,49.1,,,,,,,,,,1460,19,7676,18,23.449713392,14.77558116,36,14.1,18.3,,,69.563530746,,,74.950638171,73.219296336,38599,11,,,,,,,28.49814762,,,,49336,39034,0.7911869629,2974,2257,75.891055817,2686,276,10.275502606,,,16,,28,26,7.476016737,900,8,8,17.777777778,,,2.789700159,,3.53716381,3.095350283,,,2.869001097,,3.267646366,3.035367233,,,,,,,,,,,2974,2463,82.817753867,0.01167962453,5254,4430,84.316711077,-17387.66,,47165,,15.040814163,423,1,2.364066194,5905,4461,75.546147333,37.3,2024,2030237417.86328,190194.85492165
"{
  ""coordinates"": [
    [
      [
        [
          -8.968978500000000e+01,
          3.045928350000000e+01
        ],
        [
          -8.968341550000000e+01,
          3.045179850000000e+01
        ],
        [
          -8.968283450000000e+01,
          3.044581550000000e+01
        ],
        [
          -8.968482150000000e+01,
          3.043951650000000e+01
        ],
        [
          -8.968352650000000e+01,
          3.043496450000000e+01
        ],
        [
          -8.968195150000000e+01,
          3.043407850000000e+01
        ],
        [
          -8.968052050000000e+01,
          3.042892950000000e+01
        ],
        [
          -8.967851949999999e+01,
          3.041401750000000e+01
        ],
        [
          -8.968013950000000e+01,
          3.041140550000000e+01
        ],
        [
          -8.968117049999999e+01,
          3.041149750000000e+01
        ],
        [
          -8.968232550000000e+01,
          3.041299650000000e+01
        ],
        [
          -8.968412350000000e+01,
          3.041265150000000e+01
        ],
        [
          -8.968369149999999e+01,
          3.040587850000000e+01
        ],
        [
          -8.967915850000000e+01,
          3.039999650000000e+01
        ],
        [
          -8.967276750000001e+01,
          3.038928150000000e+01
        ],
        [
          -8.967013950000000e+01,
          3.038243450000000e+01
        ],
        [
          -8.966220950000000e+01,
          3.037127250000000e+01
        ],
        [
          -8.966027950000000e+01,
          3.036349250000000e+01
        ],
        [
          -8.965719650000000e+01,
          3.035652050000000e+01
        ],
        [
          -8.965269850000000e+01,
          3.035554150000000e+01
        ],
        [
          -8.964670550000000e+01,
          3.035250550000000e+01
        ],
        [
          -8.964562250000000e+01,
          3.035131950000000e+01
        ],
        [
          -8.964520450000001e+01,
          3.034813150000000e+01
        ],
        [
          -8.963630449999999e+01,
          3.034397550000000e+01
        ],
        [
          -8.962973250000000e+01,
          3.033929250000000e+01
        ],
        [
          -8.963040450000000e+01,
          3.033293850000000e+01
        ],
        [
          -8.962988249999999e+01,
          3.032102250000000e+01
        ],
        [
          -8.962661150000000e+01,
          3.031546250000000e+01
        ],
        [
          -8.962622650000000e+01,
          3.031426050000000e+01
        ],
        [
          -8.963164850000000e+01,
          3.030933750000000e+01
        ],
        [
          -8.963421350000000e+01,
          3.030826150000000e+01
        ],
        [
          -8.963987750000000e+01,
          3.030728650000000e+01
        ],
        [
          -8.964040650000000e+01,
          3.030676050000000e+01
        ],
        [
          -8.964171050000000e+01,
          3.030380450000000e+01
        ],
        [
          -8.964344550000000e+01,
          3.028768750000000e+01
        ],
        [
          -8.963765250000000e+01,
          3.028503750000000e+01
        ],
        [
          -8.963141650000000e+01,
          3.027966750000000e+01
        ],
        [
          -8.963052550000000e+01,
          3.027656750000000e+01
        ],
        [
          -8.962976250000000e+01,
          3.026720050000000e+01
        ],
        [
          -8.963065450000001e+01,
          3.026208950000000e+01
        ],
        [
          -8.963122050000000e+01,
          3.026170950000000e+01
        ],
        [
          -8.963223050000001e+01,
          3.026014250000000e+01
        ],
        [
          -8.963179450000000e+01,
          3.025692950000000e+01
        ],
        [
          -8.962692749999999e+01,
          3.025175050000000e+01
        ],
        [
          -8.962386150000000e+01,
          3.024990050000000e+01
        ],
        [
          -8.961616150000000e+01,
          3.024740050000000e+01
        ],
        [
          -8.961416149999999e+01,
          3.024460050000000e+01
        ],
        [
          -8.961406150000001e+01,
          3.024150050000000e+01
        ],
        [
          -8.961586149999999e+01,
          3.023530050000000e+01
        ],
        [
          -8.961706150000001e+01,
          3.022750050000000e+01
        ],
        [
          -8.961696150000000e+01,
          3.022560050000000e+01
        ],
        [
          -8.961586149999999e+01,
          3.022320050000000e+01
        ],
        [
          -8.961256150000000e+01,
          3.021950150000000e+01
        ],
        [
          -8.961066049999999e+01,
          3.021810150000000e+01
        ],
        [
          -8.960766049999999e+01,
          3.021710150000000e+01
        ],
        [
          -8.960126050000000e+01,
          3.021610150000000e+01
        ],
        [
          -8.959666050000000e+01,
          3.021180150000000e+01
        ],
        [
          -8.958885950000000e+01,
          3.020030150000000e+01
        ],
        [
          -8.958735950000001e+01,
          3.019520150000000e+01
        ],
        [
          -8.958575949999999e+01,
          3.019210150000000e+01
        ],
        [
          -8.958075950000000e+01,
          3.018620250000000e+01
        ],
        [
          -8.957445950000000e+01,
          3.018170250000000e+01
        ],
        [
          -8.957015950000000e+01,
          3.018030250000000e+01
        ],
        [
          -8.956225850000000e+01,
          3.018240250000000e+01
        ],
        [
          -8.955465850000000e+01,
          3.018580250000000e+01
        ],
        [
          -8.955085850000000e+01,
          3.018920250000000e+01
        ],
        [
          -8.954905850000000e+01,
          3.019160250000000e+01
        ],
        [
          -8.954695850000000e+01,
          3.019310250000000e+01
        ],
        [
          -8.954145850000000e+01,
          3.019540250000000e+01
        ],
        [
          -8.953865750000000e+01,
          3.019580250000000e+01
        ],
        [
          -8.953335749999999e+01,
          3.019480250000000e+01
        ],
        [
          -8.953045750000000e+01,
          3.019220250000000e+01
        ],
        [
          -8.952795750000000e+01,
          3.018870250000000e+01
        ],
        [
          -8.952450949999999e+01,
          3.018075850000000e+01
        ],
        [
          -8.952281950000000e+01,
          3.018308150000000e+01
        ],
        [
          -8.950323650000000e+01,
          3.018305650000000e+01
        ],
        [
          -8.949010450000000e+01,
          3.018768250000000e+01
        ],
        [
          -8.948021950000000e+01,
          3.019375650000000e+01
        ],
        [
          -8.947582950000000e+01,
          3.019156650000000e+01
        ],
        [
          -8.946979750000000e+01,
          3.017628350000000e+01
        ],
        [
          -8.946360050000000e+01,
          3.017394850000000e+01
        ],
        [
          -8.946128050000000e+01,
          3.017475050000000e+01
        ],
        [
          -8.944791549999999e+01,
          3.018535750000000e+01
        ],
        [
          -8.944747049999999e+01,
          3.020510350000000e+01
        ],
        [
          -8.943043340000000e+01,
          3.022322350000000e+01
        ],
        [
          -8.942449840000000e+01,
          3.023909750000000e+01
        ],
        [
          -8.942462940000000e+01,
          3.024539650000000e+01
        ],
        [
          -8.941935340000001e+01,
          3.025432550000000e+01
        ],
        [
          -8.938375240000001e+01,
          3.026780150000000e+01
        ],
        [
          -8.937955239999999e+01,
          3.027040150000000e+01
        ],
        [
          -8.936575240000001e+01,
          3.028490150000000e+01
        ],
        [
          -8.935855140000000e+01,
          3.028890150000000e+01
        ],
        [
          -8.934475140000001e+01,
          3.029320150000000e+01
        ],
        [
          -8.932995140000000e+01,
          3.030290150000000e+01
        ],
        [
          -8.932255040000000e+01,
          3.031490150000000e+01
        ],
        [
          -8.932235040000000e+01,
          3.031930150000000e+01
        ],
        [
          -8.933255140000000e+01,
          3.033790050000000e+01
        ],
        [
          -8.933885239999999e+01,
          3.034300050000000e+01
        ],
        [
          -8.934593940000001e+01,
          3.034357850000000e+01
        ],
        [
          -8.936612140000000e+01,
          3.035217450000000e+01
        ],
        [
          -8.936385340000000e+01,
          3.035740050000000e+01
        ],
        [
          -8.935325340000000e+01,
          3.036880050000000e+01
        ],
        [
          -8.934945240000000e+01,
          3.037100050000000e+01
        ],
        [
          -8.934095240000001e+01,
          3.037290190000000e+01
        ],
        [
          -8.934145140000000e+01,
          3.064772560000000e+01
        ],
        [
          -8.954423749999999e+01,
          3.064837360000000e+01
        ],
        [
          -8.954451550000000e+01,
          3.051686760000000e+01
        ],
        [
          -8.959587850000000e+01,
          3.051707460000000e+01
        ],
        [
          -8.959573850000000e+01,
          3.050249350000000e+01
        ],
        [
          -8.964707749999999e+01,
          3.050274350000000e+01
        ],
        [
          -8.964696650000000e+01,
          3.045889750000000e+01
        ],
        [
          -8.968978500000000e+01,
          3.045928350000000e+01
        ]
      ]
    ]
  ],
  ""type"": ""MultiPolygon""
}",1935,28,045,28045,Hancock County,MS,130012,0,992,,2,,2,12342.134164525,,,2,,2,10590.34439804,,10177.906890364,18.4,27247,3826,14.041912871,46055,20,43.426338074,,,406,8419,2902,2896,18.5,37.2,9170,200,,,23.109243697,,,,22.916666667,21.810250818,329285,29,,,,,,7.188297452,8.806960536,472,419.145,88.80190678,18982,774,4.07754715,1909,,,63.165075034,27.35426009,17.841057678,22.5,3.717647529,3134,0,266,,,16.551724138,,,,7.65171504,8.487555839,329285,50,,,,,,17.611328757,15.184414717,4.912149029,27268,125587,4.60565498,46055,160,347.4,15.000656354,,31,59,,42,43,46094,46094,8670,18.809389508,46094,10440,22.649368681,46094,3842,8.335141233,46094,343,0.7441315573,46094,1871,4.059096629,46094,23519,51.023994446,46053,17620,38.260265346,43677,62,0.1419511413,10.5,39911,91,228,46094,20,43.389595175,,,34602,62277,66568,59874,5870,5852,99.693356048,20582,16076,,,90.048154093,,77.774870822,78.10708386,10254,5649,55.090696314,26.3,46094,31,0.06725387252,46094,417,0.9046730594,8952,2800,31.27792672,43929,6785.984270181,15.447618362,36195,4277,11.816549247,46094,12,26.033757105,9397,506,5.384697244,1,7.6,46094,38744,84.054323773,130012,992,,,636.803857831,,,516.708228809,502.338735508,41336,20,,,,,,46.082949309,48.383975227,3193,21,,,,,,,,6.57688694,46094,37,80.270751074,46053,25489,55.34710008,16.4,15.447618362,5.8,45,5,11.111111111,236074,241,,,72.855953372,,,111.314463359,102.086633852,21495,3320,12.317475271,2.535473366,1.186322401,15.445452431,20582,50.4,141687,65,,,,,,52.736435017,45.875768419,7520,16.4,46055,29,6.296819021,60.388189301,35,11.5,16.6,,,72.055069261,93.303416119,,75.057302082,75.490633305,236074,55,,,,,,24.067992078,23.29777951,,,,62944,40331,0.6407441535,19386,15644,80.697410502,18722,1953,10.431577823,,38,30,31,40,39,27.849968147,4600,36,53,19.347826087,,,2.639496805,,3.074641459,3.027382689,,,2.553722907,,3.048724505,2.989298822,236074,57,24.144971492,,,,,,22.249573048,20.766594791,19386,16372,84.452697823,0.06622716258,33638,30397,90.365063321,-4047.9325,,59874,,16.085446103,2604,13,4.992319508,37430,20957,55.989847716,58,2024,1699348525.76562,196868.417534187
"{
  ""coordinates"": [
    [
      [
        [
          -9.162512409999999e+01,
          3.100537960000000e+01
        ],
        [
          -9.163694810000000e+01,
          3.099942160000000e+01
        ],
        [
          -9.162512409999999e+01,
          3.099917260000000e+01
        ],
        [
          -9.153873310000000e+01,
          3.099939360000000e+01
        ],
        [
          -9.150012200000000e+01,
          3.099869660000000e+01
        ],
        [
          -9.149739599999999e+01,
          3.099901160000000e+01
        ],
        [
          -9.142575500000000e+01,
          3.099901260000000e+01
        ],
        [
          -9.142362700000000e+01,
          3.099898960000000e+01
        ],
        [
          -9.124649599999999e+01,
          3.099947960000000e+01
        ],
        [
          -9.122484500000000e+01,
          3.099918860000000e+01
        ],
        [
          -9.122407400000000e+01,
          3.099918860000000e+01
        ],
        [
          -9.117621500000000e+01,
          3.099914960000000e+01
        ],
        [
          -9.117614570000001e+01,
          3.099914930000000e+01
        ],
        [
          -9.110829690000000e+01,
          3.099888560000000e+01
        ],
        [
          -9.110811990000001e+01,
          3.099886260000000e+01
        ],
        [
          -9.108081989999999e+01,
          3.099891460000000e+01
        ],
        [
          -9.106827590000000e+01,
          3.099892560000000e+01
        ],
        [
          -9.106021890000000e+01,
          3.099895860000000e+01
        ],
        [
          -9.105947490000000e+01,
          3.128192670000000e+01
        ],
        [
          -9.107995990000001e+01,
          3.128883370000000e+01
        ],
        [
          -9.109540400000000e+01,
          3.132098070000000e+01
        ],
        [
          -9.111797300000001e+01,
          3.132031970000000e+01
        ],
        [
          -9.115815600000001e+01,
          3.134670070000000e+01
        ],
        [
          -9.118686300000000e+01,
          3.134928670000000e+01
        ],
        [
          -9.121306100000000e+01,
          3.135710570000000e+01
        ],
        [
          -9.123114000000000e+01,
          3.137317570000000e+01
        ],
        [
          -9.125714000000001e+01,
          3.136013270000000e+01
        ],
        [
          -9.127287500000000e+01,
          3.136824870000000e+01
        ],
        [
          -9.128301100000000e+01,
          3.135778370000000e+01
        ],
        [
          -9.130629999999999e+01,
          3.136086770000000e+01
        ],
        [
          -9.133086100000000e+01,
          3.135178170000000e+01
        ],
        [
          -9.134169700000000e+01,
          3.134003970000000e+01
        ],
        [
          -9.135534699999999e+01,
          3.134359270000000e+01
        ],
        [
          -9.138426200000001e+01,
          3.133542570000000e+01
        ],
        [
          -9.139174400000000e+01,
          3.132480670000000e+01
        ],
        [
          -9.141305400000000e+01,
          3.132387370000000e+01
        ],
        [
          -9.142401800000000e+01,
          3.131504570000000e+01
        ],
        [
          -9.146844110000001e+01,
          3.131957570000000e+01
        ],
        [
          -9.147106610000000e+01,
          3.128561270000000e+01
        ],
        [
          -9.149487610000000e+01,
          3.128433960000000e+01
        ],
        [
          -9.149737510000000e+01,
          3.127641760000000e+01
        ],
        [
          -9.147730710000000e+01,
          3.125988160000000e+01
        ],
        [
          -9.147880510000000e+01,
          3.123900460000000e+01
        ],
        [
          -9.148706310000000e+01,
          3.122747660000000e+01
        ],
        [
          -9.150729610000000e+01,
          3.122598260000000e+01
        ],
        [
          -9.153013210000000e+01,
          3.121484760000000e+01
        ],
        [
          -9.153037610000000e+01,
          3.123035860000000e+01
        ],
        [
          -9.154091310000000e+01,
          3.123835160000000e+01
        ],
        [
          -9.156054410000000e+01,
          3.123560960000000e+01
        ],
        [
          -9.157567610000000e+01,
          3.122448060000000e+01
        ],
        [
          -9.158945740000000e+01,
          3.119114560000000e+01
        ],
        [
          -9.158894510000000e+01,
          3.118896460000000e+01
        ],
        [
          -9.158870109999999e+01,
          3.118103060000000e+01
        ],
        [
          -9.158905210000000e+01,
          3.117859160000000e+01
        ],
        [
          -9.159150810000000e+01,
          3.117312360000000e+01
        ],
        [
          -9.159706810000000e+01,
          3.116349760000000e+01
        ],
        [
          -9.159973810000000e+01,
          3.115959760000000e+01
        ],
        [
          -9.160420310000001e+01,
          3.115455060000000e+01
        ],
        [
          -9.162167710000000e+01,
          3.113687560000000e+01
        ],
        [
          -9.162422309999999e+01,
          3.113373460000000e+01
        ],
        [
          -9.162512409999999e+01,
          3.113188460000000e+01
        ],
        [
          -9.162571310000000e+01,
          3.112876860000000e+01
        ],
        [
          -9.162648210000000e+01,
          3.111913060000000e+01
        ],
        [
          -9.162600010000000e+01,
          3.111690160000000e+01
        ],
        [
          -9.162154110000000e+01,
          3.111026260000000e+01
        ],
        [
          -9.161857610000000e+01,
          3.110733360000000e+01
        ],
        [
          -9.161476910000000e+01,
          3.110436260000000e+01
        ],
        [
          -9.160952910000000e+01,
          3.110156260000000e+01
        ],
        [
          -9.159469910000000e+01,
          3.109144960000000e+01
        ],
        [
          -9.156765410000000e+01,
          3.107019160000000e+01
        ],
        [
          -9.156415610000001e+01,
          3.106683560000000e+01
        ],
        [
          -9.156128910000000e+01,
          3.106091160000000e+01
        ],
        [
          -9.155991310000000e+01,
          3.105412460000000e+01
        ],
        [
          -9.156037110000000e+01,
          3.104951360000000e+01
        ],
        [
          -9.156123810000000e+01,
          3.104623060000000e+01
        ],
        [
          -9.156440310000001e+01,
          3.103897060000000e+01
        ],
        [
          -9.157170110000000e+01,
          3.102978760000000e+01
        ],
        [
          -9.157841910000000e+01,
          3.102403560000000e+01
        ],
        [
          -9.159046910000001e+01,
          3.101727560000000e+01
        ],
        [
          -9.160649610000000e+01,
          3.101122160000000e+01
        ],
        [
          -9.162512409999999e+01,
          3.100537960000000e+01
        ]
      ]
    ]
  ],
  ""type"": ""MultiPolygon""
}",1966,28,157,28157,Wilkinson County,MS,23439,0,235,,2,,2,16910.129533365,,,2,,2,14369.583115013,1,16127.22571728,30.3,3947,764,19.356473271,8315,3,36.079374624,,,5997,,1855,4402,25.4,45.8,1644,44,,,32.407407407,,,,,26.763990268,61061,23,,,46.768309793,,,,37.667250782,82,67.65,82.5,2580,164,6.356589147,638,,,38.873038516,,4.407713499,39.5,4.581644118,620,0,91,,,16.239316239,,,,10.344827586,14.677419355,61061,27,,,51.445140773,,,,44.218077005,5.103972098,21190,74420,3.512033978,8315,61,733.6,12.047309491,,,50,,48,49,8143,8143,1642,20.164558517,8143,1574,19.329485448,8143,5655,69.446150068,8143,21,0.2578902125,8143,95,1.166646199,8143,3773,46.334274837,8587,8587,100,8105,0,0,17.6,7128,25,350.7,8143,2,24.560972615,,,29163,,54189,36798,1016,1013,99.704724409,2773,2237,,,,,82.618025751,80.670753696,2404,771,32.071547421,39.6,8143,0,0,8143,7,0.08596340415,1780,1170,65.730337079,9878,839.503406327,8.498718428,5551,881,15.871014232,8143,2,24.560972615,1693,129,7.619610159,0,8.2,8143,2290,28.122313644,23439,235,,,848.007940208,,,649.494315034,770.517050167,,,,,,,,,,,,,,,,,,,,8143,5,61.402431536,8587,899,10.469314079,17.1,8.498718428,6.3,15,2,13.333333333,42892,65,,,153.037460909,,,151.184276835,151.543411359,3345,290,8.993902439,0,0,8.669656203,2773,61.9,,,,,,,,,,1490,17.1,8315,9,10.823812387,7.086303227,38.6,15.3,18,,,69.253489067,,,71.263972709,70.016844674,42892,17,,,49.903519862,,,,39.634430663,,,,53211,32939,0.6190261412,3264,2680,82.107843137,3103,260,8.378988076,,,11,,24,18,3.982329549,800,9,11,25,,,2.851376241,,,2.851201491,,,2.41700614,,,2.419922635,,,,,,,,,,,3264,2310,70.772058824,,6148,5245,85.312296682,-36018.49,,36798,,17.359639111,510,4,7.843137255,6875,4127,60.029090909,34.5,2024,2432720310.79297,223309.958149847
"{
  ""coordinates"": [
    [
      [
        [
          -9.123294600000000e+01,
          3.356110990000000e+01
        ],
        [
          -9.123433710000000e+01,
          3.355611210000000e+01
        ],
        [
          -9.122147310000000e+01,
          3.353308210000000e+01
        ],
        [
          -9.121819470000000e+01,
          3.352939390000000e+01
        ],
        [
          -9.089848100000000e+01,
          3.353054610000000e+01
        ],
        [
          -9.087510500000000e+01,
          3.352934210000000e+01
        ],
        [
          -9.076351500000000e+01,
          3.352939510000000e+01
        ],
        [
          -9.076347500000000e+01,
          3.361617020000000e+01
        ],
        [
          -9.065860600000001e+01,
          3.361627820000000e+01
        ],
        [
          -9.065700800000000e+01,
          3.398759220000000e+01
        ],
        [
          -9.066036300000000e+01,
          3.398759120000000e+01
        ],
        [
          -9.065946300000000e+01,
          3.411887330000000e+01
        ],
        [
          -9.076477600000000e+01,
          3.411951230000000e+01
        ],
        [
          -9.078156400000000e+01,
          3.412071830000000e+01
        ],
        [
          -9.095661760000000e+01,
          3.412010100000000e+01
        ],
        [
          -9.095558440000001e+01,
          3.411888260000000e+01
        ],
        [
          -9.094769510000000e+01,
          3.410958020000000e+01
        ],
        [
          -9.092130010000000e+01,
          3.409352020000000e+01
        ],
        [
          -9.091471910000000e+01,
          3.409265620000000e+01
        ],
        [
          -9.089928810000001e+01,
          3.409520020000000e+01
        ],
        [
          -9.089322009999999e+01,
          3.409778720000000e+01
        ],
        [
          -9.088280800000000e+01,
          3.409659620000000e+01
        ],
        [
          -9.087427400000000e+01,
          3.408951120000000e+01
        ],
        [
          -9.087108900000000e+01,
          3.408118320000000e+01
        ],
        [
          -9.087451299999999e+01,
          3.407238520000000e+01
        ],
        [
          -9.088811099999999e+01,
          3.405452420000000e+01
        ],
        [
          -9.088658700000001e+01,
          3.404517320000000e+01
        ],
        [
          -9.088809200000000e+01,
          3.403256520000000e+01
        ],
        [
          -9.089260299999999e+01,
          3.402699220000000e+01
        ],
        [
          -9.090796010000000e+01,
          3.402246220000000e+01
        ],
        [
          -9.092621210000000e+01,
          3.402162120000000e+01
        ],
        [
          -9.095911610000000e+01,
          3.402682020000000e+01
        ],
        [
          -9.097108810000000e+01,
          3.402557420000000e+01
        ],
        [
          -9.098806610000000e+01,
          3.401900520000000e+01
        ],
        [
          -9.097564410000000e+01,
          3.399525420000000e+01
        ],
        [
          -9.096189110000000e+01,
          3.398035720000000e+01
        ],
        [
          -9.096326809999999e+01,
          3.396892920000000e+01
        ],
        [
          -9.096763710000000e+01,
          3.396361720000000e+01
        ],
        [
          -9.097999810000000e+01,
          3.396023320000000e+01
        ],
        [
          -9.099200010000000e+01,
          3.396196520000000e+01
        ],
        [
          -9.100057409999999e+01,
          3.396696620000000e+01
        ],
        [
          -9.101692009999999e+01,
          3.400008420000000e+01
        ],
        [
          -9.102408910000000e+01,
          3.400040020000000e+01
        ],
        [
          -9.103943210000000e+01,
          3.399319020000000e+01
        ],
        [
          -9.105093210000000e+01,
          3.399343320000000e+01
        ],
        [
          -9.106876509999999e+01,
          3.400639920000000e+01
        ],
        [
          -9.107897010000001e+01,
          3.400933720000000e+01
        ],
        [
          -9.108541810000000e+01,
          3.400751020000000e+01
        ],
        [
          -9.109049010000000e+01,
          3.399142420000000e+01
        ],
        [
          -9.108977710000001e+01,
          3.396513620000000e+01
        ],
        [
          -9.108601710000001e+01,
          3.395742520000000e+01
        ],
        [
          -9.107922610000000e+01,
          3.395430620000000e+01
        ],
        [
          -9.101913610000000e+01,
          3.394208720000000e+01
        ],
        [
          -9.101221110000000e+01,
          3.393712220000000e+01
        ],
        [
          -9.101045710000000e+01,
          3.392869520000000e+01
        ],
        [
          -9.101766110000000e+01,
          3.391748020000000e+01
        ],
        [
          -9.103144410000000e+01,
          3.390145020000000e+01
        ],
        [
          -9.106591610000000e+01,
          3.387633220000000e+01
        ],
        [
          -9.107298310000000e+01,
          3.386618520000000e+01
        ],
        [
          -9.107140010000001e+01,
          3.384954620000000e+01
        ],
        [
          -9.106644410000000e+01,
          3.383800520000000e+01
        ],
        [
          -9.104908910000000e+01,
          3.381603220000000e+01
        ],
        [
          -9.103030210000000e+01,
          3.380726820000000e+01
        ],
        [
          -9.100854010000000e+01,
          3.380282620000000e+01
        ],
        [
          -9.099343010000000e+01,
          3.379422320000000e+01
        ],
        [
          -9.098872910000000e+01,
          3.378350020000000e+01
        ],
        [
          -9.099517410000000e+01,
          3.377254620000000e+01
        ],
        [
          -9.100897110000000e+01,
          3.376597520000000e+01
        ],
        [
          -9.102276410000000e+01,
          3.376431520000000e+01
        ],
        [
          -9.103597110000000e+01,
          3.376902420000000e+01
        ],
        [
          -9.105273010000001e+01,
          3.377793220000000e+01
        ],
        [
          -9.107766710000000e+01,
          3.377433120000000e+01
        ],
        [
          -9.110898310000000e+01,
          3.377198720000000e+01
        ],
        [
          -9.111842810000000e+01,
          3.377924320000000e+01
        ],
        [
          -9.112945010000000e+01,
          3.378373220000000e+01
        ],
        [
          -9.113626510000000e+01,
          3.378103220000000e+01
        ],
        [
          -9.114363410000000e+01,
          3.377017220000000e+01
        ],
        [
          -9.114317910000000e+01,
          3.375369720000000e+01
        ],
        [
          -9.114873009999999e+01,
          3.373213320000000e+01
        ],
        [
          -9.112857510000001e+01,
          3.371109820000000e+01
        ],
        [
          -9.111694510000000e+01,
          3.370527920000000e+01
        ],
        [
          -9.110127510000000e+01,
          3.370503920000000e+01
        ],
        [
          -9.107151210000001e+01,
          3.371523120000000e+01
        ],
        [
          -9.105917510000000e+01,
          3.371452620000000e+01
        ],
        [
          -9.104391610000000e+01,
          3.370325720000000e+01
        ],
        [
          -9.103030710000000e+01,
          3.368334220000000e+01
        ],
        [
          -9.103468410000001e+01,
          3.367288820000000e+01
        ],
        [
          -9.107649610000000e+01,
          3.365902520000000e+01
        ],
        [
          -9.108755110000000e+01,
          3.365739720000000e+01
        ],
        [
          -9.110525710000000e+01,
          3.366291920000000e+01
        ],
        [
          -9.112468509999999e+01,
          3.367156020000000e+01
        ],
        [
          -9.113528610000000e+01,
          3.367886520000000e+01
        ],
        [
          -9.116037310000000e+01,
          3.370660820000000e+01
        ],
        [
          -9.116794609999999e+01,
          3.370317520000000e+01
        ],
        [
          -9.117635110000001e+01,
          3.370181220000000e+01
        ],
        [
          -9.121010910000000e+01,
          3.370051020000000e+01
        ],
        [
          -9.122040210000000e+01,
          3.369654320000000e+01
        ],
        [
          -9.122923810000000e+01,
          3.368631120000000e+01
        ],
        [
          -9.123041010000000e+01,
          3.367557510000000e+01
        ],
        [
          -9.122203709999999e+01,
          3.366272010000000e+01
        ],
        [
          -9.120881310000000e+01,
          3.365610810000000e+01
        ],
        [
          -9.118745010000001e+01,
          3.365457610000000e+01
        ],
        [
          -9.117092810000000e+01,
          3.364916110000000e+01
        ],
        [
          -9.113685810000000e+01,
          3.362624010000000e+01
        ],
        [
          -9.112873610000000e+01,
          3.360921010000000e+01
        ],
        [
          -9.113235210000001e+01,
          3.359553210000000e+01
        ],
        [
          -9.114747110000000e+01,
          3.358097510000000e+01
        ],
        [
          -9.116611210000001e+01,
          3.356971610000000e+01
        ],
        [
          -9.118283510000001e+01,
          3.356717210000000e+01
        ],
        [
          -9.120161010000000e+01,
          3.356898010000000e+01
        ],
        [
          -9.122162810000000e+01,
          3.356862710000000e+01
        ],
        [
          -9.123199010000000e+01,
          3.356454410000000e+01
        ],
        [
          -9.123294600000000e+01,
          3.356110990000000e+01
        ]
      ]
    ]
  ],
  ""type"": ""MultiPolygon""
}",1967,28,011,28011,Bolivar County,MS,85431,0,916,,2,,2,21125.465824336,,,2,,2,12489.379492724,,17975.701016155,28.5,16078,2932,18.236099017,30308,15,49.491883331,,,5018,11033,4613,4826,23.3,44.8,7960,292,,,46.476478368,,,,16.142735769,36.683417085,220415,54,,,34.250974012,,,,24.49924007,355,291.975,82.246478873,11116,533,4.794890248,2762,,,59.667314755,,17.296962182,39.2,4.489954047,2880,0,413,,,16.814159292,,,,8.507853403,14.340277778,220415,69,,,37.818783805,,,19.54897717,31.304584534,5.398422695,13343,90312,6.768492843,30308,319,1052.5,11.615024754,,,33,,33,33,29370,29370,7161,24.382022472,29370,5107,17.388491658,29370,18586,63.28226081,29370,56,0.1906707525,29370,698,2.376574736,29370,15626,53.203949608,30985,16639,53.700177505,28710,192,0.6687565308,17.4,24959,119,476.8,29370,26,88.525706503,,106250,27280,,67463,39984,4650,4650,100,10635,8947,,,81.259679917,,82.209604921,84.127879643,7649,4823,63.053993986,37.4,29370,17,0.05788219271,29370,285,0.9703779367,7499,3319,44.259234565,34145,9499.026271451,27.819669853,23135,3354,14.497514588,29370,13,44.262853252,7382,459,6.217827147,1,9.1,29370,9547,32.505958461,85431,916,,,996.755999227,,,654.070175119,864.039866259,33711,35,,,134.187516232,,,,103.823677731,3001,26,,,10.818438382,,,,,8.66377874,29370,39,132.788559755,30985,12853,41.481361949,19.7,27.819669853,3.8,36,2,5.555555556,154356,158,,,112.082492715,,,91.922784861,102.360776387,12115,2075,14.000848536,3.09533636,0.9079653322,17.127527858,10635,21.2,91078,10,,,,,,,10.979599903,6160,19.7,30308,45,14.847564999,55.694510311,36.8,15.1,18.5,,,65.652851939,,,72.362659129,68.110798769,154356,51,,,41.77620183,,,19.9832141,33.040503771,1784,159,8.912556054,46794,34529,0.7378937471,11704,6976,59.60355434,10764,1610,14.957264957,,73,29,,42,36,36.984934777,3200,26,43,21.5625,,,2.550307636,,3.189566038,2.651179011,,,2.43299342,,2.996933409,2.536509177,154356,13,8.422089196,,,,,,19.679259699,9.298437052,11704,8734,74.62406015,0.1934795844,20052,16489,82.231198883,-23082.91,,39984,,21.636154462,2072,18,8.687258687,23160,13744,59.343696028,56.1,2024,3416674096.10547,381787.538909729
"{
  ""coordinates"": [
    [
      [
        [
          -9.123490500000000e+01,
          3.187686880000000e+01
        ],
        [
          -9.124815000000000e+01,
          3.186985380000000e+01
        ],
        [
          -9.101368200000000e+01,
          3.186185780000000e+01
        ],
        [
          -9.084200590000000e+01,
          3.182650380000000e+01
        ],
        [
          -9.084039989999999e+01,
          3.180410280000000e+01
        ],
        [
          -9.085266290000000e+01,
          3.178542780000000e+01
        ],
        [
          -9.073628789999999e+01,
          3.178613980000000e+01
        ],
        [
          -9.073300589999999e+01,
          3.182998180000000e+01
        ],
        [
          -9.071679090000001e+01,
          3.184458880000000e+01
        ],
        [
          -9.071579890000000e+01,
          3.196397080000000e+01
        ],
        [
          -9.071441090000000e+01,
          3.197763480000000e+01
        ],
        [
          -9.071830290000000e+01,
          3.204835780000000e+01
        ],
        [
          -9.072862790000001e+01,
          3.222512490000000e+01
        ],
        [
          -9.073849590000000e+01,
          3.220558290000000e+01
        ],
        [
          -9.075435589999999e+01,
          3.220620290000000e+01
        ],
        [
          -9.075040389999999e+01,
          3.219697590000000e+01
        ],
        [
          -9.077719290000000e+01,
          3.219359290000000e+01
        ],
        [
          -9.079005590000000e+01,
          3.217472190000000e+01
        ],
        [
          -9.078070090000000e+01,
          3.217188790000000e+01
        ],
        [
          -9.077482590000000e+01,
          3.215399890000000e+01
        ],
        [
          -9.079225990000000e+01,
          3.214445090000000e+01
        ],
        [
          -9.080332890000000e+01,
          3.215258290000000e+01
        ],
        [
          -9.081924290000001e+01,
          3.213728190000000e+01
        ],
        [
          -9.082965990000000e+01,
          3.214486290000000e+01
        ],
        [
          -9.082611390000000e+01,
          3.215627890000000e+01
        ],
        [
          -9.084384890000000e+01,
          3.215904490000000e+01
        ],
        [
          -9.085801690000000e+01,
          3.214357990000000e+01
        ],
        [
          -9.084379290000000e+01,
          3.213862190000000e+01
        ],
        [
          -9.084612090000000e+01,
          3.212817980000000e+01
        ],
        [
          -9.088256389999999e+01,
          3.211453980000000e+01
        ],
        [
          -9.090774589999999e+01,
          3.213189380000000e+01
        ],
        [
          -9.092173889999999e+01,
          3.211784980000000e+01
        ],
        [
          -9.092432590000000e+01,
          3.209748280000000e+01
        ],
        [
          -9.091383990000000e+01,
          3.209606680000000e+01
        ],
        [
          -9.091795790000000e+01,
          3.208068980000000e+01
        ],
        [
          -9.094280790000001e+01,
          3.207835980000000e+01
        ],
        [
          -9.095770500000000e+01,
          3.209034480000000e+01
        ],
        [
          -9.096301600000000e+01,
          3.210532680000000e+01
        ],
        [
          -9.097034600000001e+01,
          3.209461780000000e+01
        ],
        [
          -9.099030500000001e+01,
          3.209699180000000e+01
        ],
        [
          -9.103071250000001e+01,
          3.211434270000000e+01
        ],
        [
          -9.103051300000000e+01,
          3.210815880000000e+01
        ],
        [
          -9.103471300000000e+01,
          3.210105880000000e+01
        ],
        [
          -9.103861300000000e+01,
          3.209825980000000e+01
        ],
        [
          -9.106668500000001e+01,
          3.208533580000000e+01
        ],
        [
          -9.108001400000001e+01,
          3.207915980000000e+01
        ],
        [
          -9.108151400000000e+01,
          3.207775980000000e+01
        ],
        [
          -9.108171400000001e+01,
          3.207575980000000e+01
        ],
        [
          -9.107911400000000e+01,
          3.205026080000000e+01
        ],
        [
          -9.108021400000000e+01,
          3.204836080000000e+01
        ],
        [
          -9.108231400000000e+01,
          3.204756080000000e+01
        ],
        [
          -9.109871400000000e+01,
          3.204836080000000e+01
        ],
        [
          -9.110371400000000e+01,
          3.205026080000000e+01
        ],
        [
          -9.111431500000000e+01,
          3.205826080000000e+01
        ],
        [
          -9.112411500000000e+01,
          3.207185980000000e+01
        ],
        [
          -9.112861500000000e+01,
          3.207655980000000e+01
        ],
        [
          -9.113491500000001e+01,
          3.208035980000000e+01
        ],
        [
          -9.113931500000000e+01,
          3.208175980000000e+01
        ],
        [
          -9.114511600000000e+01,
          3.208135980000000e+01
        ],
        [
          -9.114881600000000e+01,
          3.208015980000000e+01
        ],
        [
          -9.115581600000000e+01,
          3.207555980000000e+01
        ],
        [
          -9.116031599999999e+01,
          3.207035980000000e+01
        ],
        [
          -9.116161600000000e+01,
          3.206775980000000e+01
        ],
        [
          -9.116201599999999e+01,
          3.206535980000000e+01
        ],
        [
          -9.116201599999999e+01,
          3.206236080000000e+01
        ],
        [
          -9.116131600000000e+01,
          3.205976080000000e+01
        ],
        [
          -9.115901599999999e+01,
          3.205596080000000e+01
        ],
        [
          -9.115631600000000e+01,
          3.205266080000000e+01
        ],
        [
          -9.115141600000000e+01,
          3.204926080000000e+01
        ],
        [
          -9.114511600000000e+01,
          3.204656080000000e+01
        ],
        [
          -9.112511499999999e+01,
          3.204286080000000e+01
        ],
        [
          -9.109551399999999e+01,
          3.203746080000000e+01
        ],
        [
          -9.108811400000000e+01,
          3.203446080000000e+01
        ],
        [
          -9.108441400000000e+01,
          3.203146180000000e+01
        ],
        [
          -9.108261400000001e+01,
          3.202866180000000e+01
        ],
        [
          -9.108081400000000e+01,
          3.202346180000000e+01
        ],
        [
          -9.107993399999999e+01,
          3.201832180000000e+01
        ],
        [
          -9.107591400000000e+01,
          3.201683380000000e+01
        ],
        [
          -9.109011099999999e+01,
          3.200016280000000e+01
        ],
        [
          -9.109611400000000e+01,
          3.199486280000000e+01
        ],
        [
          -9.110411400000000e+01,
          3.199036280000000e+01
        ],
        [
          -9.111741499999999e+01,
          3.198706280000000e+01
        ],
        [
          -9.116441600000000e+01,
          3.198256280000000e+01
        ],
        [
          -9.117021600000000e+01,
          3.197906280000000e+01
        ],
        [
          -9.117741599999999e+01,
          3.197326280000000e+01
        ],
        [
          -9.118481600000000e+01,
          3.196556280000000e+01
        ],
        [
          -9.118831600000000e+01,
          3.196096380000000e+01
        ],
        [
          -9.118911600000000e+01,
          3.195746380000000e+01
        ],
        [
          -9.118881600000000e+01,
          3.195316380000000e+01
        ],
        [
          -9.118951600000000e+01,
          3.194636380000000e+01
        ],
        [
          -9.119321600000001e+01,
          3.193566380000000e+01
        ],
        [
          -9.119291600000000e+01,
          3.193496380000000e+01
        ],
        [
          -9.119111599999999e+01,
          3.193416380000000e+01
        ],
        [
          -9.118471599999999e+01,
          3.193506380000000e+01
        ],
        [
          -9.118371600000000e+01,
          3.193316380000000e+01
        ],
        [
          -9.118491600000000e+01,
          3.192376480000000e+01
        ],
        [
          -9.118111600000000e+01,
          3.192006480000000e+01
        ],
        [
          -9.118061600000000e+01,
          3.191796480000000e+01
        ],
        [
          -9.118321600000000e+01,
          3.191616480000000e+01
        ],
        [
          -9.118921600000000e+01,
          3.191426480000000e+01
        ],
        [
          -9.119081600000000e+01,
          3.191296480000000e+01
        ],
        [
          -9.119261600000000e+01,
          3.191016480000000e+01
        ],
        [
          -9.119381600000000e+01,
          3.190956480000000e+01
        ],
        [
          -9.119751599999999e+01,
          3.190866480000000e+01
        ],
        [
          -9.120101600000000e+01,
          3.190916480000000e+01
        ],
        [
          -9.120281600000000e+01,
          3.190796480000000e+01
        ],
        [
          -9.120511600000000e+01,
          3.190416480000000e+01
        ],
        [
          -9.120881600000000e+01,
          3.190046480000000e+01
        ],
        [
          -9.122695700000000e+01,
          3.188511080000000e+01
        ],
        [
          -9.123490500000000e+01,
          3.187686880000000e+01
        ]
      ]
    ]
  ],
  ""type"": ""MultiPolygon""
}",1968,28,021,28021,Claiborne County,MS,25044,0,205,,2,,2,17902.058355634,,,2,,2,19117.893088331,1,17051.3561262,32.4,4134,717,17.343976778,8908,4,44.903457566,,,8548,,5185,7357,25.3,51.2,3361,101,,,30.818619583,,,,,30.050580184,63048,15,,,27.905938384,,,,23.791397031,101,88.375,87.5,2904,238,8.195592287,802,,,36.132465996,,48.192771084,43.1,4.768659743,795,0,135,,,17.432432432,,,,,16.981132075,63048,26,,,46.509897306,,,,41.23842152,5.253971703,12497,71873,5.751220293,8908,0,0,11.117778933,,,44,,34,41,8805,8805,1886,21.419647927,8805,1599,18.160136286,8805,7497,85.144804089,8805,23,0.2612152186,8805,166,1.885292447,8805,4646,52.765474162,9135,9135,100,8492,0,0,19.8,7585,30,395.5,8805,3,34.071550256,,,33040,,43125,35591,1233,1233,100,2466,2089,,,82.180189149,,90.738569754,84.712084347,1732,916,52.886836028,40.6,8805,4,0.04542873367,8805,65,0.7382169222,1926,793,41.173416407,9604,878.649832895,9.14879043,5837,809,13.859859517,8805,3,34.071550256,1786,96,5.375139978,0,8.4,8805,977,11.0959682,25044,205,,,830.370043071,,,550.373214246,753.432533687,9992,10,,,,,,,100.080064051,,,,,,,,,,,8805,11,124.929017604,9135,3256,35.643130816,19.2,9.14879043,5.8,15,7,46.666666667,44759,44,,,107.052403457,,,,98.304251659,2900,320,9.213051823,2.413793103,0.275862069,11.034482759,2466,43.3,,,,,,,,,,1750,19.2,8908,5,5.612932196,30.723759,41.7,16,19.1,,,68.608979064,,,,69.556670121,44759,13,,,31.332410768,,,,29.04443799,,,,33021,31063,0.9407044002,2624,1980,75.457317073,2241,256,11.423471664,,,31,,45,37,10.922341782,800,-888,7,,,,3.205803704,,,3.229718947,,,3.039100978,,,3.065677594,,,,,,,,,,,2624,1942,74.009146341,,5119,4205,82.144950186,-36767.9,,35591,,23.413222444,533,7,13.133208255,7020,4449,63.376068376,44.8,2024,1811474675.44141,257254.265699665
"{
  ""coordinates"": [
    [
      [
        [
          -9.193323520000000e+01,
          3.206688780000000e+01
        ],
        [
          -9.192211420000000e+01,
          3.206630280000000e+01
        ],
        [
          -9.190902020000000e+01,
          3.204621580000000e+01
        ],
        [
          -9.189850220000000e+01,
          3.204019880000000e+01
        ],
        [
          -9.190282120000001e+01,
          3.202544980000000e+01
        ],
        [
          -9.189438520000000e+01,
          3.201055680000000e+01
        ],
        [
          -9.190205720000000e+01,
          3.199581080000000e+01
        ],
        [
          -9.188982919999999e+01,
          3.197169580000000e+01
        ],
        [
          -9.184451520000000e+01,
          3.195326280000000e+01
        ],
        [
          -9.185029520000001e+01,
          3.194486780000000e+01
        ],
        [
          -9.182355320000001e+01,
          3.191782180000000e+01
        ],
        [
          -9.180480319999999e+01,
          3.191847180000000e+01
        ],
        [
          -9.179498120000000e+01,
          3.190287480000000e+01
        ],
        [
          -9.180487520000000e+01,
          3.189319880000000e+01
        ],
        [
          -9.177866120000000e+01,
          3.188769180000000e+01
        ],
        [
          -9.177983519999999e+01,
          3.187190180000000e+01
        ],
        [
          -9.175667319999999e+01,
          3.188469180000000e+01
        ],
        [
          -9.172916420000000e+01,
          3.188251580000000e+01
        ],
        [
          -9.172222720000001e+01,
          3.189308680000000e+01
        ],
        [
          -9.169659609999999e+01,
          3.190350580000000e+01
        ],
        [
          -9.168217509999999e+01,
          3.192352180000000e+01
        ],
        [
          -9.167033110000000e+01,
          3.192531880000000e+01
        ],
        [
          -9.165502810000000e+01,
          3.195005480000000e+01
        ],
        [
          -9.164753510000000e+01,
          3.197053080000000e+01
        ],
        [
          -9.159644310000000e+01,
          3.197040680000000e+01
        ],
        [
          -9.159704809999999e+01,
          3.188324880000000e+01
        ],
        [
          -9.157535210000000e+01,
          3.188327180000000e+01
        ],
        [
          -9.156922710000001e+01,
          3.189356580000000e+01
        ],
        [
          -9.154322610000000e+01,
          3.191376480000000e+01
        ],
        [
          -9.152502210000000e+01,
          3.191552480000000e+01
        ],
        [
          -9.151138010000000e+01,
          3.193003080000000e+01
        ],
        [
          -9.151281010000000e+01,
          3.195409780000000e+01
        ],
        [
          -9.152821010000000e+01,
          3.195934880000000e+01
        ],
        [
          -9.151218410000000e+01,
          3.197536080000000e+01
        ],
        [
          -9.151478810000000e+01,
          3.198540180000000e+01
        ],
        [
          -9.149843210000000e+01,
          3.199073380000000e+01
        ],
        [
          -9.149734810000000e+01,
          3.201056280000000e+01
        ],
        [
          -9.151001810000000e+01,
          3.202054480000000e+01
        ],
        [
          -9.150171109999999e+01,
          3.204587480000000e+01
        ],
        [
          -9.150173610000000e+01,
          3.206638380000000e+01
        ],
        [
          -9.148976709999999e+01,
          3.209242780000000e+01
        ],
        [
          -9.150971410000000e+01,
          3.209785280000000e+01
        ],
        [
          -9.150123010000000e+01,
          3.210577580000000e+01
        ],
        [
          -9.150573009999999e+01,
          3.214577980000000e+01
        ],
        [
          -9.149503510000000e+01,
          3.214866880000000e+01
        ],
        [
          -9.149358010000000e+01,
          3.220325280000000e+01
        ],
        [
          -9.153588710000000e+01,
          3.220411380000000e+01
        ],
        [
          -9.154656610000001e+01,
          3.221007680000000e+01
        ],
        [
          -9.152575810000000e+01,
          3.222083780000000e+01
        ],
        [
          -9.150946610000000e+01,
          3.224419980000000e+01
        ],
        [
          -9.152510510000000e+01,
          3.223433180000000e+01
        ],
        [
          -9.155720510000000e+01,
          3.224965980000000e+01
        ],
        [
          -9.154302710000000e+01,
          3.225901180000000e+01
        ],
        [
          -9.152364410000000e+01,
          3.225305080000000e+01
        ],
        [
          -9.152672509999999e+01,
          3.230068090000000e+01
        ],
        [
          -9.150331610000001e+01,
          3.229519690000000e+01
        ],
        [
          -9.150411310000000e+01,
          3.231345490000000e+01
        ],
        [
          -9.147239709999999e+01,
          3.231653490000000e+01
        ],
        [
          -9.147810010000001e+01,
          3.234292290000000e+01
        ],
        [
          -9.149434210000000e+01,
          3.233865790000000e+01
        ],
        [
          -9.150053509999999e+01,
          3.234772390000000e+01
        ],
        [
          -9.148499210000000e+01,
          3.236654090000000e+01
        ],
        [
          -9.148053810000000e+01,
          3.235524590000000e+01
        ],
        [
          -9.146595809999999e+01,
          3.235105890000000e+01
        ],
        [
          -9.145068410000000e+01,
          3.236173690000000e+01
        ],
        [
          -9.145171110000000e+01,
          3.236856290000000e+01
        ],
        [
          -9.147579810000001e+01,
          3.238515390000000e+01
        ],
        [
          -9.148320310000000e+01,
          3.240226290000000e+01
        ],
        [
          -9.147650109999999e+01,
          3.240556990000000e+01
        ],
        [
          -9.163507820000000e+01,
          3.240571590000000e+01
        ],
        [
          -9.165830420000000e+01,
          3.238617590000000e+01
        ],
        [
          -9.168025919999999e+01,
          3.238354990000000e+01
        ],
        [
          -9.168039220000000e+01,
          3.237314990000000e+01
        ],
        [
          -9.169883020000000e+01,
          3.236959990000000e+01
        ],
        [
          -9.170154420000000e+01,
          3.234488490000000e+01
        ],
        [
          -9.172319419999999e+01,
          3.233362690000000e+01
        ],
        [
          -9.176130620000001e+01,
          3.233499490000000e+01
        ],
        [
          -9.176185620000000e+01,
          3.229850980000000e+01
        ],
        [
          -9.177412320000001e+01,
          3.227735680000000e+01
        ],
        [
          -9.176917120000000e+01,
          3.225719380000000e+01
        ],
        [
          -9.177502520000000e+01,
          3.224333880000000e+01
        ],
        [
          -9.179705420000001e+01,
          3.222513080000000e+01
        ],
        [
          -9.181977420000000e+01,
          3.221367780000000e+01
        ],
        [
          -9.183050919999999e+01,
          3.218101880000000e+01
        ],
        [
          -9.183729120000000e+01,
          3.217616380000000e+01
        ],
        [
          -9.187274020000000e+01,
          3.217182980000000e+01
        ],
        [
          -9.189473520000000e+01,
          3.215155580000000e+01
        ],
        [
          -9.189439120000000e+01,
          3.213799280000000e+01
        ],
        [
          -9.188308420000000e+01,
          3.213235280000000e+01
        ],
        [
          -9.186948320000000e+01,
          3.211535980000000e+01
        ],
        [
          -9.187447220000000e+01,
          3.210406980000000e+01
        ],
        [
          -9.186820820000000e+01,
          3.209156080000000e+01
        ],
        [
          -9.189802320000000e+01,
          3.208557080000000e+01
        ],
        [
          -9.190353320000000e+01,
          3.207581480000000e+01
        ],
        [
          -9.191108720000000e+01,
          3.208504580000000e+01
        ],
        [
          -9.193323520000000e+01,
          3.206688780000000e+01
        ]
      ]
    ]
  ],
  ""type"": ""MultiPolygon""
}",1980,22,041,22041,Franklin Parish,LA,54603,0,459,,2,,2,15898.330161023,,,2,,2,11254.164340381,,12390.515707974,25.6,10683,1473,13.788261724,19668,11,55.928411633,,,7194,,4746,5130,27.8,44.1,4355,191,,,56.101792944,,,,36.267318663,43.857634902,140562,17,,,26.981450253,,,,12.094307138,139,114.675,82.5,7448,356,4.77980666,1699,,,54.808743169,,27.516059957,35.4,4.996943354,1834,0,237,,,18.703241895,,,,8.383233533,12.92257361,140562,43,,,26.981450253,,,30.580037788,30.591482762,6.235100592,16927,91592,5.411000177,19668,167,849.1,15.727304212,,,34,,31,31,19308,19308,4847,25.103584007,19308,3726,19.297700435,19308,5975,30.945721981,19308,69,0.3573648229,19308,342,1.771286513,19308,10046,52.03024653,19774,14632,73.996156569,18433,24,0.1302012695,14.1,16247,61,375.5,19308,31,160.555210276,,,31660,,48597,38584,2808,1862,66.310541311,6500,5382,,,84.773413897,,87.61820331,82.8,4679,1652,35.306689464,36.5,19308,7,0.03625440232,19308,83,0.4298736275,4916,2015,40.988608625,20767,2706.53176871,13.032849081,15358,1678,10.92590181,19308,3,15.537600994,4924,222,4.508529651,1,8.3,19308,12665,65.594572198,54603,459,,,830.216112902,,,585.028105964,640.744279827,21743,10,,,,,,,45.991813457,,,,,,,,,,,19308,41,212.34721359,19774,8003,40.472337413,15.7,13.032849081,6.2,23,11,47.826086957,99822,90,,,79.126444058,,,97.045503558,90.160485664,7505,1285,13.710344828,1.865423051,2.53164557,17.121918721,6500,31.8,,,,,,,,,,3130,15.7,19668,29,14.744763067,43.889137375,39.3,16,21.6,,,69.394246941,,,73.195232919,72.358253537,99822,16,,,,,,,16.028530785,,,,51835,35169,0.6784797916,7308,5464,74.767378216,6654,883,13.270213405,,,26,,26,26,16.038195337,,,,,,,,,,,,,,,,,99822,11,11.019614915,,,,,,,11.522039607,7308,4661,63.779419814,0.1159382564,13110,10253,78.20747521,-12557.69,,38584,,41.198424217,1341,10,7.457121551,14960,9720,64.973262032,55.7,2024,2297613516.89844,281685.507882923
"{
  ""coordinates"": [
    [
      [
        [
          -8.945405560000000e+01,
          3.343320620000000e+01
        ],
        [
          -8.945381360000000e+01,
          3.328594810000000e+01
        ],
        [
          -8.931641360000000e+01,
          3.328556210000000e+01
        ],
        [
          -8.931786060000000e+01,
          3.310887710000000e+01
        ],
        [
          -8.921392650000000e+01,
          3.310940810000000e+01
        ],
        [
          -8.921342749999999e+01,
          3.319754910000000e+01
        ],
        [
          -8.910890550000001e+01,
          3.319806510000000e+01
        ],
        [
          -8.910889150000000e+01,
          3.328594320000000e+01
        ],
        [
          -8.908826050000000e+01,
          3.328600920000000e+01
        ],
        [
          -8.908865750000000e+01,
          3.344582720000000e+01
        ],
        [
          -8.908844350000000e+01,
          3.353252420000000e+01
        ],
        [
          -8.908845150000001e+01,
          3.353320820000000e+01
        ],
        [
          -8.918096850000001e+01,
          3.353285120000000e+01
        ],
        [
          -8.922447860000000e+01,
          3.352604120000000e+01
        ],
        [
          -8.924603260000001e+01,
          3.351623520000000e+01
        ],
        [
          -8.926148660000000e+01,
          3.351863420000000e+01
        ],
        [
          -8.929614560000000e+01,
          3.350674020000000e+01
        ],
        [
          -8.931897960000001e+01,
          3.349433020000000e+01
        ],
        [
          -8.934054759999999e+01,
          3.346942020000000e+01
        ],
        [
          -8.936244360000001e+01,
          3.347340320000000e+01
        ],
        [
          -8.938109760000000e+01,
          3.346031320000000e+01
        ],
        [
          -8.940227760000001e+01,
          3.345277520000000e+01
        ],
        [
          -8.942220759999999e+01,
          3.342950720000000e+01
        ],
        [
          -8.944633159999999e+01,
          3.343984320000000e+01
        ],
        [
          -8.945405560000000e+01,
          3.343320620000000e+01
        ]
      ]
    ]
  ],
  ""type"": ""MultiPolygon""
}",1981,28,019,28019,Choctaw County,MS,21898,0,183,,2,,2,16616.478571462,,,2,,2,10452.158986155,,11991.868853474,22.4,4486,784,17.476593848,8106,1,12.336540834,,,3564,,4365,4297,21.2,38.4,1536,52,,,44.943820225,,,,28.818443804,33.854166667,,,,,,,,,,,,,3568,131,3.671524664,474,,,47.222222222,,19.53271028,28.8,4.053810124,596,0,71,,,21.428571429,,,,7.455012853,11.912751678,57476,22,,,,,,44.079135012,38.276845988,4.817078783,19232,93898,4.882383527,8106,25,308.4,13.320907758,,,45,,38,40,8037,8037,1682,20.928207042,8037,1862,23.1678487,8037,2328,28.966032102,8037,25,0.3110613413,8037,160,1.990792584,8037,4090,50.889635436,8246,8246,100,7848,0,0,12.3,6913,7,101.3,8037,12,149.309443822,,,24395,,62823,49225,1218,1209,99.261083744,3131,2533,,,,,79.634300126,80.900670712,1840,1036,56.304347826,31.5,8037,2,0.0248849073,8037,42,0.5225830534,1721,498,28.93666473,8547,543.267334347,6.356234168,6185,911,14.729183508,8037,3,37.327360956,1782,137,7.687991021,0,9.2,8037,5378,66.91551574,21898,183,,,741.916514943,,,538.215048447,588.458162832,,,,,,,,,,,,,,,,,,,,8037,10,124.424536519,8246,953,11.557118603,16.5,6.356234168,6.7,12,1,8.333333333,40935,50,,,107.71397796,,,134.849478825,122.144863808,3355,260,6.594399277,1.013412817,0.2980625931,7.749627422,3131,52.8,,,,,,,,,,1370,16.5,8106,7,8.635578584,34.373596216,35.1,12.9,17.2,,,70.227298644,,,75.106150454,74.041740138,40935,11,,,,,,,26.871870038,,,,50284,36211,0.7201296635,3532,2692,76.217440544,3248,308,9.482758621,,,23,,34,31,0.8075260253,800,0,0,0,,,2.813358205,,3.404264892,3.190082754,,,2.718081971,,3.208509466,3.035199726,,,,,,,,,,,3532,2811,79.586636467,0.05561007423,5759,5007,86.942177461,-11736.76,,49225,,15.246317928,368,2,5.434782609,6420,4223,65.778816199,51.6,2024,1565092559.05859,187168.945278319
"{
  ""coordinates"": [
    [
      [
        [
          -9.073682990000000e+01,
          3.169849680000000e+01
        ],
        [
          -9.073733590000001e+01,
          3.161112970000000e+01
        ],
        [
          -9.063323680000001e+01,
          3.161141470000000e+01
        ],
        [
          -9.063330780000000e+01,
          3.134931170000000e+01
        ],
        [
          -9.054820479999999e+01,
          3.134957970000000e+01
        ],
        [
          -9.026039670000000e+01,
          3.135027970000000e+01
        ],
        [
          -9.024389570000000e+01,
          3.135027970000000e+01
        ],
        [
          -9.024519669999999e+01,
          3.171752980000000e+01
        ],
        [
          -9.025900870000000e+01,
          3.170392180000000e+01
        ],
        [
          -9.027995880000000e+01,
          3.169987080000000e+01
        ],
        [
          -9.038008480000001e+01,
          3.170021080000000e+01
        ],
        [
          -9.037941480000001e+01,
          3.168519980000000e+01
        ],
        [
          -9.041364580000000e+01,
          3.168528580000000e+01
        ],
        [
          -9.041420380000000e+01,
          3.170046180000000e+01
        ],
        [
          -9.073682990000000e+01,
          3.169849680000000e+01
        ]
      ]
    ]
  ],
  ""type"": ""MultiPolygon""
}",1989,28,085,28085,Lincoln County,MS,95739,0,807,,2,,2,18081.029940476,,,2,,2,11829.426001121,,13554.834251428,21.3,20238,3614,17.8574958,34943,14,40.06524912,,,2250,,2356,2498,20.1,41.8,7745,247,,,44.639132249,,,,26.897788404,31.891542931,240756,53,,,52.2696011,,,9.291262497,22.013989267,446,403.9,90.560538117,14796,549,3.710462287,2147,,,41.235521236,,24.804534793,27.6,4.012330769,2834,0,321,,,17.333333333,,,,8.582089552,11.326746648,240756,66,,,17.88170564,,,31.590292489,27.413647012,5.003183966,16339,106480,6.5169227,34943,202,578.1,14.235029755,,,41,,34,35,34717,34717,7948,22.89368321,34717,6205,17.873088112,34717,10236,29.484114411,34717,94,0.2707607224,34717,474,1.365325345,34717,17928,51.640406717,34907,24755,70.91700805,32848,54,0.1643935704,12,29425,55,186.9,34717,46,132.499927989,,42279,30066,16522,58837,48596,5534,5504,99.457896639,13497,11878,,,94.990488269,,87.111760021,88.004741794,8570,5238,61.120186698,31.1,34717,18,0.05184779791,34717,184,0.529999712,8018,2374,29.608381142,34869,2570.679310703,7.37239184,28080,4162,14.821937322,34717,15,43.206498257,8244,600,7.278020378,0,8.8,34717,23385,67.358930783,95739,807,,,877.691618555,,,564.05596606,646.678245657,34869,26,,,99.818511797,,,63.000630006,74.564799679,2841,26,,,,,,,,9.151707145,34717,55,158.423826944,34907,15995,45.821754949,15.6,7.37239184,6.8,47,6,12.765957447,171584,184,,,122.306348282,,,104.201943366,107.236105931,13125,2190,11.922621398,3.961904762,1.371428571,16.685714286,13497,29.4,103032,19,,,,,,24.620197251,18.440872739,5450,15.6,34943,55,15.739919297,48.774707479,33.6,12.6,17.4,,,67.879372556,,,72.808812683,71.465327768,171584,61,,,69.889341875,,,21.708738201,35.551100336,,,,53071,35931,0.6770364229,13070,9866,75.485845448,11819,1567,13.258312886,,,38,,46,44,28.874114035,3700,40,17,15.405405405,,,2.553356808,,3.361823164,3.041312403,,,2.434069471,,3.126892258,2.849730477,171584,29,16.901342783,,,19.174295501,,,17.438886945,17.696776608,13070,10520,80.489671002,0.1908178078,23899,20873,87.338382359,-7945.134,,48596,,17.299777759,2043,12,5.873715125,26010,16801,64.594386774,56.3,2024,2106077324.78906,208109.481626145
"{
  ""coordinates"": [
    [
      [
        [
          -8.854218240000000e+01,
          3.433799440000000e+01
        ],
        [
          -8.854335740000000e+01,
          3.408905030000000e+01
        ],
        [
          -8.820378940000001e+01,
          3.408656060000000e+01
        ],
        [
          -8.820020130000000e+01,
          3.411595440000000e+01
        ],
        [
          -8.819213329999999e+01,
          3.417535740000000e+01
        ],
        [
          -8.819068330000000e+01,
          3.419012940000000e+01
        ],
        [
          -8.818762529999999e+01,
          3.420478440000000e+01
        ],
        [
          -8.818667230000000e+01,
          3.422095840000000e+01
        ],
        [
          -8.817689430000000e+01,
          3.429386440000000e+01
        ],
        [
          -8.817587229999999e+01,
          3.430217740000000e+01
        ],
        [
          -8.817363730000000e+01,
          3.432106040000000e+01
        ],
        [
          -8.816591529999999e+01,
          3.438093240000000e+01
        ],
        [
          -8.816563930000000e+01,
          3.438310840000000e+01
        ],
        [
          -8.815629730000001e+01,
          3.446322040000000e+01
        ],
        [
          -8.832919840000000e+01,
          3.446357740000000e+01
        ],
        [
          -8.854208439999999e+01,
          3.446528240000000e+01
        ],
        [
          -8.854218240000000e+01,
          3.433799440000000e+01
        ]
      ]
    ]
  ],
  ""type"": ""MultiPolygon""
}",2016,28,057,28057,Itawamba County,MS,64873,0,498,,2,,2,17205.711479483,1,,2,,2,10552.394896699,,10721.926435591,19,13700,2592,18.919708029,23838,4,16.779931202,,,,,2657,2679,20,35.9,6044,187,,,12.755102041,,,,33.525094227,30.939774983,,,,,,,,,,235,204.45,87,10261,351,3.420719228,847,,,,,8.232880226,17.3,3.875331843,1885,0,207,,,20.175438596,,,,10.292397661,10.981432361,164652,48,,,,,,30.436047101,29.15239414,4.967224257,25796,103388,4.007908203,23838,0,0,15.809803749,,,42,,43,43,23903,23903,5000,20.917876417,23903,4238,17.729992051,23903,1751,7.325440321,23903,83,0.3472367485,23903,481,2.012299711,23903,12021,50.290758482,23863,23863,100,22647,55,0.2428577737,10.4,20211,41,202.9,23903,7,29.285026984,,,61758,36750,56660,56484,3391,3373,99.469183132,10630,9168,,,,,86.236253991,86.246472248,5683,3265,57.452049974,28.1,23903,10,0.04183575283,23903,127,0.531314061,5041,1004,19.916683198,23401,1545.821826765,6.605793884,18884,3006,15.918237662,23903,4,16.734301134,5443,455,8.359360647,0,9,23903,21196,88.675061708,64873,498,,,811.633553834,,,575.193667383,577.100704064,23839,19,,,,,,92.624189538,79.701329754,,,,,,,,,,,23903,28,117.140107936,23863,9495,39.789632485,13.3,6.605793884,7.3,32,5,15.625,117514,115,,,,,,101.552712501,97.86068043,8525,710,6.203208556,0.633431085,1.700879765,8.328445748,10630,41,,,,,,,,,,3180,13.3,23838,25,10.487457001,69.995205092,32.4,12,17,,,,,,72.874418205,72.921795993,117514,21,,,,,,17.083633879,17.870211209,,,,50490,33985,0.6731035849,8976,7160,79.768270945,8535,563,6.596367897,,,33,,49,49,5.81450836,2400,-888,29,,,,2.533841554,,2.951365732,2.921001535,,,2.687009535,,3.031331204,3.002183687,117514,17,14.466361455,,,,,,14.928348444,15.193115354,8976,7038,78.409090909,0.08622884733,15997,13637,85.247233856,-1888.494,,56484,,14.092486368,1295,10,7.722007722,18295,10819,59.136376059,61.8,2024,2048156399.35938,182459.106729809
"{
  ""coordinates"": [
    [
      [
        [
          -9.023997690000000e+01,
          3.462624340000000e+01
        ],
        [
          -9.023659690000000e+01,
          3.460764140000000e+01
        ],
        [
          -9.022443690000000e+01,
          3.457638640000000e+01
        ],
        [
          -9.021108190000000e+01,
          3.457310340000000e+01
        ],
        [
          -9.021829590000000e+01,
          3.455949740000000e+01
        ],
        [
          -9.019863690000000e+01,
          3.455443140000000e+01
        ],
        [
          -8.972134680000001e+01,
          3.455428040000000e+01
        ],
        [
          -8.966845370000000e+01,
          3.455437340000000e+01
        ],
        [
          -8.966918880000000e+01,
          3.468560340000000e+01
        ],
        [
          -8.972233880000000e+01,
          3.468551040000000e+01
        ],
        [
          -8.972344780000000e+01,
          3.477231740000000e+01
        ],
        [
          -8.991220780000000e+01,
          3.477251240000000e+01
        ],
        [
          -8.992516380000001e+01,
          3.475154240000000e+01
        ],
        [
          -8.995505180000001e+01,
          3.473820640000000e+01
        ],
        [
          -8.995405380000000e+01,
          3.472698540000000e+01
        ],
        [
          -8.998228779999999e+01,
          3.472550740000000e+01
        ],
        [
          -9.002914989999999e+01,
          3.470818240000000e+01
        ],
        [
          -9.005349289999999e+01,
          3.471235940000000e+01
        ],
        [
          -9.006057389999999e+01,
          3.472818340000000e+01
        ],
        [
          -9.007466290000001e+01,
          3.472531840000000e+01
        ],
        [
          -9.009062290000000e+01,
          3.473585540000000e+01
        ],
        [
          -9.010163990000000e+01,
          3.473152140000000e+01
        ],
        [
          -9.011565589999999e+01,
          3.475136440000000e+01
        ],
        [
          -9.012891190000001e+01,
          3.476054340000000e+01
        ],
        [
          -9.015319890000001e+01,
          3.475675440000000e+01
        ],
        [
          -9.017148890000000e+01,
          3.475901640000000e+01
        ],
        [
          -9.019246590000000e+01,
          3.472489840000000e+01
        ],
        [
          -9.020020490000000e+01,
          3.472442440000000e+01
        ],
        [
          -9.022230790000000e+01,
          3.471577040000000e+01
        ],
        [
          -9.023141790000000e+01,
          3.470199740000000e+01
        ],
        [
          -9.022045190000000e+01,
          3.468993740000000e+01
        ],
        [
          -9.022493990000000e+01,
          3.467295840000000e+01
        ],
        [
          -9.021514689999999e+01,
          3.466040040000000e+01
        ],
        [
          -9.021633090000000e+01,
          3.464688040000000e+01
        ],
        [
          -9.023997690000000e+01,
          3.462624340000000e+01
        ]
      ]
    ]
  ],
  ""type"": ""MultiPolygon""
}",2081,28,137,28137,Tate County,MS,79407,0,601,,2,,2,16417.385356417,,,2,,2,10568.545955398,,12479.909070571,20.8,16056,2790,17.376681614,28234,7,24.792803003,,,6175,,4091,4416,19.8,40.1,8211,194,,,29.553485384,,,,20.824199912,23.626842041,198791,19,,,19.578730972,,,,9.557776761,325,258.825,79.638461538,12125,475,3.917525773,1635,,,37.936344969,20.123839009,16.923076923,26.7,3.849694088,2347,0,219,,,14.735516373,,,,6.657515443,9.331060929,198791,72,,,32.631218287,,,35.776227475,36.218943514,4.800621673,25730,111333,4.326972406,28234,167,591.5,15.123466108,,,30,,26,27,28296,28296,6319,22.331778343,28296,4791,16.931721798,28296,8363,29.555414193,28296,91,0.3216002262,28296,1025,3.62242013,28296,14513,51.289934973,28064,21247,75.709093501,26447,129,0.4877679888,11.8,23796,37,155.5,28296,10,35.340684196,,,39688,63370,67725,58623,3687,3660,99.267697315,11725,10720,,,88.673020528,,85.811361783,91.428571429,6535,3878,59.342004591,29.8,28296,24,0.08481764207,28296,87,0.3074639525,6304,1895,30.060279188,28886,4064.568262477,14.071066477,22300,3202,14.358744395,28296,11,38.874752615,6578,455,6.916996047,0,8.9,28296,18253,64.507350862,79407,601,,,706.340224955,,,543.669938496,588.300572891,30499,25,,,112.888052681,,,62.322946176,81.969900652,2395,24,,,,,,,,10.020876827,28296,29,102.487984167,28064,11844,42.203534778,14.2,14.071066477,6.4,54,10,18.518518519,142294,166,,,89.212187757,,,132.454645141,116.65987322,10555,1475,9.384023099,4.500236855,1.421127428,13.974419706,11725,60.9,85094,27,,,,,,45.34324839,31.729616659,3990,14.2,28234,37,13.104767302,26.324137689,37,12.3,16.8,,,69.798179532,,,73.26270377,72.172279778,142294,30,,,25.162411932,,,19.542488627,21.083109618,,,,52345,41288,0.7887668354,10496,7735,73.694740854,10015,1117,11.153270095,,,38,,49,48,21.856275896,3000,38,56,31.333333333,,,2.524143473,,3.098952643,2.843195345,,,2.383537015,,3.008105344,2.73514016,142294,19,13.352636091,,,,,,18.779193862,13.435266316,10496,8396,79.992378049,0.1032842563,18279,15272,83.549428306,-10624.9115,,58623,,14.584719308,1653,8,4.83968542,21645,13093,60.48972049,63.9,2024,1575904437.32812,188786.333391501
"{
  ""coordinates"": [
    [
      [
        [
          -8.965421760000000e+01,
          3.143381070000000e+01
        ],
        [
          -8.965404350000000e+01,
          3.100250770000000e+01
        ],
        [
          -8.955185650000000e+01,
          3.100192270000000e+01
        ],
        [
          -8.955203150000000e+01,
          3.101596470000000e+01
        ],
        [
          -8.950134550000000e+01,
          3.101603170000000e+01
        ],
        [
          -8.950140150000000e+01,
          3.100146670000000e+01
        ],
        [
          -8.947594549999999e+01,
          3.100136870000000e+01
        ],
        [
          -8.947602750000000e+01,
          3.098290670000000e+01
        ],
        [
          -8.942534250000000e+01,
          3.098245770000000e+01
        ],
        [
          -8.942481350000000e+01,
          3.101011970000000e+01
        ],
        [
          -8.934895550000000e+01,
          3.101037570000000e+01
        ],
        [
          -8.934786850000000e+01,
          3.134670570000000e+01
        ],
        [
          -8.945107849999999e+01,
          3.134638870000000e+01
        ],
        [
          -8.945162150000000e+01,
          3.143403480000000e+01
        ],
        [
          -8.958682450000001e+01,
          3.143369370000000e+01
        ],
        [
          -8.965421760000000e+01,
          3.143381070000000e+01
        ]
      ]
    ]
  ],
  ""type"": ""MultiPolygon""
}",2095,28,073,28073,Lamar County,MS,181605,0,831,,2,,2,8905.073810203,,,2,,2,8371.897776951,,8252.137902937,18.1,39220,6895,17.580316165,65353,81,123.94228268,,,9406,,3731,3995,17,38.6,13850,289,,,23.842917251,,,33.536585366,20.19871165,20.866425993,438214,28,,,13.135570029,,,4.975480212,6.389572218,761,677.29,89,31690,967,3.051435784,3015,,51.075268817,65.066812108,20.079260238,9.347826087,19.5,3.510782501,5408,0,534,,,16.102941176,6.763285024,,15.189873418,7.793273175,9.874260355,438214,69,,,10.946308358,,,18.036115767,15.745731538,4.716614387,29014,135215,4.660336389,65353,411,628.9,16.508473504,,,48,,40,41,65783,65783,15731,23.913473086,65783,10169,15.458401107,65783,14541,22.104495082,65783,257,0.3906784428,65783,2110,3.20751562,65783,34196,51.983035131,64222,34519,53.749493943,60467,397,0.6565564688,10.5,54243,48,88.5,65783,39,59.285833726,,82045,42393,42232,76230,62326,10325,10277,99.535108959,29912,24526,,,83.267716535,,84.854423292,81.993848623,18493,12691,68.625966582,26,65783,75,0.1140112187,65783,930,1.413739112,15725,3479,22.124006359,55658,5793.033868807,10.408268117,54935,7999,14.560844635,65783,72,109.450769956,16482,1230,7.462686567,0,9.3,65783,47135,71.652250581,181605,831,,,445.588448078,,,394.474637459,390.559821879,68103,41,,,93.759156168,,,51.291200214,60.202927918,5488,37,,,,,,,5.663430421,6.741982507,65783,18,27.362692489,64222,39824,62.009903148,14.9,10.408268117,6.6,56,8,14.285714286,316682,210,,,37.667053382,,,77.714502821,66.312578549,22465,2525,9.477272727,2.06988649,0.8012463833,11.23970621,29912,30.7,192861,37,,,,,,23.572775587,19.184801489,9510,14.9,65353,62,9.486940156,42.08172193,32.9,10.9,16,,,76.059728487,82.804435515,,78.087556907,78.141151913,316682,50,,,,,,18.133383992,15.788709178,3481,405,11.634587762,59741,45003,0.7533017526,24896,16717,67.147332905,23826,2575,10.807521195,,,38,,45,45,34.612820579,7400,49,53,13.783783784,,,2.9635447,2.798091848,3.473946956,3.31414316,,,3.032747504,2.965400848,3.485363582,3.351623432,316682,43,13.578289893,,,,,,16.556813438,13.546362102,24896,22062,88.616645244,0.1116605816,43319,39504,91.193240841,-4582.264,,62326,,18.834836184,4026,23,5.712866369,46410,28485,61.376858436,61.5,2024,1777275062.61719,189020.048744622
"{
  ""coordinates"": [
    [
      [
        [
          -9.170134510000000e+01,
          3.049775250000000e+01
        ],
        [
          -9.168549410000000e+01,
          3.047634850000000e+01
        ],
        [
          -9.167477210000000e+01,
          3.047455150000000e+01
        ],
        [
          -9.164008410000000e+01,
          3.044267850000000e+01
        ],
        [
          -9.163957410000000e+01,
          3.042903750000000e+01
        ],
        [
          -9.162809310000000e+01,
          3.041392050000000e+01
        ],
        [
          -9.162466110000000e+01,
          3.039437450000000e+01
        ],
        [
          -9.162903810000000e+01,
          3.037793850000000e+01
        ],
        [
          -9.164812410000000e+01,
          3.036507340000000e+01
        ],
        [
          -9.162548900000000e+01,
          3.035421440000000e+01
        ],
        [
          -9.162755000000000e+01,
          3.033010740000000e+01
        ],
        [
          -9.162106100000000e+01,
          3.030994340000000e+01
        ],
        [
          -9.158773800000000e+01,
          3.027328740000000e+01
        ],
        [
          -9.158804499999999e+01,
          3.025711840000000e+01
        ],
        [
          -9.156276600000000e+01,
          3.024195440000000e+01
        ],
        [
          -9.150827400000000e+01,
          3.024030240000000e+01
        ],
        [
          -9.147530900000000e+01,
          3.022949640000000e+01
        ],
        [
          -9.148908700000000e+01,
          3.019928240000000e+01
        ],
        [
          -9.147180299999999e+01,
          3.018627140000000e+01
        ],
        [
          -9.146818900000000e+01,
          3.014896240000000e+01
        ],
        [
          -9.146131900000000e+01,
          3.013125140000000e+01
        ],
        [
          -9.146921800000000e+01,
          3.010816040000000e+01
        ],
        [
          -9.146390400000000e+01,
          3.010268740000000e+01
        ],
        [
          -9.138884700000000e+01,
          3.010245040000000e+01
        ],
        [
          -9.137803099999999e+01,
          3.009485640000000e+01
        ],
        [
          -9.136884100000000e+01,
          3.005882940000000e+01
        ],
        [
          -9.126909089999999e+01,
          3.005931340000000e+01
        ],
        [
          -9.123869490000000e+01,
          3.003052540000000e+01
        ],
        [
          -9.122355790000000e+01,
          3.004079440000000e+01
        ],
        [
          -9.122423590000000e+01,
          3.002556540000000e+01
        ],
        [
          -9.110600289999999e+01,
          3.006275440000000e+01
        ],
        [
          -9.110656490000000e+01,
          3.010852440000000e+01
        ],
        [
          -9.108983990000000e+01,
          3.010870540000000e+01
        ],
        [
          -9.109010290000001e+01,
          3.014111540000000e+01
        ],
        [
          -9.107364590000000e+01,
          3.016092640000000e+01
        ],
        [
          -9.105912990000000e+01,
          3.021308940000000e+01
        ],
        [
          -9.101950189999999e+01,
          3.031949950000000e+01
        ],
        [
          -9.102101990000000e+01,
          3.032149450000000e+01
        ],
        [
          -9.103244090000000e+01,
          3.031482750000000e+01
        ],
        [
          -9.109880389999999e+01,
          3.031954250000000e+01
        ],
        [
          -9.113393189999999e+01,
          3.031388350000000e+01
        ],
        [
          -9.114211090000001e+01,
          3.032329850000000e+01
        ],
        [
          -9.131129100000000e+01,
          3.032247750000000e+01
        ],
        [
          -9.131974599999999e+01,
          3.034467950000000e+01
        ],
        [
          -9.132540800000000e+01,
          3.034752250000000e+01
        ],
        [
          -9.133720800000000e+01,
          3.035344550000000e+01
        ],
        [
          -9.136364900000000e+01,
          3.038419250000000e+01
        ],
        [
          -9.139457700000000e+01,
          3.039482250000000e+01
        ],
        [
          -9.139450300000000e+01,
          3.040864950000000e+01
        ],
        [
          -9.145316699999999e+01,
          3.047508350000000e+01
        ],
        [
          -9.148516100000001e+01,
          3.049728750000000e+01
        ],
        [
          -9.152651800000000e+01,
          3.049723950000000e+01
        ],
        [
          -9.155633100000000e+01,
          3.048287150000000e+01
        ],
        [
          -9.158346299999999e+01,
          3.048259550000000e+01
        ],
        [
          -9.158343100000000e+01,
          3.049696150000000e+01
        ],
        [
          -9.170134510000000e+01,
          3.049775250000000e+01
        ]
      ]
    ]
  ],
  ""type"": ""MultiPolygon""
}",2118,22,047,22047,Iberville Parish,LA,87997,0,695,,2,,2,14708.633341717,,,2,,2,10522.564019502,,12319.359903559,22.7,15288,1619,10.590005233,29824,9,30.177038627,,,5507,,3084,4072,22.6,41.1,6030,181,,,34.165181224,,,,24.17302799,30.016583748,226168,25,,,17.497168221,,,,11.053729971,311,276.79,89,13988,616,4.403774664,1704,,,34.259259259,,6.516183986,28.8,4.389360113,2504,0,327,,,16.557257476,,,,9.178743961,13.059105431,226168,59,,,29.468914899,,,24.14606512,26.086802731,6.080682773,23260,125131,5.37966466,29824,332,1113.2,16.831952582,,,41,,48,45,29506,29506,5966,20.219616349,29506,5188,17.582864502,29506,13715,46.482071443,29506,125,0.423642649,29506,1055,3.575543957,29506,14630,49.583135633,30241,17682,58.470288681,28601,476,1.664277473,13.5,25588,233,910.6,29506,89,301.633566054,,,41510,,72145,53205,4855,2688,55.365602472,12009,9946,,,86.351102941,,86.466096237,82.82121742,8353,4043,48.401771819,32.1,29506,6,0.02033484715,29506,141,0.477868908,6175,2689,43.546558704,33387,656.461937091,1.966220197,20989,1841,8.771261137,29506,12,40.669694299,6023,243,4.034534285,1,8.5,29506,14179,48.054632956,87997,695,,,720.097417919,,,533.352248378,604.222467269,28664,27,,,121.498912904,,,,94.194808819,2536,22,,,,,,,,8.675078864,29506,17,57.615400258,30241,17825,58.943156642,12.9,1.966220197,7.9,41,11,26.829268293,160153,156,,,91.221851543,,,108.941040584,97.406854695,11105,1430,10.884668828,2.566411526,0.3151733453,12.877082395,12009,37.4,94405,37,,,28.869001355,,,53.417614458,39.192839362,3940,12.9,29824,22,7.376609442,35.845654301,39.5,13.9,19.3,,,70.803431447,,,74.268266029,72.926267187,160153,32,,,20.850708924,,,19.688139865,19.980893271,,,,58412,38814,0.6644867493,11042,8228,74.515486325,10040,1146,11.414342629,,,35,50,48,44,29.83698942,,,,,,,,,,,,,,,,,160153,15,9.366043721,,,,,,18.58427133,8.719431145,11042,8974,81.271508785,0.1036568994,21396,17050,79.687792111,-4754.107,,53205,,35.117000282,1634,11,6.731946144,25700,16719,65.054474708,54.9,2024,2271650583.60547,246145.254529964
"{
  ""coordinates"": [
    [
      [
        [
          -9.361469670000000e+01,
          3.223753180000000e+01
        ],
        [
          -9.359693070000000e+01,
          3.221819280000000e+01
        ],
        [
          -9.359300170000000e+01,
          3.220552880000000e+01
        ],
        [
          -9.355690770000000e+01,
          3.219210980000000e+01
        ],
        [
          -9.353596960000000e+01,
          3.219313180000000e+01
        ],
        [
          -9.352342260000000e+01,
          3.217699680000000e+01
        ],
        [
          -9.352074159999999e+01,
          3.214462670000000e+01
        ],
        [
          -9.350934560000000e+01,
          3.213133770000000e+01
        ],
        [
          -9.353645760000001e+01,
          3.211318870000000e+01
        ],
        [
          -9.353955960000000e+01,
          3.210217270000000e+01
        ],
        [
          -9.351416759999999e+01,
          3.208581670000000e+01
        ],
        [
          -9.350155959999999e+01,
          3.206298070000000e+01
        ],
        [
          -9.347982759999999e+01,
          3.205638770000000e+01
        ],
        [
          -9.348118560000000e+01,
          3.203203670000000e+01
        ],
        [
          -9.346037260000000e+01,
          3.202026470000000e+01
        ],
        [
          -9.345852859999999e+01,
          3.200700670000000e+01
        ],
        [
          -9.344151260000000e+01,
          3.198918570000000e+01
        ],
        [
          -9.340634260000000e+01,
          3.198778570000000e+01
        ],
        [
          -9.340055860000000e+01,
          3.197831370000000e+01
        ],
        [
          -9.337262860000000e+01,
          3.196166870000000e+01
        ],
        [
          -9.336608260000000e+01,
          3.193575770000000e+01
        ],
        [
          -9.335545860000001e+01,
          3.193222770000000e+01
        ],
        [
          -9.336001560000000e+01,
          3.192392470000000e+01
        ],
        [
          -9.334598660000000e+01,
          3.190536470000000e+01
        ],
        [
          -9.335048759999999e+01,
          3.189874170000000e+01
        ],
        [
          -9.331509760000000e+01,
          3.188997370000000e+01
        ],
        [
          -9.330381260000000e+01,
          3.189762570000000e+01
        ],
        [
          -9.328238159999999e+01,
          3.188744770000000e+01
        ],
        [
          -9.326661559999999e+01,
          3.189564270000000e+01
        ],
        [
          -9.325372560000000e+01,
          3.191330970000000e+01
        ],
        [
          -9.323950760000000e+01,
          3.190352570000000e+01
        ],
        [
          -9.323847660000000e+01,
          3.197278670000000e+01
        ],
        [
          -9.312119450000000e+01,
          3.197261570000000e+01
        ],
        [
          -9.313610650000000e+01,
          3.198324770000000e+01
        ],
        [
          -9.315810449999999e+01,
          3.200941270000000e+01
        ],
        [
          -9.315649850000000e+01,
          3.202475670000000e+01
        ],
        [
          -9.313732750000000e+01,
          3.205634170000000e+01
        ],
        [
          -9.316431249999999e+01,
          3.209332280000000e+01
        ],
        [
          -9.315240150000000e+01,
          3.210451780000000e+01
        ],
        [
          -9.318714460000000e+01,
          3.214851480000000e+01
        ],
        [
          -9.319190759999999e+01,
          3.217836780000000e+01
        ],
        [
          -9.321115060000000e+01,
          3.219223680000000e+01
        ],
        [
          -9.321314959999999e+01,
          3.223576280000000e+01
        ],
        [
          -9.342865060000000e+01,
          3.223527880000000e+01
        ],
        [
          -9.345925960000000e+01,
          3.223515380000000e+01
        ],
        [
          -9.346944760000000e+01,
          3.223718680000000e+01
        ],
        [
          -9.361469670000000e+01,
          3.223753180000000e+01
        ]
      ]
    ]
  ],
  ""type"": ""MultiPolygon""
}",2121,22,081,22081,Red River Parish,LA,22258,0,205,,2,,2,13910.043873792,,,2,,2,13322.181644782,,12806.552446429,23.4,4209,484,11.499168449,7564,3,39.661554733,,,4204,,5471,5769,24.8,42.4,1665,67,,,30.23255814,,,,48.5021398,40.24024024,,,,,,,,,,101,68.175,67.5,3894,128,3.287108372,620,,,59.565217391,16.964285714,7.544378698,36.6,4.651082559,702,0,83,,,15.902140673,,,,7.514450867,11.823361823,58448,19,,,,,,30.324165327,32.507528059,6.061485175,14604,102701,7.032388387,7564,63,832.9,15.70065453,,,44,,36,38,7420,7420,1726,23.261455526,7420,1449,19.528301887,7420,2875,38.746630728,7420,58,0.781671159,7420,251,3.382749326,7420,3776,50.889487871,7620,7620,100,7163,8,0.1116850482,13.3,,,,7420,6,80.862533693,,,25679,,60266,44139,1313,1032,78.598629094,2849,2662,,,86.640471513,,92.733017378,93.436293436,1750,584,33.371428571,34.5,7420,4,0.0539083558,7420,24,0.3234501348,1798,717,39.877641824,9091,351.295808083,3.864215247,5933,564,9.506152031,7420,2,26.954177898,1805,87,4.819944598,1,9.8,7420,4101,55.269541779,22258,205,,,748.040424644,,,662.505455572,663.7116953,,,,,,,,,,,,,,,,,,,,7420,11,148.247978437,7620,3995,52.427821522,12.8,3.864215247,7.7,14,6,42.857142857,41305,46,,,104.4546851,,,125.032335949,111.366662632,3280,440,11.184834123,1.524390244,1.37195122,13.414634146,2849,36.1,,,,,,,,,,1000,12.8,7564,8,10.576414595,53.373485128,40.9,14.4,20.3,,,71.409066513,,,71.875711774,72.226198402,41305,14,,,,,,,33.89420167,,,,50871,34271,0.6736844174,2934,2206,75.187457396,2564,220,8.580343214,,,21,,34,31,1.236796981,,,,,,,,,,,,,,,,,,,,,,,,,,,2934,2209,75.289706885,0.006519938954,5092,4054,79.615082482,-11600.24,,44139,,31.781417794,499,1,2.004008016,6455,4132,64.012393493,42.1,2024,1452806963.83203,187482.97403215
"{
  ""coordinates"": [
    [
      [
        [
          -9.162857320000001e+01,
          3.271911790000000e+01
        ],
        [
          -9.163888919999999e+01,
          3.270247790000000e+01
        ],
        [
          -9.162402920000000e+01,
          3.269567590000000e+01
        ],
        [
          -9.162199920000000e+01,
          3.267994990000000e+01
        ],
        [
          -9.163760120000001e+01,
          3.266730390000000e+01
        ],
        [
          -9.159688220000000e+01,
          3.266715290000000e+01
        ],
        [
          -9.159621620000000e+01,
          3.258211890000000e+01
        ],
        [
          -9.144530510000000e+01,
          3.258196190000000e+01
        ],
        [
          -9.142658010000000e+01,
          3.259985990000000e+01
        ],
        [
          -9.139697010000000e+01,
          3.260947390000000e+01
        ],
        [
          -9.140497710000000e+01,
          3.262706290000000e+01
        ],
        [
          -9.139464910000000e+01,
          3.265658590000000e+01
        ],
        [
          -9.140354809999999e+01,
          3.268137390000000e+01
        ],
        [
          -9.139826110000000e+01,
          3.269298590000000e+01
        ],
        [
          -9.137489309999999e+01,
          3.268986890000000e+01
        ],
        [
          -9.137720310000000e+01,
          3.270628490000000e+01
        ],
        [
          -9.135590010000000e+01,
          3.274079100000000e+01
        ],
        [
          -9.134311409999999e+01,
          3.275053700000000e+01
        ],
        [
          -9.133977310000000e+01,
          3.282171900000000e+01
        ],
        [
          -9.134772210000000e+01,
          3.282302300000000e+01
        ],
        [
          -9.133839510000000e+01,
          3.285323400000000e+01
        ],
        [
          -9.132694810000000e+01,
          3.287234300000000e+01
        ],
        [
          -9.132138310000001e+01,
          3.286398200000000e+01
        ],
        [
          -9.131039310000000e+01,
          3.288954700000000e+01
        ],
        [
          -9.131224010000000e+01,
          3.291332300000000e+01
        ],
        [
          -9.130240710000000e+01,
          3.292589700000000e+01
        ],
        [
          -9.130938610000000e+01,
          3.293524300000000e+01
        ],
        [
          -9.129648109999999e+01,
          3.294914300000000e+01
        ],
        [
          -9.128020909999999e+01,
          3.295085700000000e+01
        ],
        [
          -9.126767110000000e+01,
          3.297508700000000e+01
        ],
        [
          -9.127388910000001e+01,
          3.298718300000000e+01
        ],
        [
          -9.126222509999999e+01,
          3.299237800000000e+01
        ],
        [
          -9.126502410000001e+01,
          3.300509000000000e+01
        ],
        [
          -9.128440410000000e+01,
          3.300501300000000e+01
        ],
        [
          -9.131202209999999e+01,
          3.300526800000000e+01
        ],
        [
          -9.132251210000000e+01,
          3.300534700000000e+01
        ],
        [
          -9.132504310000000e+01,
          3.300537000000000e+01
        ],
        [
          -9.132640210000000e+01,
          3.300538200000000e+01
        ],
        [
          -9.132977310000000e+01,
          3.300542700000000e+01
        ],
        [
          -9.133301710000001e+01,
          3.300553500000000e+01
        ],
        [
          -9.137602210000000e+01,
          3.300580000000000e+01
        ],
        [
          -9.142547209999999e+01,
          3.300602200000000e+01
        ],
        [
          -9.143578810000000e+01,
          3.300610500000000e+01
        ],
        [
          -9.143893110000000e+01,
          3.299096300000000e+01
        ],
        [
          -9.144989409999999e+01,
          3.298338200000000e+01
        ],
        [
          -9.143755710000001e+01,
          3.298093800000000e+01
        ],
        [
          -9.145628510000000e+01,
          3.296584800000000e+01
        ],
        [
          -9.147974210000000e+01,
          3.293542600000000e+01
        ],
        [
          -9.147576610000000e+01,
          3.292972900000000e+01
        ],
        [
          -9.149830210000000e+01,
          3.290171100000000e+01
        ],
        [
          -9.149466110000000e+01,
          3.289080200000000e+01
        ],
        [
          -9.151152110000000e+01,
          3.287901300000000e+01
        ],
        [
          -9.153473420000000e+01,
          3.287747600000000e+01
        ],
        [
          -9.156636920000000e+01,
          3.285556700000000e+01
        ],
        [
          -9.157775620000000e+01,
          3.283001600000000e+01
        ],
        [
          -9.159100119999999e+01,
          3.280795500000000e+01
        ],
        [
          -9.158940420000000e+01,
          3.279752700000000e+01
        ],
        [
          -9.160277120000001e+01,
          3.278745000000000e+01
        ],
        [
          -9.159541320000000e+01,
          3.276621300000000e+01
        ],
        [
          -9.159717720000000e+01,
          3.274890290000000e+01
        ],
        [
          -9.161772520000000e+01,
          3.272082190000000e+01
        ],
        [
          -9.162857320000001e+01,
          3.271911790000000e+01
        ]
      ]
    ]
  ],
  ""type"": ""MultiPolygon""
}",2122,22,123,22123,West Carroll Parish,LA,28322,0,222,,2,,2,13345.656214972,1,,2,,2,12418.298978878,,11942.914940886,22.9,5301,707,13.337106206,9594,5,52.115905774,,,6182,,7682,7483,25.6,41,2102,76,,,34.31372549,,,,36.410923277,36.156041865,,,,,,,,,,125,121.875,97.5,3537,194,5.484874187,645,,,65.707434053,54.304635762,18.265682657,30.5,4.669888442,795,0,64,,,13.432835821,,,,6.698564593,8.050314465,75440,24,,,,,,33.787208163,31.813361612,6.03854157,19746,96688,4.89658665,9594,41,427.4,17.085685738,,,36,,40,39,9475,9475,2140,22.585751979,9475,1993,21.034300792,9475,1359,14.343007916,9475,98,1.034300792,9475,423,4.464379947,9475,4813,50.796833773,9751,9751,100,9272,45,0.4853321829,12.4,8143,17,208.8,9475,6,63.324538259,,,31053,,47089,41380,1812,1030,56.843267108,3554,3233,,,,,84.31372549,90.967923467,2399,901,37.557315548,33.5,9475,3,0.03166226913,9475,37,0.3905013193,2254,818,36.291038154,11604,250.954388611,2.162654159,7399,820,11.082578727,9475,2,21.10817942,2209,125,5.658669081,1,8.5,9475,7462,78.754617414,28322,222,,,684.708327261,,,593.522757173,584.059197393,,,,,,,,,,,,,,,,,,,,9475,7,73.878627968,9751,3246,33.288893447,15.1,2.162654159,7.4,8,3,37.5,53033,65,,,,,,137.667858178,122.565195256,4125,325,4.382871537,2.181818182,1.333333333,7.878787879,3554,31,,,,,,,,,,1510,15.1,9594,20,20.84636231,12.965165454,37.9,14.9,20.6,,,,,,72.794026639,73.065492221,,,,,,,,,,,,,48194,37602,0.7802216043,3785,2854,75.402906209,3343,279,8.345797188,,,14,,28,27,0.300062961,,,,,,,,,,,,,,,,,,,,,,,,,,,3785,2271,60,0.02428797271,6839,5580,81.590875859,-6836.531,,41380,,38.414693088,514,1,1.945525292,8415,5052,60.035650624,54.5,2024,1328167318.66406,182334.710982614
"{
  ""coordinates"": [
    [
      [
        [
          -9.198147810000000e+01,
          3.038169740000000e+01
        ],
        [
          -9.198872410000000e+01,
          3.036860340000000e+01
        ],
        [
          -9.195377610000000e+01,
          3.035999240000000e+01
        ],
        [
          -9.195581710000000e+01,
          3.033364640000000e+01
        ],
        [
          -9.196622110000000e+01,
          3.032444540000000e+01
        ],
        [
          -9.195525309999999e+01,
          3.030827640000000e+01
        ],
        [
          -9.194894510000000e+01,
          3.027683040000000e+01
        ],
        [
          -9.197589710000000e+01,
          3.026105040000000e+01
        ],
        [
          -9.195891510000000e+01,
          3.023718940000000e+01
        ],
        [
          -9.194282410000000e+01,
          3.023660440000000e+01
        ],
        [
          -9.195792410000000e+01,
          3.021190540000000e+01
        ],
        [
          -9.197688510000000e+01,
          3.021093840000000e+01
        ],
        [
          -9.197957110000000e+01,
          3.018188940000000e+01
        ],
        [
          -9.196190210000000e+01,
          3.017671240000000e+01
        ],
        [
          -9.195472410000001e+01,
          3.018710540000000e+01
        ],
        [
          -9.193327510000000e+01,
          3.018277640000000e+01
        ],
        [
          -9.192190710000000e+01,
          3.018817040000000e+01
        ],
        [
          -9.190763910000000e+01,
          3.016727740000000e+01
        ],
        [
          -9.190555010000000e+01,
          3.015462140000000e+01
        ],
        [
          -9.193413210000000e+01,
          3.011972240000000e+01
        ],
        [
          -9.195116510000000e+01,
          3.007278540000000e+01
        ],
        [
          -9.190689310000000e+01,
          3.007259840000000e+01
        ],
        [
          -9.189581210000000e+01,
          3.005722540000000e+01
        ],
        [
          -9.187563910000000e+01,
          3.006775840000000e+01
        ],
        [
          -9.181824910000000e+01,
          3.004393040000000e+01
        ],
        [
          -9.180132910000000e+01,
          3.007008640000000e+01
        ],
        [
          -9.177932010000001e+01,
          3.008571840000000e+01
        ],
        [
          -9.176055510000000e+01,
          3.009092040000000e+01
        ],
        [
          -9.176867310000000e+01,
          3.009641640000000e+01
        ],
        [
          -9.176534409999999e+01,
          3.010843740000000e+01
        ],
        [
          -9.172993310000000e+01,
          3.012248940000000e+01
        ],
        [
          -9.171228910000001e+01,
          3.011720440000000e+01
        ],
        [
          -9.170328410000000e+01,
          3.012114940000000e+01
        ],
        [
          -9.167905709999999e+01,
          3.010510740000000e+01
        ],
        [
          -9.166945800000001e+01,
          3.011289840000000e+01
        ],
        [
          -9.165889199999999e+01,
          3.010823140000000e+01
        ],
        [
          -9.163058500000000e+01,
          3.007188540000000e+01
        ],
        [
          -9.161222500000000e+01,
          3.006770740000000e+01
        ],
        [
          -9.160022300000000e+01,
          3.003304140000000e+01
        ],
        [
          -9.150776900000000e+01,
          3.003328740000000e+01
        ],
        [
          -9.149543300000001e+01,
          3.004137440000000e+01
        ],
        [
          -9.148722300000000e+01,
          3.005806040000000e+01
        ],
        [
          -9.136884100000000e+01,
          3.005882940000000e+01
        ],
        [
          -9.137803099999999e+01,
          3.009485640000000e+01
        ],
        [
          -9.138884700000000e+01,
          3.010245040000000e+01
        ],
        [
          -9.146390400000000e+01,
          3.010268740000000e+01
        ],
        [
          -9.146921800000000e+01,
          3.010816040000000e+01
        ],
        [
          -9.146131900000000e+01,
          3.013125140000000e+01
        ],
        [
          -9.146818900000000e+01,
          3.014896240000000e+01
        ],
        [
          -9.147180299999999e+01,
          3.018627140000000e+01
        ],
        [
          -9.148908700000000e+01,
          3.019928240000000e+01
        ],
        [
          -9.147530900000000e+01,
          3.022949640000000e+01
        ],
        [
          -9.150827400000000e+01,
          3.024030240000000e+01
        ],
        [
          -9.156276600000000e+01,
          3.024195440000000e+01
        ],
        [
          -9.158804499999999e+01,
          3.025711840000000e+01
        ],
        [
          -9.158773800000000e+01,
          3.027328740000000e+01
        ],
        [
          -9.162106100000000e+01,
          3.030994340000000e+01
        ],
        [
          -9.162755000000000e+01,
          3.033010740000000e+01
        ],
        [
          -9.162548900000000e+01,
          3.035421440000000e+01
        ],
        [
          -9.164812410000000e+01,
          3.036507340000000e+01
        ],
        [
          -9.162903810000000e+01,
          3.037793850000000e+01
        ],
        [
          -9.162466110000000e+01,
          3.039437450000000e+01
        ],
        [
          -9.162809310000000e+01,
          3.041392050000000e+01
        ],
        [
          -9.163957410000000e+01,
          3.042903750000000e+01
        ],
        [
          -9.164008410000000e+01,
          3.044267850000000e+01
        ],
        [
          -9.167477210000000e+01,
          3.047455150000000e+01
        ],
        [
          -9.168549410000000e+01,
          3.047634850000000e+01
        ],
        [
          -9.170134510000000e+01,
          3.049775250000000e+01
        ],
        [
          -9.175621510000001e+01,
          3.049813850000000e+01
        ],
        [
          -9.175416310000000e+01,
          3.048533950000000e+01
        ],
        [
          -9.173655110000000e+01,
          3.045149450000000e+01
        ],
        [
          -9.172264610000001e+01,
          3.045233150000000e+01
        ],
        [
          -9.171330110000000e+01,
          3.043189850000000e+01
        ],
        [
          -9.169850610000000e+01,
          3.041461250000000e+01
        ],
        [
          -9.169430610000001e+01,
          3.040175350000000e+01
        ],
        [
          -9.167890210000000e+01,
          3.039473650000000e+01
        ],
        [
          -9.181271610000000e+01,
          3.039426550000000e+01
        ],
        [
          -9.185291210000000e+01,
          3.041260750000000e+01
        ],
        [
          -9.186927910000000e+01,
          3.041724050000000e+01
        ],
        [
          -9.192548710000000e+01,
          3.039827240000000e+01
        ],
        [
          -9.192862510000000e+01,
          3.039735440000000e+01
        ],
        [
          -9.193069810000000e+01,
          3.039655740000000e+01
        ],
        [
          -9.193266810000000e+01,
          3.039685240000000e+01
        ],
        [
          -9.193532910000000e+01,
          3.039573040000000e+01
        ],
        [
          -9.193691810000000e+01,
          3.039474740000000e+01
        ],
        [
          -9.193791109999999e+01,
          3.039504040000000e+01
        ],
        [
          -9.196570410000000e+01,
          3.041037240000000e+01
        ],
        [
          -9.197819010000001e+01,
          3.040740840000000e+01
        ],
        [
          -9.198147810000000e+01,
          3.038169740000000e+01
        ]
      ]
    ],
    [
      [
        [
          -9.147195900000000e+01,
          2.995630940000000e+01
        ],
        [
          -9.147196599999999e+01,
          2.994796940000000e+01
        ],
        [
          -9.141356500000001e+01,
          2.990499840000000e+01
        ],
        [
          -9.140113599999999e+01,
          2.987353140000000e+01
        ],
        [
          -9.137364800000000e+01,
          2.983440630000000e+01
        ],
        [
          -9.138649700000001e+01,
          2.978368630000000e+01
        ],
        [
          -9.135177590000001e+01,
          2.976628930000000e+01
        ],
        [
          -9.129858990000000e+01,
          2.976497130000000e+01
        ],
        [
          -9.122940389999999e+01,
          2.974892730000000e+01
        ],
        [
          -9.121520090000000e+01,
          2.975121630000000e+01
        ],
        [
          -9.118134490000000e+01,
          2.972864930000000e+01
        ],
        [
          -9.115970190000000e+01,
          2.972382630000000e+01
        ],
        [
          -9.113412289999999e+01,
          2.972407830000000e+01
        ],
        [
          -9.111228090000000e+01,
          2.970293230000000e+01
        ],
        [
          -9.110001590000000e+01,
          2.969940730000000e+01
        ],
        [
          -9.110655690000000e+01,
          2.973349230000000e+01
        ],
        [
          -9.109536989999999e+01,
          2.973703730000000e+01
        ],
        [
          -9.108947089999999e+01,
          2.975587330000000e+01
        ],
        [
          -9.110029390000000e+01,
          2.977299630000000e+01
        ],
        [
          -9.109268790000000e+01,
          2.980100530000000e+01
        ],
        [
          -9.111106090000000e+01,
          2.982655540000000e+01
        ],
        [
          -9.113308490000000e+01,
          2.983731140000000e+01
        ],
        [
          -9.115023290000001e+01,
          2.983683640000000e+01
        ],
        [
          -9.118282290000001e+01,
          2.984617740000000e+01
        ],
        [
          -9.120026890000000e+01,
          2.986179840000000e+01
        ],
        [
          -9.121408190000000e+01,
          2.990757440000000e+01
        ],
        [
          -9.123202190000001e+01,
          2.991817640000000e+01
        ],
        [
          -9.123158189999999e+01,
          2.993565440000000e+01
        ],
        [
          -9.125140089999999e+01,
          2.995759640000000e+01
        ],
        [
          -9.125523490000000e+01,
          2.997146240000000e+01
        ],
        [
          -9.147195900000000e+01,
          2.995630940000000e+01
        ]
      ]
    ]
  ],
  ""type"": ""MultiPolygon""
}",2129,22,099,22099,St. Martin Parish,LA,148030,0,962,,2,,2,13665.104431612,,,2,,2,9292.409266094,,10267.895023559,20.9,30062,3363,11.186880447,51540,11,21.342646488,,,4312,,2339,2754,23.1,41.1,10904,328,,,33.411033411,74.183976261,,,25.803387684,30.080704329,373559,51,,,31.396047686,,,6.643469884,13.65246186,491,412.44,84,22121,810,3.661678948,2909,,,35.803070924,17.399267399,11.034581719,24,4.47612536,4687,0,455,,,13.992762364,5.681818182,,,7.357247438,9.707702155,373559,73,,,29.601987818,,,15.363024107,19.541759133,5.98860877,20703,108301,5.231174226,51540,367,712.1,17.392197081,,,46,,44,44,51236,51236,12263,23.93434304,51236,8785,17.14614724,51236,14872,29.026465766,51236,370,0.7221484893,51236,1770,3.454602233,51236,26033,50.80997736,51767,27027,52.208936195,48579,391,0.8048745343,12.3,42796,51,119.2,51236,57,111.249902412,,,33059,56038,60197,54265,7343,3458,47.092469018,21696,18461,,,79.227202473,,83.559186927,85.089417404,13146,6073,46.196561692,30.1,51236,26,0.05074556952,51236,525,1.024670154,12391,3415,27.560326043,52160,2981.62227334,5.716300371,42048,3849,9.153824201,51236,10,19.517526739,12539,528,4.21086211,1,8.9,51236,33088,64.579592474,148030,962,,,654.885291471,,,462.434841277,504.449029489,55047,32,,,95.137420719,,,44.358543772,58.132141624,4813,36,,,,,,,7.122507123,7.479742364,51236,19,37.083300804,51767,32673,63.11549829,12.2,5.716300371,7.7,64,22,34.375,265717,230,,,98.699195222,,,84.616192621,86.558255588,19655,2300,8.367662204,3.790384126,0.5596540321,11.701857034,21696,42,157925,39,,,,,,30.417803246,24.695266741,6370,12.2,51540,24,4.656577416,29.558713501,38.5,13.7,19.4,,,70.921412636,,,75.4918067,74.45831887,265717,49,,,26.572860252,,,16.339678575,18.440671843,2357,255,10.818837505,56975,37263,0.6540236946,19874,15540,78.192613465,18502,1905,10.296184196,,38,36,,41,40,19.654269131,,,,,,,,,,,,,,,,,265717,41,15.429949909,,,,,,19.162110186,14.928761741,19874,16100,81.010365301,0.05001716925,35192,29136,82.791543533,-5985.064,,54265,,25.014281765,3356,12,3.57568534,40145,27038,67.350853157,56.6,2024,2840626087.33984,420721.607671772
"{
  ""coordinates"": [
    [
      [
        [
          -9.353041170000000e+01,
          3.297540290000000e+01
        ],
        [
          -9.351956869999999e+01,
          3.296508590000000e+01
        ],
        [
          -9.350892870000000e+01,
          3.293579490000000e+01
        ],
        [
          -9.349326670000001e+01,
          3.292153490000000e+01
        ],
        [
          -9.348081670000001e+01,
          3.292723690000000e+01
        ],
        [
          -9.346957870000000e+01,
          3.291772290000000e+01
        ],
        [
          -9.346978270000000e+01,
          3.290440990000000e+01
        ],
        [
          -9.348223770000000e+01,
          3.290198690000000e+01
        ],
        [
          -9.347674069999999e+01,
          3.288569990000000e+01
        ],
        [
          -9.346384770000000e+01,
          3.286844590000000e+01
        ],
        [
          -9.344804569999999e+01,
          3.286632690000000e+01
        ],
        [
          -9.345479970000000e+01,
          3.285097890000000e+01
        ],
        [
          -9.346749570000000e+01,
          3.284808390000000e+01
        ],
        [
          -9.345656169999999e+01,
          3.283503190000000e+01
        ],
        [
          -9.345401870000001e+01,
          3.282161490000000e+01
        ],
        [
          -9.346695670000000e+01,
          3.280917490000000e+01
        ],
        [
          -9.345970869999999e+01,
          3.280623690000000e+01
        ],
        [
          -9.347422469999999e+01,
          3.278763290000000e+01
        ],
        [
          -9.346500270000000e+01,
          3.277171690000000e+01
        ],
        [
          -9.346975070000001e+01,
          3.276123390000000e+01
        ],
        [
          -9.344487370000000e+01,
          3.276140090000000e+01
        ],
        [
          -9.344127060000000e+01,
          3.249781380000000e+01
        ],
        [
          -9.344115660000000e+01,
          3.241047380000000e+01
        ],
        [
          -9.337272860000000e+01,
          3.241019580000000e+01
        ],
        [
          -9.323692860000000e+01,
          3.241016680000000e+01
        ],
        [
          -9.323724860000000e+01,
          3.245435480000000e+01
        ],
        [
          -9.314706459999999e+01,
          3.245534580000000e+01
        ],
        [
          -9.314645260000000e+01,
          3.246996780000000e+01
        ],
        [
          -9.315678760000000e+01,
          3.248627480000000e+01
        ],
        [
          -9.316898260000001e+01,
          3.252057680000000e+01
        ],
        [
          -9.316816460000000e+01,
          3.254972480000000e+01
        ],
        [
          -9.317875760000000e+01,
          3.258481390000000e+01
        ],
        [
          -9.317867260000000e+01,
          3.262515590000000e+01
        ],
        [
          -9.317380960000000e+01,
          3.263364590000000e+01
        ],
        [
          -9.318609859999999e+01,
          3.267295490000000e+01
        ],
        [
          -9.318670460000000e+01,
          3.271623290000000e+01
        ],
        [
          -9.323775060000000e+01,
          3.271597890000000e+01
        ],
        [
          -9.323865390000000e+01,
          3.301799800000000e+01
        ],
        [
          -9.330818760000000e+01,
          3.301816190000000e+01
        ],
        [
          -9.330840460000000e+01,
          3.301818490000000e+01
        ],
        [
          -9.334035960000000e+01,
          3.301834290000000e+01
        ],
        [
          -9.337714070000000e+01,
          3.301823990000000e+01
        ],
        [
          -9.346704870000001e+01,
          3.301861690000000e+01
        ],
        [
          -9.348951270000001e+01,
          3.301844890000000e+01
        ],
        [
          -9.349056450000000e+01,
          3.301844820000000e+01
        ],
        [
          -9.349089970000000e+01,
          3.301844790000000e+01
        ],
        [
          -9.352097770000000e+01,
          3.301862190000000e+01
        ],
        [
          -9.352099960000000e+01,
          3.301862200000000e+01
        ],
        [
          -9.351632170000001e+01,
          3.300254690000000e+01
        ],
        [
          -9.353041170000000e+01,
          3.297540290000000e+01
        ]
      ]
    ]
  ],
  ""type"": ""MultiPolygon""
}",2165,22,119,22119,Webster Parish,LA,102407,0,930,,2,,2,18016.157403927,,,2,,2,13131.798476421,,14455.929730746,26,19746,2006,10.159019548,36184,23,63.564006191,,,5787,,3385,3746,27.3,43.9,7516,269,,,48.913043478,,,,28.640776699,35.790313997,270374,14,,,,,,,5.178012679,396,356.4,90,14221,590,4.148794037,2723,,,57.156428119,54.574132492,23.173913043,34.5,5.129105286,3182,0,417,,,18.982536067,,,,8.985507246,13.104965431,270374,67,,,16.311617134,,,30.552460372,24.780489248,6.227642383,15476,80477,5.200116309,36184,237,655,14.976978586,,,44,,39,40,35643,35643,8005,22.45882782,35643,7361,20.652021435,35643,11841,33.221109334,35643,206,0.5779535954,35643,902,2.53065118,35643,18396,51.611817187,36967,18377,49.711905213,34620,106,0.306181398,15.2,30408,20,65.8,35643,88,246.892798025,,,23606,,43328,43698,5441,3108,57.121852601,12853,11053,,,88.72305141,,84.576676311,85.995487435,8450,4043,47.846153846,36.4,35643,15,0.04208399966,35643,203,0.5695367954,8387,2905,34.636938119,41207,7678.286508633,18.633451862,27636,2278,8.242871617,35643,11,30.861599753,8286,299,3.608496259,1,9.9,35643,21944,61.566085907,102407,930,,,813.50106218,,,609.101771461,661.623634734,37259,56,,,202.810372302,,,135.037376417,150.299256555,3273,38,,,,,,,,11.610143599,35643,34,95.390399237,36967,22265,60.229393784,15.8,18.633451862,5.6,44,15,34.090909091,190643,180,,,72.35444441,,,109.112607621,94.417314037,16320,2800,14.263661624,2.659313725,0.9191176471,17.156862745,12853,32.8,112467,12,,,,,,,10.669796474,5920,15.8,36184,50,13.818262215,41.181055038,38.1,16.5,21.8,,,68.17269621,,,71.780394619,70.933405375,190643,55,,,21.552387697,,,34.097689882,28.849734845,,,,36352,27790,0.7644696303,14801,9926,67.063036281,13449,2440,18.142612834,,,34,,38,37,20.548802811,,,,,,,,,,,,,,,,,190643,39,20.457084708,,,,,,29.247684605,19.734764848,14801,8762,59.19870279,0.07337686933,25447,22057,86.678193893,-11105.67,,43698,,32.102155705,2273,15,6.599208095,29860,18216,61.004688547,56.2,2024,2243002077.67578,245548.112894165
"{
  ""coordinates"": [
    [
      [
        [
          -9.404268780000000e+01,
          3.213796170000000e+01
        ],
        [
          -9.404275880000000e+01,
          3.212516870000000e+01
        ],
        [
          -9.404234380000000e+01,
          3.211991970000000e+01
        ],
        [
          -9.404270680000000e+01,
          3.205601770000000e+01
        ],
        [
          -9.404272680000000e+01,
          3.199927070000000e+01
        ],
        [
          -9.404183980000001e+01,
          3.199240770000000e+01
        ],
        [
          -9.403841880000000e+01,
          3.199244270000000e+01
        ],
        [
          -9.402928980000000e+01,
          3.199587070000000e+01
        ],
        [
          -9.401867080000000e+01,
          3.199084870000000e+01
        ],
        [
          -9.401280300000001e+01,
          3.198167400000000e+01
        ],
        [
          -9.397746770000001e+01,
          3.192642470000000e+01
        ],
        [
          -9.397171870000000e+01,
          3.192038970000000e+01
        ],
        [
          -9.395355270000000e+01,
          3.191056870000000e+01
        ],
        [
          -9.394354770000000e+01,
          3.190856970000000e+01
        ],
        [
          -9.393800870000000e+01,
          3.190692270000000e+01
        ],
        [
          -9.393501470000000e+01,
          3.190377870000000e+01
        ],
        [
          -9.393246970000000e+01,
          3.189554470000000e+01
        ],
        [
          -9.392767870000000e+01,
          3.189150270000000e+01
        ],
        [
          -9.392393570000000e+01,
          3.188985570000000e+01
        ],
        [
          -9.391959470000000e+01,
          3.189075370000000e+01
        ],
        [
          -9.391595570000000e+01,
          3.189286670000000e+01
        ],
        [
          -9.390956370000001e+01,
          3.189314970000000e+01
        ],
        [
          -9.390477270000000e+01,
          3.189060470000000e+01
        ],
        [
          -9.390117970000000e+01,
          3.188596370000000e+01
        ],
        [
          -9.390189470000000e+01,
          3.188006870000000e+01
        ],
        [
          -9.389698770000000e+01,
          3.187338770000000e+01
        ],
        [
          -9.388920370000000e+01,
          3.186769870000000e+01
        ],
        [
          -9.388815570000000e+01,
          3.185691970000000e+01
        ],
        [
          -9.388412370000000e+01,
          3.184761170000000e+01
        ],
        [
          -9.387930120000000e+01,
          3.184398240000000e+01
        ],
        [
          -9.344117760000000e+01,
          3.184523870000000e+01
        ],
        [
          -9.344057660000000e+01,
          3.191373570000000e+01
        ],
        [
          -9.341978760000001e+01,
          3.193406370000000e+01
        ],
        [
          -9.340760760000001e+01,
          3.191889470000000e+01
        ],
        [
          -9.337791360000000e+01,
          3.193271770000000e+01
        ],
        [
          -9.335545860000001e+01,
          3.193222770000000e+01
        ],
        [
          -9.336608260000000e+01,
          3.193575770000000e+01
        ],
        [
          -9.337262860000000e+01,
          3.196166870000000e+01
        ],
        [
          -9.340055860000000e+01,
          3.197831370000000e+01
        ],
        [
          -9.340634260000000e+01,
          3.198778570000000e+01
        ],
        [
          -9.344151260000000e+01,
          3.198918570000000e+01
        ],
        [
          -9.345852859999999e+01,
          3.200700670000000e+01
        ],
        [
          -9.346037260000000e+01,
          3.202026470000000e+01
        ],
        [
          -9.348118560000000e+01,
          3.203203670000000e+01
        ],
        [
          -9.347982759999999e+01,
          3.205638770000000e+01
        ],
        [
          -9.350155959999999e+01,
          3.206298070000000e+01
        ],
        [
          -9.351416759999999e+01,
          3.208581670000000e+01
        ],
        [
          -9.353955960000000e+01,
          3.210217270000000e+01
        ],
        [
          -9.353645760000001e+01,
          3.211318870000000e+01
        ],
        [
          -9.350934560000000e+01,
          3.213133770000000e+01
        ],
        [
          -9.352074159999999e+01,
          3.214462670000000e+01
        ],
        [
          -9.352342260000000e+01,
          3.217699680000000e+01
        ],
        [
          -9.353596960000000e+01,
          3.219313180000000e+01
        ],
        [
          -9.355690770000000e+01,
          3.219210980000000e+01
        ],
        [
          -9.359300170000000e+01,
          3.220552880000000e+01
        ],
        [
          -9.359693070000000e+01,
          3.221819280000000e+01
        ],
        [
          -9.361469670000000e+01,
          3.223753180000000e+01
        ],
        [
          -9.361416869999999e+01,
          3.226510680000000e+01
        ],
        [
          -9.362405070000000e+01,
          3.228355380000000e+01
        ],
        [
          -9.366647870000000e+01,
          3.231744980000000e+01
        ],
        [
          -9.371613670000001e+01,
          3.231667380000000e+01
        ],
        [
          -9.372572070000000e+01,
          3.232846580000000e+01
        ],
        [
          -9.373791369999999e+01,
          3.232617780000000e+01
        ],
        [
          -9.374654670000000e+01,
          3.234119980000000e+01
        ],
        [
          -9.376476970000000e+01,
          3.234565180000000e+01
        ],
        [
          -9.379128870000000e+01,
          3.234022980000000e+01
        ],
        [
          -9.380710470000000e+01,
          3.232775680000000e+01
        ],
        [
          -9.380773970000000e+01,
          3.231353080000000e+01
        ],
        [
          -9.384771470000000e+01,
          3.229241080000000e+01
        ],
        [
          -9.385660470000001e+01,
          3.228106880000000e+01
        ],
        [
          -9.386033370000000e+01,
          3.225367880000000e+01
        ],
        [
          -9.389725270000000e+01,
          3.222676470000000e+01
        ],
        [
          -9.395121880000001e+01,
          3.219563070000000e+01
        ],
        [
          -9.404262740000000e+01,
          3.219607070000000e+01
        ],
        [
          -9.404257280000000e+01,
          3.216689970000000e+01
        ],
        [
          -9.404254580000000e+01,
          3.216683170000000e+01
        ],
        [
          -9.404259780000000e+01,
          3.215810270000000e+01
        ],
        [
          -9.404268780000000e+01,
          3.213796170000000e+01
        ]
      ]
    ]
  ],
  ""type"": ""MultiPolygon""
}",2170,22,031,22031,De Soto Parish,LA,75899,0,577,,2,,2,15212.281252036,,,2,,2,8859.384821842,,11078.69721205,23.1,15280,1731,11.328534031,26919,5,18.574241242,,,5160,,3204,3789,24,43.7,5806,171,,,39.08045977,,,,21.589486859,29.452290734,191009,18,,,,,,,9.423639724,309,290.46,94,10953,419,3.825435954,1732,,,47.082767978,,13.605248146,27.6,4.669165133,2310,0,280,,,18.55104281,,,,7.923930269,12.121212121,191009,42,,,26.464750423,,,18.695748943,21.988492689,5.964796392,19276,119540,6.201494086,26919,184,683.5,17.015241356,,,48,,44,45,26853,26853,6347,23.636092802,26853,5132,19.111458682,26853,8981,33.445052694,26853,357,1.329460395,26853,945,3.51915987,26853,13796,51.376010129,26812,21210,79.106370282,25232,109,0.4319911224,13.4,22410,54,241,26853,66,245.782594124,,,25457,122031,65343,52776,4816,2309,47.944352159,10193,8372,,,79.198875615,,83.282460672,82.134798391,6752,3383,50.103672986,32.7,26853,14,0.05213570178,26853,135,0.5027371243,6385,1998,31.292090838,26656,2467.553826502,9.257029661,21570,2036,9.439035698,26853,2,7.447957398,6592,330,5.006067961,1,9.8,26853,16052,59.777306074,75899,577,,,736.467695993,,,491.799596963,564.38070951,28525,21,,,124.401913876,,,,73.619631902,2316,20,,,,,,,,8.635578584,26853,11,40.963765687,26812,12091,45.095479636,14.1,9.257029661,6.9,42,6,14.285714286,136808,112,,,68.644173566,,,91.524124028,81.866557511,10950,1250,8.752327747,2.00913242,0.9132420091,11.415525114,10193,38.5,82032,17,,,,,,30.796394769,20.723620051,3780,14.1,26919,31,11.51602957,60.372721783,38,14.5,20.1,,,70.200601788,,,75.933332601,74.115060791,136808,32,,,,,,25.973062224,23.390445003,,,,58798,36850,0.6267219973,10235,7663,74.870542257,9221,846,9.174709901,,,22,,36,32,14.132348002,,,,,,,,,,,,,,,,,136808,23,16.811882346,,,,,,24.998582036,17.468750296,10235,7922,77.401074744,0.2089594505,18435,15188,82.386764307,847.834,,52776,,26.580263756,1669,6,3.594967046,20755,14736,70.999759094,52.8,2024,3241952309.0625,253509.59725205
"{
  ""coordinates"": [
    [
      [
        [
          -8.973042959999999e+01,
          3.222204490000000e+01
        ],
        [
          -8.973108259999999e+01,
          3.221715490000000e+01
        ],
        [
          -8.973007160000000e+01,
          3.204707790000000e+01
        ],
        [
          -8.966209160000000e+01,
          3.204724490000000e+01
        ],
        [
          -8.965443160000000e+01,
          3.201368390000000e+01
        ],
        [
          -8.965303059999999e+01,
          3.178065880000000e+01
        ],
        [
          -8.940123250000001e+01,
          3.179686880000000e+01
        ],
        [
          -8.931656550000000e+01,
          3.180209580000000e+01
        ],
        [
          -8.931709150000000e+01,
          3.187431090000000e+01
        ],
        [
          -8.932269750000000e+01,
          3.222347790000000e+01
        ],
        [
          -8.970162660000000e+01,
          3.222376290000000e+01
        ],
        [
          -8.973042959999999e+01,
          3.222204490000000e+01
        ]
      ]
    ]
  ],
  ""type"": ""MultiPolygon""
}",2178,28,129,28129,Smith County,MS,41792,0,327,,2,,2,15137.590113816,,,2,,2,12810.146099918,,13120.76522084,22.5,7898,1551,19.637883008,14191,1,7.046719752,,,3098,,3280,3521,21.4,41.6,3349,125,,,43.47826087,,,,36.256323777,37.3245745,109934,12,,,,,,,10.915640293,181,149.325,82.5,6616,243,3.672914148,819,,,55.694879833,,9.910313901,26,4.100133926,1297,0,137,,,15.228426396,,,,8.484162896,10.562837317,109934,31,,,,,,29.54537061,28.198737424,4.874597372,18619,99783,5.359202965,14191,86,606,14.65120739,,,41,,35,36,14092,14092,3201,22.715015612,14092,2975,21.111268805,14092,3290,23.34657962,14092,40,0.2838489923,14092,292,2.072097644,14092,7269,51.582458132,14209,14209,100,13444,21,0.1562035109,11.9,11867,22,185.4,14092,2,14.192449617,,,26447,,62679,51746,2475,2463,99.515151515,5298,4457,,,,,72.386587771,84.126085315,3146,1602,50.921805467,31.5,14092,6,0.04257734885,14092,27,0.1915980698,3287,1056,32.126559172,16491,895.92231979,5.432795584,11144,1824,16.367552046,14092,6,42.57734885,3402,294,8.641975309,1,9.3,14092,10327,73.282713596,41792,327,,,679.240509217,,,575.384528119,590.269356544,15549,14,,,,,,,90.037944562,,,,,,,,,,,14092,14,99.347147318,14209,6354,44.718136392,14.5,5.432795584,7.2,15,2,13.333333333,77966,89,,,120.139799039,,,116.558226923,114.152322807,5890,420,5.039787798,0.9847198642,1.612903226,7.130730051,5298,44.4,45886,14,,,,,,38.418346238,30.510395328,2090,14.5,14191,16,11.274751603,34.077964932,32.7,13,17.3,,,71.093076648,,,74.016418582,73.731000106,77966,23,,,,,,27.834800459,29.500038478,788,305,38.705583756,58436,38557,0.6598158669,5450,4746,87.082568807,5040,357,7.083333333,,,33,,41,39,1.901367271,1700,-888,-888,,,,2.806409695,,3.323732354,3.19462573,,,2.493347831,,3.083363634,2.900610043,77966,18,23.086986635,,,,,,26.560359926,22.876566048,5450,2969,54.47706422,0.07935244644,9800,8040,82.040816327,-5467.448,,51746,,13.802033007,877,5,5.701254276,12155,8327,68.50678733,44.7,2024,2312533351.41797,203897.926472067
"{
  ""coordinates"": [
    [
      [
        [
          -9.068885580000000e+01,
          3.003595840000000e+01
        ],
        [
          -9.066714279999999e+01,
          2.998101740000000e+01
        ],
        [
          -9.066652980000001e+01,
          2.996638440000000e+01
        ],
        [
          -9.067515480000000e+01,
          2.996619340000000e+01
        ],
        [
          -9.067488680000000e+01,
          2.995163440000000e+01
        ],
        [
          -9.066645780000000e+01,
          2.995178640000000e+01
        ],
        [
          -9.066560880000000e+01,
          2.990768940000000e+01
        ],
        [
          -9.065631780000000e+01,
          2.988925140000000e+01
        ],
        [
          -9.063529780000000e+01,
          2.989482840000000e+01
        ],
        [
          -9.053585169999999e+01,
          2.989130840000000e+01
        ],
        [
          -9.052960670000000e+01,
          2.988500240000000e+01
        ],
        [
          -9.053220870000000e+01,
          2.996794340000000e+01
        ],
        [
          -9.054934770000000e+01,
          2.996805040000000e+01
        ],
        [
          -9.054974570000000e+01,
          3.000270140000000e+01
        ],
        [
          -9.053826970000000e+01,
          3.001685240000000e+01
        ],
        [
          -9.046779370000000e+01,
          3.003171440000000e+01
        ],
        [
          -9.045022370000000e+01,
          3.003311140000000e+01
        ],
        [
          -9.040701170000000e+01,
          3.008311440000000e+01
        ],
        [
          -9.034971969999999e+01,
          3.012025640000000e+01
        ],
        [
          -9.032664269999999e+01,
          3.015019340000000e+01
        ],
        [
          -9.025989470000000e+01,
          3.016341550000000e+01
        ],
        [
          -9.022033770000000e+01,
          3.017560550000000e+01
        ],
        [
          -9.015626159999999e+01,
          3.018961850000000e+01
        ],
        [
          -9.015403960000000e+01,
          3.020348550000000e+01
        ],
        [
          -9.016064160000001e+01,
          3.023434250000000e+01
        ],
        [
          -9.030092870000000e+01,
          3.029468550000000e+01
        ],
        [
          -9.032046970000000e+01,
          3.029899050000000e+01
        ],
        [
          -9.035031370000000e+01,
          3.029683650000000e+01
        ],
        [
          -9.037226970000000e+01,
          3.028364350000000e+01
        ],
        [
          -9.039928569999999e+01,
          3.028598650000000e+01
        ],
        [
          -9.042053869999999e+01,
          3.027984250000000e+01
        ],
        [
          -9.048583170000001e+01,
          3.027699750000000e+01
        ],
        [
          -9.050908170000000e+01,
          3.023014050000000e+01
        ],
        [
          -9.055415280000000e+01,
          3.019563350000000e+01
        ],
        [
          -9.057782080000000e+01,
          3.019717350000000e+01
        ],
        [
          -9.059202680000000e+01,
          3.020832950000000e+01
        ],
        [
          -9.059950580000000e+01,
          3.021684150000000e+01
        ],
        [
          -9.063191080000000e+01,
          3.022119550000000e+01
        ],
        [
          -9.064211680000000e+01,
          3.016645340000000e+01
        ],
        [
          -9.065372780000000e+01,
          3.009636640000000e+01
        ],
        [
          -9.067087680000000e+01,
          3.009411740000000e+01
        ],
        [
          -9.066118080000000e+01,
          3.005083140000000e+01
        ],
        [
          -9.068885580000000e+01,
          3.003595840000000e+01
        ]
      ]
    ]
  ],
  ""type"": ""MultiPolygon""
}",2230,22,095,22095,St. John the Baptist Parish,LA,120457,0,811,,2,,2,12561.986324389,,,2,,2,11796.829910626,,11370.830751882,21.6,24626,2314,9.396572728,42094,14,33.258896755,,,4775,,2951,3813,20.1,44.7,9925,213,,,22.945151658,41.499330656,,,12.790697674,21.460957179,301329,62,,,32.143253715,,,,20.575517126,,,,19119,954,4.989800722,2443,,,18.907284768,8.630952381,14.98015873,26.2,4.181941038,3592,0,484,,,16.401205338,6.197183099,,,8.584686775,13.474387528,301329,60,,,23.376911793,,,18.511121287,19.911790767,5.851822056,28560,117172,4.102661064,42094,360,855.2,17.022982627,,,40,,41,40,39864,39864,9433,23.662954044,39864,6361,15.95675296,39864,23214,58.232992173,39864,241,0.6045554887,39864,3265,8.19034718,39864,20326,50.988360425,42477,4982,11.728700238,39503,419,1.060678936,13.4,34978,76,217.3,39864,142,356.211117801,,95950,59104,81305,70669,60569,5109,2440,47.758856919,17519,15182,,,82.269119769,78.60839563,81.921921922,86.6601975,10286,4771,46.383433794,31.4,39864,76,0.1906482039,39864,451,1.131346578,10240,4167,40.693359375,45924,5767.300400781,12.558358159,34407,2600,7.556601854,39864,15,37.627934979,10294,316,3.069749369,0,8.8,39864,12229,30.676801124,120457,811,,,586.800927554,,,557.876301579,540.135887961,45730,36,,,92.487925188,,,,78.72293899,3709,35,,,11.647254576,,,,,9.436505797,39864,25,62.713224965,42477,30472,71.737646256,10.2,12.558358159,7.4,52,21,40.384615385,214072,205,,,91.994073302,,,125.541308733,95.762173474,15250,2150,11.449371277,3.245901639,0.5573770492,14.098360656,17519,50.8,127447,38,,,29.818783123,,,36.519452695,29.816315802,4340,10.2,42094,22,5.226398061,41.312497784,43,13,18.5,,,72.433457831,81.543960519,,73.253242702,73.499451716,214072,49,,,30.121953205,,,16.926918031,22.889495123,,,,63735,37212,0.5838550247,15232,11808,77.521008403,14541,1596,10.975861358,,23,30,23,34,32,41.338185012,,,,,,,,,,,,,,,,,214072,18,8.408385964,,,,,,20.150848043,8.187162919,15232,13158,86.383928571,0.08297513286,27757,23985,86.410635155,-12133.1,,60569,,28.116693358,2672,7,2.619760479,31815,21432,67.364450731,61.1,2024,1425636516.66797,200732.723149466
"{
  ""coordinates"": [
    [
      [
        [
          -9.297353550000000e+01,
          3.170892770000000e+01
        ],
        [
          -9.295986449999999e+01,
          3.170129970000000e+01
        ],
        [
          -9.296462150000001e+01,
          3.168072670000000e+01
        ],
        [
          -9.295096049999999e+01,
          3.167594570000000e+01
        ],
        [
          -9.292943850000000e+01,
          3.167787170000000e+01
        ],
        [
          -9.292468049999999e+01,
          3.166594670000000e+01
        ],
        [
          -9.290280749999999e+01,
          3.165951570000000e+01
        ],
        [
          -9.290831950000000e+01,
          3.162517470000000e+01
        ],
        [
          -9.288308040000000e+01,
          3.161660770000000e+01
        ],
        [
          -9.287144040000000e+01,
          3.161766970000000e+01
        ],
        [
          -9.284095340000000e+01,
          3.160123870000000e+01
        ],
        [
          -9.280621240000001e+01,
          3.159855370000000e+01
        ],
        [
          -9.278737540000000e+01,
          3.157866670000000e+01
        ],
        [
          -9.275705840000001e+01,
          3.155884370000000e+01
        ],
        [
          -9.276131640000000e+01,
          3.154739370000000e+01
        ],
        [
          -9.271890540000000e+01,
          3.151748170000000e+01
        ],
        [
          -9.270195640000000e+01,
          3.149438560000000e+01
        ],
        [
          -9.268332140000000e+01,
          3.149900860000000e+01
        ],
        [
          -9.269873140000000e+01,
          3.149188660000000e+01
        ],
        [
          -9.269315340000000e+01,
          3.147127960000000e+01
        ],
        [
          -9.270695440000000e+01,
          3.147047860000000e+01
        ],
        [
          -9.270623940000000e+01,
          3.145068860000000e+01
        ],
        [
          -9.268016140000000e+01,
          3.144409060000000e+01
        ],
        [
          -9.269442840000001e+01,
          3.142816760000000e+01
        ],
        [
          -9.267761240000000e+01,
          3.141474360000000e+01
        ],
        [
          -9.269467240000000e+01,
          3.140724560000000e+01
        ],
        [
          -9.269289340000000e+01,
          3.139960360000000e+01
        ],
        [
          -9.267915340000000e+01,
          3.139614860000000e+01
        ],
        [
          -9.266966640000000e+01,
          3.140410560000000e+01
        ],
        [
          -9.265865239999999e+01,
          3.138808360000000e+01
        ],
        [
          -9.263195039999999e+01,
          3.139048360000000e+01
        ],
        [
          -9.230149330000000e+01,
          3.145891370000000e+01
        ],
        [
          -9.227963930000000e+01,
          3.146138370000000e+01
        ],
        [
          -9.219613730000000e+01,
          3.147788270000000e+01
        ],
        [
          -9.221273930000000e+01,
          3.148165070000000e+01
        ],
        [
          -9.221397530000000e+01,
          3.149158470000000e+01
        ],
        [
          -9.224827630000000e+01,
          3.148448570000000e+01
        ],
        [
          -9.223946730000000e+01,
          3.150123270000000e+01
        ],
        [
          -9.224906129999999e+01,
          3.150592870000000e+01
        ],
        [
          -9.226620830000000e+01,
          3.149279670000000e+01
        ],
        [
          -9.227762130000001e+01,
          3.149624170000000e+01
        ],
        [
          -9.227509430000001e+01,
          3.153609270000000e+01
        ],
        [
          -9.228690229999999e+01,
          3.153658970000000e+01
        ],
        [
          -9.230457430000000e+01,
          3.155316270000000e+01
        ],
        [
          -9.229871530000000e+01,
          3.156325370000000e+01
        ],
        [
          -9.231023730000000e+01,
          3.157324070000000e+01
        ],
        [
          -9.232008630000000e+01,
          3.157173570000000e+01
        ],
        [
          -9.230686129999999e+01,
          3.158952570000000e+01
        ],
        [
          -9.234297630000000e+01,
          3.159582970000000e+01
        ],
        [
          -9.238444730000001e+01,
          3.162044270000000e+01
        ],
        [
          -9.236776130000000e+01,
          3.162590570000000e+01
        ],
        [
          -9.234676630000000e+01,
          3.162858270000000e+01
        ],
        [
          -9.236059229999999e+01,
          3.164291870000000e+01
        ],
        [
          -9.236573430000000e+01,
          3.167228870000000e+01
        ],
        [
          -9.235015129999999e+01,
          3.168074170000000e+01
        ],
        [
          -9.234774530000000e+01,
          3.169658970000000e+01
        ],
        [
          -9.237248230000000e+01,
          3.170152470000000e+01
        ],
        [
          -9.236837629999999e+01,
          3.172302970000000e+01
        ],
        [
          -9.236048930000000e+01,
          3.172146770000000e+01
        ],
        [
          -9.235071530000000e+01,
          3.173853270000000e+01
        ],
        [
          -9.235827829999999e+01,
          3.174273170000000e+01
        ],
        [
          -9.234493030000000e+01,
          3.175490070000000e+01
        ],
        [
          -9.235298030000000e+01,
          3.178040070000000e+01
        ],
        [
          -9.236129330000000e+01,
          3.178136570000000e+01
        ],
        [
          -9.236261430000000e+01,
          3.179663870000000e+01
        ],
        [
          -9.261931540000000e+01,
          3.179729370000000e+01
        ],
        [
          -9.262086640000000e+01,
          3.170962370000000e+01
        ],
        [
          -9.297353550000000e+01,
          3.170892770000000e+01
        ]
      ]
    ]
  ],
  ""type"": ""MultiPolygon""
}",2234,22,043,22043,Grant Parish,LA,62721,0,429,,2,,2,11624.384996945,,,2,,2,10431.894064131,,10033.372180373,21.3,11416,1321,11.571478626,22236,1,4.497211729,,,3061,,2564,2621,23.6,38.8,3859,167,,,65.476190476,,,,43.213633597,43.275459964,,,,,,,,,,185,180.375,97.5,8365,289,3.454871488,1070,,,55.056179775,40.476190476,10.520547945,23.7,4.527807395,1781,0,192,,,21.596244131,,,,9.283819629,10.780460415,156405,49,,,,,,36.783146631,31.32892171,5.926440996,25476,117907,4.628159837,22236,106,476.7,18.919109573,,,50,,38,39,22000,22000,4568,20.763636364,22000,3497,15.895454545,22000,3329,15.131818182,22000,310,1.409090909,22000,1244,5.654545455,22000,9552,43.418181818,22169,22169,100,20982,442,2.106567534,11.9,18937,59,311.6,22000,16,72.727272727,,,43333,,62446,52832,2703,1953,72.253052164,7706,6665,,,,,80.577518047,86.491045938,6963,2398,34.439178515,30.7,22000,11,0.05,22000,138,0.6272727273,4598,1309,28.468899522,22309,1973.080649183,8.844325829,15973,1486,9.303199149,22000,3,13.636363636,4766,180,3.776751993,1,8.9,22000,16672,75.781818182,62721,429,,,630.040558023,,,566.086307618,549.730032367,20338,13,,,,,,60.496067756,63.919756122,,,,,,,,,,,22000,8,36.363636364,22169,15638,70.539943164,13,8.844325829,7.2,33,13,39.393939394,111697,107,,,58.678558855,,,111.331169212,95.794873631,7055,625,7.334293948,0.8929836995,0.8504606662,8.858965273,7706,37.4,66879,13,,,,,,19.599004371,19.438089684,2880,13,22236,24,10.793308149,74.268735426,37,14,19.5,,,72.475609309,,,73.786004986,74.228441626,111697,20,,,,,,22.266233842,17.905583856,1075,212,19.720930233,54455,40377,0.7414746121,6719,5499,81.842536092,6387,350,5.479881008,,,37,,39,39,5.063232662,,,,,,,,,,,,,,,,,111697,19,17.010304664,,,,,,20.597489788,16.235665774,6719,5172,76.975740438,0.112495173,15725,12650,80.445151033,329.1094,,52832,,26.552089643,1249,4,3.20256205,17185,9392,54.652313064,50.7,2024,2384800187.08984,282942.852491894
"{
  ""coordinates"": [
    [
      [
        [
          -9.208562329999999e+01,
          3.296519900000000e+01
        ],
        [
          -9.207669930000000e+01,
          3.293387700000000e+01
        ],
        [
          -9.207727230000000e+01,
          3.289316500000000e+01
        ],
        [
          -9.208430230000000e+01,
          3.288218200000000e+01
        ],
        [
          -9.207836829999999e+01,
          3.286493500000000e+01
        ],
        [
          -9.205604430000000e+01,
          3.283753590000000e+01
        ],
        [
          -9.206702030000000e+01,
          3.283395290000000e+01
        ],
        [
          -9.206599629999999e+01,
          3.282143990000000e+01
        ],
        [
          -9.205273430000000e+01,
          3.279473990000000e+01
        ],
        [
          -9.206314430000000e+01,
          3.276218490000000e+01
        ],
        [
          -9.205267430000001e+01,
          3.273695990000000e+01
        ],
        [
          -9.206964530000000e+01,
          3.273351890000000e+01
        ],
        [
          -9.206518530000000e+01,
          3.272300890000000e+01
        ],
        [
          -9.205214130000000e+01,
          3.271516290000000e+01
        ],
        [
          -9.205585630000000e+01,
          3.269807990000000e+01
        ],
        [
          -9.204283529999999e+01,
          3.269925390000000e+01
        ],
        [
          -9.205013930000000e+01,
          3.268643290000000e+01
        ],
        [
          -9.203188530000000e+01,
          3.270037790000000e+01
        ],
        [
          -9.204430730000000e+01,
          3.270657190000000e+01
        ],
        [
          -9.203324730000000e+01,
          3.271234190000000e+01
        ],
        [
          -9.201600230000000e+01,
          3.270066490000000e+01
        ],
        [
          -9.197503230000000e+01,
          3.271143390000000e+01
        ],
        [
          -9.196730330000000e+01,
          3.268622790000000e+01
        ],
        [
          -9.194772230000000e+01,
          3.266481190000000e+01
        ],
        [
          -9.193524619999999e+01,
          3.265866590000000e+01
        ],
        [
          -9.192252920000000e+01,
          3.266757990000000e+01
        ],
        [
          -9.191117420000000e+01,
          3.266114490000000e+01
        ],
        [
          -9.192422019999999e+01,
          3.264526090000000e+01
        ],
        [
          -9.192440720000000e+01,
          3.261859290000000e+01
        ],
        [
          -9.194342519999999e+01,
          3.258712490000000e+01
        ],
        [
          -9.192459920000000e+01,
          3.258267390000000e+01
        ],
        [
          -9.192074420000000e+01,
          3.254741690000000e+01
        ],
        [
          -9.190730720000001e+01,
          3.253526790000000e+01
        ],
        [
          -9.190445420000000e+01,
          3.251481990000000e+01
        ],
        [
          -9.191306320000000e+01,
          3.250590790000000e+01
        ],
        [
          -9.190331820000000e+01,
          3.250984390000000e+01
        ],
        [
          -9.189783020000000e+01,
          3.253566590000000e+01
        ],
        [
          -9.188720619999999e+01,
          3.254395390000000e+01
        ],
        [
          -9.186644520000000e+01,
          3.252248890000000e+01
        ],
        [
          -9.183953820000001e+01,
          3.251848790000000e+01
        ],
        [
          -9.183765820000001e+01,
          3.254353690000000e+01
        ],
        [
          -9.181842120000000e+01,
          3.255384090000000e+01
        ],
        [
          -9.181653820000000e+01,
          3.256471290000000e+01
        ],
        [
          -9.180432620000001e+01,
          3.257132190000000e+01
        ],
        [
          -9.176980420000000e+01,
          3.255438090000000e+01
        ],
        [
          -9.175470919999999e+01,
          3.256149590000000e+01
        ],
        [
          -9.174229219999999e+01,
          3.255891190000000e+01
        ],
        [
          -9.173512420000000e+01,
          3.257148290000000e+01
        ],
        [
          -9.173477620000000e+01,
          3.258785990000000e+01
        ],
        [
          -9.171989120000001e+01,
          3.260573090000000e+01
        ],
        [
          -9.170599720000000e+01,
          3.261318290000000e+01
        ],
        [
          -9.169030220000000e+01,
          3.260846890000000e+01
        ],
        [
          -9.167199220000001e+01,
          3.261119290000000e+01
        ],
        [
          -9.164709920000000e+01,
          3.263992990000000e+01
        ],
        [
          -9.163760120000001e+01,
          3.266730390000000e+01
        ],
        [
          -9.162199920000000e+01,
          3.267994990000000e+01
        ],
        [
          -9.162402920000000e+01,
          3.269567590000000e+01
        ],
        [
          -9.163888919999999e+01,
          3.270247790000000e+01
        ],
        [
          -9.162857320000001e+01,
          3.271911790000000e+01
        ],
        [
          -9.161772520000000e+01,
          3.272082190000000e+01
        ],
        [
          -9.159717720000000e+01,
          3.274890290000000e+01
        ],
        [
          -9.159541320000000e+01,
          3.276621300000000e+01
        ],
        [
          -9.160277120000001e+01,
          3.278745000000000e+01
        ],
        [
          -9.158940420000000e+01,
          3.279752700000000e+01
        ],
        [
          -9.159100119999999e+01,
          3.280795500000000e+01
        ],
        [
          -9.157775620000000e+01,
          3.283001600000000e+01
        ],
        [
          -9.156636920000000e+01,
          3.285556700000000e+01
        ],
        [
          -9.153473420000000e+01,
          3.287747600000000e+01
        ],
        [
          -9.151152110000000e+01,
          3.287901300000000e+01
        ],
        [
          -9.149466110000000e+01,
          3.289080200000000e+01
        ],
        [
          -9.149830210000000e+01,
          3.290171100000000e+01
        ],
        [
          -9.147576610000000e+01,
          3.292972900000000e+01
        ],
        [
          -9.147974210000000e+01,
          3.293542600000000e+01
        ],
        [
          -9.145628510000000e+01,
          3.296584800000000e+01
        ],
        [
          -9.143755710000001e+01,
          3.298093800000000e+01
        ],
        [
          -9.144989409999999e+01,
          3.298338200000000e+01
        ],
        [
          -9.143893110000000e+01,
          3.299096300000000e+01
        ],
        [
          -9.143578810000000e+01,
          3.300610500000000e+01
        ],
        [
          -9.145337510000000e+01,
          3.300584900000000e+01
        ],
        [
          -9.146038380000000e+01,
          3.300591540000000e+01
        ],
        [
          -9.148918209999999e+01,
          3.300618800000000e+01
        ],
        [
          -9.150012420000000e+01,
          3.300679000000000e+01
        ],
        [
          -9.155950020000000e+01,
          3.300684600000000e+01
        ],
        [
          -9.157233220000001e+01,
          3.300691400000000e+01
        ],
        [
          -9.157964520000000e+01,
          3.300647800000000e+01
        ],
        [
          -9.157980820000000e+01,
          3.300652400000000e+01
        ],
        [
          -9.160900719999999e+01,
          3.300656200000000e+01
        ],
        [
          -9.161762120000000e+01,
          3.300672300000000e+01
        ],
        [
          -9.162667620000001e+01,
          3.300664500000000e+01
        ],
        [
          -9.173553720000000e+01,
          3.300757500000000e+01
        ],
        [
          -9.175507420000000e+01,
          3.300701600000000e+01
        ],
        [
          -9.187513430000000e+01,
          3.300773400000000e+01
        ],
        [
          -9.195000730000000e+01,
          3.300752600000000e+01
        ],
        [
          -9.195196430000000e+01,
          3.300743400000000e+01
        ],
        [
          -9.206893520000000e+01,
          3.300816790000000e+01
        ],
        [
          -9.207101030000000e+01,
          3.298864900000000e+01
        ],
        [
          -9.208167030000000e+01,
          3.298210600000000e+01
        ],
        [
          -9.207609429999999e+01,
          3.296961500000000e+01
        ],
        [
          -9.208562329999999e+01,
          3.296519900000000e+01
        ]
      ]
    ]
  ],
  ""type"": ""MultiPolygon""
}",2255,22,067,22067,Morehouse Parish,LA,68309,0,747,,2,,2,20154.024935227,,,2,,2,13166.356129122,,16532.362895585,27,13424,1587,11.822109654,25025,6,23.976023976,,,6631,,3270,4006,27.2,42.1,5310,243,,,58.589870904,,,,30.361445783,45.762711864,177631,40,,,37.886411802,,,,22.518591912,254,180.34,71,9947,521,5.237760129,2221,,,59.541284404,,22.170012815,39.7,5.035482285,2165,0,344,,,20.843471208,,,,9.395973154,15.889145497,177631,50,,,27.230858482,,,28.64082119,28.148239891,6.382456078,14579,89097,6.111324508,25025,205,819.2,14.58702154,,,42,,35,37,24446,24446,5663,23.165344024,24446,4897,20.03190706,24446,11729,47.979219504,24446,70,0.2863454144,24446,424,1.734435081,24446,12410,50.764951321,25629,13025,50.821335206,23854,60,0.2515301417,15.7,20806,92,442.2,24446,89,364.067741144,,85833,27366,,51386,39493,3267,88,2.693602694,9196,7850,,,79.026610644,,90.17288444,85.363201392,6033,2821,46.759489475,37.2,24446,17,0.06954102921,24446,136,0.5563282337,5881,2719,46.233633736,27979,3894.386303103,13.918961732,19100,1774,9.287958115,24446,9,36.815838992,5973,206,3.448853173,1,9.1,24446,11747,48.052851182,68309,747,,,923.258829286,,,706.699571348,796.505912002,26036,32,,,182.353766307,,,,122.906744508,2275,28,,,18.433179724,,,,,12.307692308,24446,25,102.266219422,25629,14734,57.489562605,16.7,13.918961732,5.8,31,5,16.129032258,125165,171,,,129.322651618,,,148.259176591,136.619662046,9740,1570,13.078579117,2.977412731,0.7186858316,16.119096509,9196,38.8,74126,29,,,28.35190383,,,49.642847293,39.122575075,4330,16.7,25025,36,14.385614386,52.182409178,41.8,16,21.7,,,66.202858128,,,70.865649222,68.703409707,125165,46,,,45.346903814,,,30.955212695,36.751488036,,,,43976,30512,0.6938329998,9474,6323,66.740553093,8478,1439,16.97334277,,,36,,44,42,20.63818004,,,,,,,,,,,,,,,,,125165,23,18.375744018,,,,,,22.243873472,15.918909208,9474,6381,67.352754908,0.2746583529,17377,14066,80.946078149,-18941.74,,39493,,40.250170916,1697,7,4.124926341,19070,11574,60.692186681,57.1,2024,2964389513.17578,280325.598054572
"{
  ""coordinates"": [
    [
      [
        [
          -8.993149080000001e+01,
          3.416430930000000e+01
        ],
        [
          -8.993175280000000e+01,
          3.414431330000000e+01
        ],
        [
          -8.992550280000000e+01,
          3.414055930000000e+01
        ],
        [
          -8.992610480000000e+01,
          3.389796320000000e+01
        ],
        [
          -8.976930170000000e+01,
          3.389714330000000e+01
        ],
        [
          -8.976905570000000e+01,
          3.386734020000000e+01
        ],
        [
          -8.950735870000000e+01,
          3.386747530000000e+01
        ],
        [
          -8.950783670000000e+01,
          3.407090130000000e+01
        ],
        [
          -8.950975370000000e+01,
          3.416208830000000e+01
        ],
        [
          -8.950944570000000e+01,
          3.419096630000000e+01
        ],
        [
          -8.972105569999999e+01,
          3.419255130000000e+01
        ],
        [
          -8.972143670000000e+01,
          3.416351930000000e+01
        ],
        [
          -8.993149080000001e+01,
          3.416430930000000e+01
        ]
      ]
    ]
  ],
  ""type"": ""MultiPolygon""
}",2264,28,161,28161,Yalobusha County,MS,33471,0,348,,2,,2,12512.843745872,,,2,,2,18928.37310475,,15792.073474315,24.2,6964,1121,16.097070649,12415,1,8.054772453,,,8293,,4473,5318,22.9,43.4,2524,114,,,36.90685413,,,,49.284578696,45.166402536,,,,,,,,,,,,,4749,194,4.085070541,801,,,54.344262295,,16.248153619,30.5,4.080712961,1064,0,125,,,14.519906323,,,,10.147299509,11.748120301,86312,35,,,36.026299198,,,46,40.550560756,5.011377999,18646,91311,4.897082484,12415,79,636.3,12.753443874,,,33,,31,32,12364,12364,2692,21.772889033,12364,2678,21.659657069,12364,4769,38.571659657,12364,41,0.3316078939,12364,221,1.787447428,12364,6301,50.962471692,12481,12481,100,11755,47,0.3998298596,13.5,10550,30,284.4,12364,3,24.263992236,,,28951,67963,55446,45658,1470,1464,99.591836735,4991,4454,,,,,92.24011713,89.24063314,3126,1318,42.162507997,33,12364,1,0.008087997412,12364,30,0.2426399224,2708,1140,42.097488922,12678,1169.166869888,9.222013487,9563,1253,13.102582871,12364,2,16.175994824,2739,146,5.330412559,0,8.9,12364,7130,57.667421546,33471,348,,,630.546546108,,,825.341459616,727.601182476,11721,14,,,,,,170.010200612,119.44373347,,,,,,,,,,,12364,14,113.231963766,12481,5027,40.277221376,16.5,9.222013487,6.4,23,3,13.043478261,61394,77,,,71.899847741,,,165.884106053,125.419422093,5110,550,8.734939759,1.722113503,0.5675146771,10.763209393,4991,42,,,,,,,,,,2070,16.5,12415,17,13.69311317,22.018957385,35.7,13.5,17.8,,,71.483825614,,,68.163519209,69.853021468,61394,18,,,,,,36.550735232,29.318825944,,,,50653,35056,0.6920814167,5106,3557,69.663141402,4649,462,9.937620994,,,19,,33,31,4.397973885,1200,5,12,14.166666667,,,2.651399979,,3.218148902,2.885677097,,,2.384858546,,2.725377078,2.535942502,61394,14,22.80353129,,,,,,35.0657501,22.792447964,5106,3652,71.523697611,0.08521973501,8961,7569,84.466019417,-23214.285,,45658,,15.362039511,769,3,3.901170351,9520,6535,68.644957983,53.4,2024,1871826887.21484,181017.299361692
"{
  ""coordinates"": [
    [
      [
        [
          -9.099153490000000e+01,
          3.046182350000000e+01
        ],
        [
          -9.098693790000000e+01,
          3.044836650000000e+01
        ],
        [
          -9.097344990000001e+01,
          3.043770650000000e+01
        ],
        [
          -9.098116390000000e+01,
          3.042226850000000e+01
        ],
        [
          -9.096331790000001e+01,
          3.041798650000000e+01
        ],
        [
          -9.095792790000000e+01,
          3.040608150000000e+01
        ],
        [
          -9.097041489999999e+01,
          3.040501250000000e+01
        ],
        [
          -9.096826990000000e+01,
          3.038915650000000e+01
        ],
        [
          -9.094920290000000e+01,
          3.039445050000000e+01
        ],
        [
          -9.093723590000000e+01,
          3.036657050000000e+01
        ],
        [
          -9.090619090000000e+01,
          3.036122850000000e+01
        ],
        [
          -9.089173390000001e+01,
          3.034524950000000e+01
        ],
        [
          -9.085957680000000e+01,
          3.033902050000000e+01
        ],
        [
          -9.083075780000000e+01,
          3.031863050000000e+01
        ],
        [
          -9.082405079999999e+01,
          3.029269750000000e+01
        ],
        [
          -9.081091580000000e+01,
          3.027570650000000e+01
        ],
        [
          -9.078470080000000e+01,
          3.028027150000000e+01
        ],
        [
          -9.079091480000000e+01,
          3.026681450000000e+01
        ],
        [
          -9.076780979999999e+01,
          3.023975450000000e+01
        ],
        [
          -9.074911480000000e+01,
          3.024128650000000e+01
        ],
        [
          -9.073141280000000e+01,
          3.022115850000000e+01
        ],
        [
          -9.073441880000000e+01,
          3.021188340000000e+01
        ],
        [
          -9.072263780000000e+01,
          3.020651940000000e+01
        ],
        [
          -9.071954479999999e+01,
          3.018999940000000e+01
        ],
        [
          -9.070327580000000e+01,
          3.018581140000000e+01
        ],
        [
          -9.069455979999999e+01,
          3.017516840000000e+01
        ],
        [
          -9.067329280000000e+01,
          3.019801840000000e+01
        ],
        [
          -9.067897379999999e+01,
          3.020669540000000e+01
        ],
        [
          -9.066169580000000e+01,
          3.021372750000000e+01
        ],
        [
          -9.066042779999999e+01,
          3.022553550000000e+01
        ],
        [
          -9.064762180000000e+01,
          3.023275450000000e+01
        ],
        [
          -9.063191080000000e+01,
          3.022119550000000e+01
        ],
        [
          -9.059950580000000e+01,
          3.021684150000000e+01
        ],
        [
          -9.059202680000000e+01,
          3.020832950000000e+01
        ],
        [
          -9.057782080000000e+01,
          3.019717350000000e+01
        ],
        [
          -9.055415280000000e+01,
          3.019563350000000e+01
        ],
        [
          -9.050908170000000e+01,
          3.023014050000000e+01
        ],
        [
          -9.048583170000001e+01,
          3.027699750000000e+01
        ],
        [
          -9.048228970000000e+01,
          3.028866050000000e+01
        ],
        [
          -9.048537570000001e+01,
          3.032169850000000e+01
        ],
        [
          -9.047376570000000e+01,
          3.034525150000000e+01
        ],
        [
          -9.047780570000000e+01,
          3.035645250000000e+01
        ],
        [
          -9.048835269999999e+01,
          3.035542350000000e+01
        ],
        [
          -9.049303770000000e+01,
          3.036619650000000e+01
        ],
        [
          -9.050365470000000e+01,
          3.036275650000000e+01
        ],
        [
          -9.049966770000000e+01,
          3.037519950000000e+01
        ],
        [
          -9.051456080000000e+01,
          3.040625550000000e+01
        ],
        [
          -9.054612380000000e+01,
          3.043028850000000e+01
        ],
        [
          -9.054663080000000e+01,
          3.044862050000000e+01
        ],
        [
          -9.055664380000000e+01,
          3.048399250000000e+01
        ],
        [
          -9.056691180000000e+01,
          3.048706550000000e+01
        ],
        [
          -9.056690580000000e+01,
          3.052613550000000e+01
        ],
        [
          -9.056713180000000e+01,
          3.065002050000000e+01
        ],
        [
          -9.091070689999999e+01,
          3.064939050000000e+01
        ],
        [
          -9.094058790000000e+01,
          3.061989550000000e+01
        ],
        [
          -9.093221990000001e+01,
          3.061841450000000e+01
        ],
        [
          -9.095686490000000e+01,
          3.059950250000000e+01
        ],
        [
          -9.097225290000000e+01,
          3.059689250000000e+01
        ],
        [
          -9.098576490000001e+01,
          3.058445950000000e+01
        ],
        [
          -9.098810690000001e+01,
          3.057219150000000e+01
        ],
        [
          -9.097130790000000e+01,
          3.056269250000000e+01
        ],
        [
          -9.097403890000000e+01,
          3.053951050000000e+01
        ],
        [
          -9.098439089999999e+01,
          3.053064250000000e+01
        ],
        [
          -9.096789590000000e+01,
          3.050438650000000e+01
        ],
        [
          -9.097652189999999e+01,
          3.046727250000000e+01
        ],
        [
          -9.099153490000000e+01,
          3.046182350000000e+01
        ]
      ]
    ]
  ],
  ""type"": ""MultiPolygon""
}",2275,22,063,22063,Livingston Parish,LA,408260,0,2345,,2,,2,11800.653126278,,6366.588833737,,,2,10656.519650679,,10357.63701066,16.6,87744,9087,10.356263676,145830,30,20.571898786,,,7358,,2892,2978,19.3,37,32113,740,,,29.301277235,34.726309594,,23.391812865,21.965748325,23.043627191,986077,70,,,23.505905859,,,5.720850515,7.098837109,1600,1456,91,72126,2053,2.846407675,5575,,2.891566265,21.996124031,11.858336649,12.533830094,15.1,4.054547307,12902,0,1086,,9.79020979,13.309090909,7.324840764,,,7.819928204,8.417299643,986077,203,,,14.691191162,,,21.949385651,20.586627616,5.514588886,32193,139030,4.318640698,145830,651,446.4,18.685386786,,45,40,,43,42,148425,148425,37434,25.220818595,148425,20946,14.112177868,148425,13966,9.40946606,148425,761,0.5127168604,148425,7278,4.903486609,148425,75159,50.637695806,142282,55144,38.756835018,134232,1755,1.307437869,9.9,119758,388,324,148425,180,121.273370389,63750,138250,67740,62753,79719,72887,26163,14786,56.514925658,64898,55390,,,76.488706366,63.739376771,79.695767196,85.34931739,40750,22810,55.975460123,27.8,148425,70,0.04716186626,148425,1224,0.8246589186,36474,7945,21.782639689,128026,9993.36973116,7.805734563,124688,10686,8.570191197,148425,55,37.055752063,38705,1752,4.526546958,1,9.5,148425,123520,83.220481725,408260,2345,,,647.416984278,323.381529724,,503.803212945,497.049181264,157893,107,,,113.090189426,,,65.619873447,67.767412108,12921,92,,,,,,,6.426006426,7.120191936,148425,57,38.403233957,142282,86030,60.464429794,10.4,7.805734563,7.8,144,51,35.416666667,708151,822,,,69.220576311,61.525840853,,125.300590726,116.076938393,48690,4590,6.785862786,2.413226535,0.5442596016,9.426987061,64898,59.6,430356,267,,,,,,69.677153485,62.041658534,14630,10.4,145830,98,6.720153604,49.640983465,36.5,12,18.6,,,73.127104339,88.174242329,,74.488803621,74.805127139,708151,115,,,21.755038269,,,16.173087982,16.239474349,8005,896,11.193004372,71031,46289,0.6516732131,49770,40937,82.25236086,48039,3813,7.937300943,,58,35,26,42,41,34.006815737,,,,,,,,,,,,,,,,,708151,117,16.52189999,,,,,,17.483489539,16.285791227,49770,44393,89.196302994,0.07098031989,94939,84202,88.690632933,-112.5156,,72887,,16.568112283,9199,38,4.130883792,102355,65230,63.729177861,59.9,2024,2415892861.63281,223570.423613297
"{
  ""coordinates"": [
    [
      [
        [
          -8.998988760000000e+01,
          2.998949540000000e+01
        ],
        [
          -9.001210759999999e+01,
          2.994598540000000e+01
        ],
        [
          -8.996977360000000e+01,
          2.992470740000000e+01
        ],
        [
          -8.993902660000001e+01,
          2.992455840000000e+01
        ],
        [
          -8.992102460000000e+01,
          2.991573440000000e+01
        ],
        [
          -8.990574560000000e+01,
          2.989346140000000e+01
        ],
        [
          -8.990236860000000e+01,
          2.988080140000000e+01
        ],
        [
          -8.991071359999999e+01,
          2.986787040000000e+01
        ],
        [
          -8.989593760000000e+01,
          2.983324240000000e+01
        ],
        [
          -8.987849060000001e+01,
          2.981519840000000e+01
        ],
        [
          -8.986972560000000e+01,
          2.979545640000000e+01
        ],
        [
          -8.985982050000000e+01,
          2.979304740000000e+01
        ],
        [
          -8.983066549999999e+01,
          2.980125140000000e+01
        ],
        [
          -8.981640050000000e+01,
          2.980133240000000e+01
        ],
        [
          -8.980300950000000e+01,
          2.979272940000000e+01
        ],
        [
          -8.978620350000000e+01,
          2.977328640000000e+01
        ],
        [
          -8.979075949999999e+01,
          2.976082640000000e+01
        ],
        [
          -8.976773249999999e+01,
          2.975532840000000e+01
        ],
        [
          -8.975802849999999e+01,
          2.975850340000000e+01
        ],
        [
          -8.972105050000000e+01,
          2.975765740000000e+01
        ],
        [
          -8.970503850000000e+01,
          2.975279740000000e+01
        ],
        [
          -8.969221349999999e+01,
          2.973846240000000e+01
        ],
        [
          -8.968385850000000e+01,
          2.971603840000000e+01
        ],
        [
          -8.966028750000000e+01,
          2.970875240000000e+01
        ],
        [
          -8.962818650000000e+01,
          2.968068740000000e+01
        ],
        [
          -8.957093350000000e+01,
          2.966505140000000e+01
        ],
        [
          -8.953376550000000e+01,
          2.967020940000000e+01
        ],
        [
          -8.951956850000001e+01,
          2.969222040000000e+01
        ],
        [
          -8.952489250000001e+01,
          2.972657140000000e+01
        ],
        [
          -8.948696640000000e+01,
          2.972592540000000e+01
        ],
        [
          -8.946760440000000e+01,
          2.969902440000000e+01
        ],
        [
          -8.947118740000001e+01,
          2.967316340000000e+01
        ],
        [
          -8.946556740000000e+01,
          2.965174340000000e+01
        ],
        [
          -8.943381340000001e+01,
          2.965637040000000e+01
        ],
        [
          -8.942667240000000e+01,
          2.967863040000000e+01
        ],
        [
          -8.942421539999999e+01,
          2.969764340000000e+01
        ],
        [
          -8.940396140000000e+01,
          2.968181340000000e+01
        ],
        [
          -8.938779940000001e+01,
          2.967999640000000e+01
        ],
        [
          -8.939609539999999e+01,
          2.969572540000000e+01
        ],
        [
          -8.943025539999999e+01,
          2.971261140000000e+01
        ],
        [
          -8.942821240000001e+01,
          2.974155540000000e+01
        ],
        [
          -8.941454140000000e+01,
          2.975237640000000e+01
        ],
        [
          -8.939916740000000e+01,
          2.977059740000000e+01
        ],
        [
          -8.939461340000000e+01,
          2.978483340000000e+01
        ],
        [
          -8.938606840000000e+01,
          2.978882040000000e+01
        ],
        [
          -8.936727639999999e+01,
          2.977515340000000e+01
        ],
        [
          -8.935418439999999e+01,
          2.978141740000000e+01
        ],
        [
          -8.933766740000000e+01,
          2.977914040000000e+01
        ],
        [
          -8.932513940000000e+01,
          2.977230640000000e+01
        ],
        [
          -8.931603040000000e+01,
          2.976091740000000e+01
        ],
        [
          -8.930520439999999e+01,
          2.975693140000000e+01
        ],
        [
          -8.927103940000001e+01,
          2.975636040000000e+01
        ],
        [
          -8.926933040000000e+01,
          2.976091740000000e+01
        ],
        [
          -8.928471140000001e+01,
          2.977002640000000e+01
        ],
        [
          -8.928413940000000e+01,
          2.979565440000000e+01
        ],
        [
          -8.927730339999999e+01,
          2.979964040000000e+01
        ],
        [
          -8.927730339999999e+01,
          2.980761340000000e+01
        ],
        [
          -8.929325640000000e+01,
          2.980305840000000e+01
        ],
        [
          -8.931831140000000e+01,
          2.978882040000000e+01
        ],
        [
          -8.933197540000000e+01,
          2.979052940000000e+01
        ],
        [
          -8.934278639999999e+01,
          2.979850140000000e+01
        ],
        [
          -8.934563940000000e+01,
          2.982014040000000e+01
        ],
        [
          -8.937297640000000e+01,
          2.982526540000000e+01
        ],
        [
          -8.938322239999999e+01,
          2.983039040000000e+01
        ],
        [
          -8.938379440000000e+01,
          2.983893340000000e+01
        ],
        [
          -8.936329440000000e+01,
          2.984576540000000e+01
        ],
        [
          -8.931773140000000e+01,
          2.985089040000000e+01
        ],
        [
          -8.929495740000000e+01,
          2.985715440000000e+01
        ],
        [
          -8.926990240000001e+01,
          2.986000240000000e+01
        ],
        [
          -8.925452240000000e+01,
          2.986455740000000e+01
        ],
        [
          -8.923630340000000e+01,
          2.987708640000000e+01
        ],
        [
          -8.923630340000000e+01,
          2.988676840000000e+01
        ],
        [
          -8.924143040000000e+01,
          2.988961540000000e+01
        ],
        [
          -8.927218440000000e+01,
          2.988676840000000e+01
        ],
        [
          -8.928925839999999e+01,
          2.988050440000000e+01
        ],
        [
          -8.931146740000000e+01,
          2.988164140000000e+01
        ],
        [
          -8.932229440000000e+01,
          2.988733840000000e+01
        ],
        [
          -8.931831140000000e+01,
          2.989815440000000e+01
        ],
        [
          -8.928014940000000e+01,
          2.992492040000000e+01
        ],
        [
          -8.926306740000000e+01,
          2.992947740000000e+01
        ],
        [
          -8.924484840000000e+01,
          2.993004540000000e+01
        ],
        [
          -8.923118340000001e+01,
          2.992548940000000e+01
        ],
        [
          -8.922377539999999e+01,
          2.996193440000000e+01
        ],
        [
          -8.921807640000000e+01,
          2.997275540000000e+01
        ],
        [
          -8.924997440000000e+01,
          2.997560240000000e+01
        ],
        [
          -8.924371140000000e+01,
          2.999724150000000e+01
        ],
        [
          -8.925053939999999e+01,
          3.000236650000000e+01
        ],
        [
          -8.927332040000000e+01,
          2.999382540000000e+01
        ],
        [
          -8.928356740000000e+01,
          2.997332540000000e+01
        ],
        [
          -8.931545840000000e+01,
          2.992321340000000e+01
        ],
        [
          -8.933189940000000e+01,
          2.991585540000000e+01
        ],
        [
          -8.936802440000000e+01,
          2.991149640000000e+01
        ],
        [
          -8.937860640000000e+01,
          2.991959340000000e+01
        ],
        [
          -8.937923240000001e+01,
          2.996380940000000e+01
        ],
        [
          -8.939356040000000e+01,
          2.996630040000000e+01
        ],
        [
          -8.940538540000000e+01,
          2.996567740000000e+01
        ],
        [
          -8.943279040000000e+01,
          2.997875740000000e+01
        ],
        [
          -8.943341640000000e+01,
          2.999121040000000e+01
        ],
        [
          -8.943279040000000e+01,
          3.000802740000000e+01
        ],
        [
          -8.942281840000000e+01,
          3.001550040000000e+01
        ],
        [
          -8.941597539999999e+01,
          3.002048240000000e+01
        ],
        [
          -8.939356040000000e+01,
          3.002982350000000e+01
        ],
        [
          -8.938110140000001e+01,
          3.003044650000000e+01
        ],
        [
          -8.937238040000000e+01,
          3.003667650000000e+01
        ],
        [
          -8.936864240000000e+01,
          3.004726150000000e+01
        ],
        [
          -8.937238040000000e+01,
          3.005473450000000e+01
        ],
        [
          -8.941847040000000e+01,
          3.004975250000000e+01
        ],
        [
          -8.942905240000000e+01,
          3.005224550000000e+01
        ],
        [
          -8.944462340000000e+01,
          3.006096450000000e+01
        ],
        [
          -8.945895140000000e+01,
          3.006345550000000e+01
        ],
        [
          -8.948193150000000e+01,
          3.007913350000000e+01
        ],
        [
          -8.949348950000000e+01,
          3.007219650000000e+01
        ],
        [
          -8.949928050000000e+01,
          3.005889850000000e+01
        ],
        [
          -8.949464250000000e+01,
          3.005080550000000e+01
        ],
        [
          -8.949406949999999e+01,
          3.004097750000000e+01
        ],
        [
          -8.950159250000000e+01,
          3.003404250000000e+01
        ],
        [
          -8.955129750000000e+01,
          3.000571440000000e+01
        ],
        [
          -8.957153850000000e+01,
          2.999993140000000e+01
        ],
        [
          -8.958136550000000e+01,
          2.999472740000000e+01
        ],
        [
          -8.957443050000001e+01,
          2.998374340000000e+01
        ],
        [
          -8.957500250000000e+01,
          2.995946040000000e+01
        ],
        [
          -8.958310450000000e+01,
          2.994558640000000e+01
        ],
        [
          -8.958310450000000e+01,
          2.993171040000000e+01
        ],
        [
          -8.959235150000001e+01,
          2.991725840000000e+01
        ],
        [
          -8.959119950000000e+01,
          2.989702340000000e+01
        ],
        [
          -8.959813450000000e+01,
          2.988141440000000e+01
        ],
        [
          -8.961316450000000e+01,
          2.987216540000000e+01
        ],
        [
          -8.963802149999999e+01,
          2.986407040000000e+01
        ],
        [
          -8.966057350000000e+01,
          2.986291440000000e+01
        ],
        [
          -8.967156050000000e+01,
          2.986754040000000e+01
        ],
        [
          -8.969200950000000e+01,
          2.986872740000000e+01
        ],
        [
          -8.971116350000000e+01,
          2.987929240000000e+01
        ],
        [
          -8.974248450000000e+01,
          2.990817540000000e+01
        ],
        [
          -8.974627850000000e+01,
          2.992822640000000e+01
        ],
        [
          -8.974273250000000e+01,
          2.993589940000000e+01
        ],
        [
          -8.973631650000000e+01,
          2.993626840000000e+01
        ],
        [
          -8.971291549999999e+01,
          2.994635440000000e+01
        ],
        [
          -8.971907250000000e+01,
          2.995370440000000e+01
        ],
        [
          -8.972793849999999e+01,
          2.995878540000000e+01
        ],
        [
          -8.974849750000000e+01,
          2.994583640000000e+01
        ],
        [
          -8.977546450000000e+01,
          2.993742140000000e+01
        ],
        [
          -8.980446850000000e+01,
          2.993259340000000e+01
        ],
        [
          -8.981803549999999e+01,
          2.993415040000000e+01
        ],
        [
          -8.982902850000001e+01,
          2.993923340000000e+01
        ],
        [
          -8.983850550000000e+01,
          2.994582140000000e+01
        ],
        [
          -8.984420760000000e+01,
          2.995565040000000e+01
        ],
        [
          -8.985231760000001e+01,
          2.997765540000000e+01
        ],
        [
          -8.985756360000001e+01,
          3.000444440000000e+01
        ],
        [
          -8.985453880000000e+01,
          3.000782650000000e+01
        ],
        [
          -8.988160460000000e+01,
          2.998620540000000e+01
        ],
        [
          -8.989513760000000e+01,
          3.000235040000000e+01
        ],
        [
          -8.991417360000000e+01,
          2.999910340000000e+01
        ],
        [
          -8.993901560000000e+01,
          2.998039640000000e+01
        ],
        [
          -8.995330160000000e+01,
          2.998122940000000e+01
        ],
        [
          -8.997429660000000e+01,
          2.999469740000000e+01
        ],
        [
          -8.998988760000000e+01,
          2.998949540000000e+01
        ]
      ]
    ],
    [
      [
        [
          -8.934216840000001e+01,
          3.005917750000000e+01
        ],
        [
          -8.933699640000000e+01,
          3.003999750000000e+01
        ],
        [
          -8.932871140000000e+01,
          3.003832850000000e+01
        ],
        [
          -8.930850940000001e+01,
          3.003976850000000e+01
        ],
        [
          -8.928126740000000e+01,
          3.003289950000000e+01
        ],
        [
          -8.927618440000001e+01,
          3.003174450000000e+01
        ],
        [
          -8.925978440000000e+01,
          3.004943850000000e+01
        ],
        [
          -8.923929440000001e+01,
          3.004081050000000e+01
        ],
        [
          -8.922722240000000e+01,
          3.002124950000000e+01
        ],
        [
          -8.922950539999999e+01,
          3.000043850000000e+01
        ],
        [
          -8.921568040000000e+01,
          2.999352850000000e+01
        ],
        [
          -8.920158940000000e+01,
          3.000143450000000e+01
        ],
        [
          -8.921234140000000e+01,
          3.001958250000000e+01
        ],
        [
          -8.920297940000000e+01,
          3.003462550000000e+01
        ],
        [
          -8.918396439999999e+01,
          3.003277350000000e+01
        ],
        [
          -8.917340640000000e+01,
          3.004336550000000e+01
        ],
        [
          -8.918580439999999e+01,
          3.006393950000000e+01
        ],
        [
          -8.922080540000000e+01,
          3.007145050000000e+01
        ],
        [
          -8.922709039999999e+01,
          3.009513150000000e+01
        ],
        [
          -8.921297140000000e+01,
          3.011543250000000e+01
        ],
        [
          -8.918326140000001e+01,
          3.014934950000000e+01
        ],
        [
          -8.919048040000000e+01,
          3.016176550000000e+01
        ],
        [
          -8.923317340000000e+01,
          3.013496250000000e+01
        ],
        [
          -8.930303139999999e+01,
          3.009157550000000e+01
        ],
        [
          -8.931643640000000e+01,
          3.006921850000000e+01
        ],
        [
          -8.934216840000001e+01,
          3.005917750000000e+01
        ]
      ]
    ],
    [
      [
        [
          -8.888145930000000e+01,
          3.005320750000000e+01
        ],
        [
          -8.887793830000000e+01,
          3.004113150000000e+01
        ],
        [
          -8.886786130000000e+01,
          3.002586350000000e+01
        ],
        [
          -8.885442430000001e+01,
          3.001204750000000e+01
        ],
        [
          -8.884938529999999e+01,
          2.999459350000000e+01
        ],
        [
          -8.883872030000001e+01,
          2.996233150000000e+01
        ],
        [
          -8.883738430000000e+01,
          2.994488350000000e+01
        ],
        [
          -8.883510930000000e+01,
          2.992256340000000e+01
        ],
        [
          -8.883678930000001e+01,
          2.988616440000000e+01
        ],
        [
          -8.884328230000000e+01,
          2.986381540000000e+01
        ],
        [
          -8.884686630000000e+01,
          2.983664140000000e+01
        ],
        [
          -8.885358429999999e+01,
          2.982134240000000e+01
        ],
        [
          -8.886127230000000e+01,
          2.980583140000000e+01
        ],
        [
          -8.886797830000000e+01,
          2.979133540000000e+01
        ],
        [
          -8.887373930000000e+01,
          2.977543140000000e+01
        ],
        [
          -8.887509630000000e+01,
          2.975982340000000e+01
        ],
        [
          -8.886295530000000e+01,
          2.975705740000000e+01
        ],
        [
          -8.884408329999999e+01,
          2.979571840000000e+01
        ],
        [
          -8.883271530000000e+01,
          2.982406740000000e+01
        ],
        [
          -8.882654330000000e+01,
          2.984709740000000e+01
        ],
        [
          -8.881815130000000e+01,
          2.988911440000000e+01
        ],
        [
          -8.881702230000000e+01,
          2.993425540000000e+01
        ],
        [
          -8.882416330000000e+01,
          2.997046650000000e+01
        ],
        [
          -8.883373030000000e+01,
          2.999882650000000e+01
        ],
        [
          -8.884123030000001e+01,
          3.001279450000000e+01
        ],
        [
          -8.885558829999999e+01,
          3.003441950000000e+01
        ],
        [
          -8.887048129999999e+01,
          3.004921750000000e+01
        ],
        [
          -8.888145930000000e+01,
          3.005320750000000e+01
        ]
      ]
    ],
    [
      [
        [
          -8.944209840000001e+01,
          3.014437450000000e+01
        ],
        [
          -8.945302750000000e+01,
          3.013907350000000e+01
        ],
        [
          -8.943900840000001e+01,
          3.012753250000000e+01
        ],
        [
          -8.942903640000000e+01,
          3.012856450000000e+01
        ],
        [
          -8.941769940000000e+01,
          3.014368750000000e+01
        ],
        [
          -8.942450640000000e+01,
          3.015346050000000e+01
        ],
        [
          -8.944209840000001e+01,
          3.014437450000000e+01
        ]
      ]
    ]
  ],
  ""type"": ""MultiPolygon""
}",2302,22,087,22087,St. Bernard Parish,LA,133038,0,811,,2,,2,15285.064891614,,5870.925959823,1,,2,12422.439491082,,12125.187256914,21.9,26844,3260,12.144240799,44258,11,24.854263636,,,5805,3127,3454,3677,23.2,40.6,9713,229,,,24.221453287,52.783109405,,34.482758621,17.699115044,23.576649851,323168,31,,,32.278021357,,,,9.592533914,489,435.21,89,20012,797,3.982610434,3261,25,41.28113879,38.661161899,39.64664311,20.492241841,29.1,4.546741343,4164,0,448,,,13.8424821,11.111111111,,,8.928571429,10.758885687,323168,53,,,18.828845792,,,18.48872188,16.400138628,6.039349571,20266,111041,5.479176947,44258,277,625.9,19.066206987,,,39,27,36,35,44479,44479,11352,25.522156523,44479,5942,13.359113289,44479,11129,25.020796331,44479,474,1.06567144,44479,4911,11.041165494,44479,22549,50.695833989,43764,2353,5.376565213,41120,599,1.456712062,12.9,36052,222,615.8,44479,154,346.230805549,,67500,36290,42356,64243,51485,7738,3346,43.241147583,18507,15341,,,66.055389222,71.185237757,82.854197686,82.892959421,13162,8225,62.490502963,32.5,44479,29,0.06519930754,44479,1021,2.295465276,11484,4539,39.524555904,35897,5808.696629425,16.181565672,38142,3667,9.614073725,44479,17,38.220283729,11828,447,3.779168076,0,7.8,44479,26190,58.881719463,133038,811,,,695.935972332,258.907225068,,572.744004943,551.609831383,52836,38,,,113.895216401,,,48.092930339,71.920660156,4232,29,,,,,,,,6.852551985,44479,27,60.70280357,43764,28577,65.297961795,15.8,16.181565672,5.8,30,7,23.333333333,232072,296,,,132.62110886,45.663996015,,147.461554666,127.546623462,15165,2770,15.117403315,3.857566766,0.6264424662,18.265743488,18507,48.1,139149,108,,,42.243746417,,,108.900226086,77.614643296,6900,15.8,44258,22,4.970852727,33.997062695,37.1,14.1,20.2,,,69.531924296,108.97906082,,72.939266356,73.68163686,232072,38,,,44.207036287,,,9.830770311,16.374228688,2477,375,15.139281389,62772,43046,0.685751609,15732,11312,71.904398678,14909,2286,15.333020323,,21,32,26,35,34,49.271248239,,,,,,,,,,,,,,,,,232072,29,12.496121893,,,,,,13.833941856,13.223073004,15732,13051,82.958301551,0.05032310567,29124,23641,81.173602527,-6300.24,,51485,,31.628629698,3061,10,3.26690624,33135,17650,53.266938283,62.5,2024,2249573556.90625,560022.66842313
"{
  ""coordinates"": [
    [
      [
        [
          -8.931786060000000e+01,
          3.310887710000000e+01
        ],
        [
          -8.931916860000000e+01,
          3.293166010000000e+01
        ],
        [
          -8.901772850000000e+01,
          3.293133210000000e+01
        ],
        [
          -8.901769650000000e+01,
          3.292639210000000e+01
        ],
        [
          -8.896531550000000e+01,
          3.292658010000000e+01
        ],
        [
          -8.896523050000000e+01,
          3.291911310000000e+01
        ],
        [
          -8.893051040000000e+01,
          3.291924610000000e+01
        ],
        [
          -8.893055440000001e+01,
          3.292668110000000e+01
        ],
        [
          -8.891441840000000e+01,
          3.292660610000000e+01
        ],
        [
          -8.890846139999999e+01,
          3.292680610000000e+01
        ],
        [
          -8.881278740000000e+01,
          3.292597910000000e+01
        ],
        [
          -8.881305840000000e+01,
          3.328643020000000e+01
        ],
        [
          -8.896596850000000e+01,
          3.328611420000000e+01
        ],
        [
          -8.908826050000000e+01,
          3.328600920000000e+01
        ],
        [
          -8.910889150000000e+01,
          3.328594320000000e+01
        ],
        [
          -8.910890550000001e+01,
          3.319806510000000e+01
        ],
        [
          -8.921342749999999e+01,
          3.319754910000000e+01
        ],
        [
          -8.921392650000000e+01,
          3.310940810000000e+01
        ],
        [
          -8.931786060000000e+01,
          3.310887710000000e+01
        ]
      ]
    ]
  ],
  ""type"": ""MultiPolygon""
}",2305,28,159,28159,Winston County,MS,48690,0,390,,2,,2,15069.299422295,,,2,,2,11915.544281874,,13252.966710389,24.6,9456,1733,18.326988156,17596,5,28.415548988,,,2802,,2426,2497,22.3,42,3739,120,,,36.77581864,,,,24.611398964,32.094142819,126284,18,,,27.266995007,,,,14.253587153,190,166.25,87.5,7138,311,4.356962735,1176,,,58.061465721,,32.08386277,30.9,4.120151626,1387,0,178,,,17.862165963,,,,7.755775578,12.833453497,126284,42,,,25.562807819,,,41.332824622,33.258370023,5.251367486,18057,93394,5.172176995,17596,161,915,12.517145333,,,39,,44,42,17543,17543,3854,21.968876475,17543,3824,21.797868096,17543,8140,46.400273613,17543,229,1.305363963,17543,316,1.801288263,17543,8900,50.732485892,17714,17714,100,16809,25,0.1487298471,14.4,14982,43,287,17543,33,188.109217352,,,33271,,59638,50082,2625,2625,100,6340,5435,,,84.31372549,,85.807050093,85.72555205,3986,2173,54.515805319,33.7,17543,10,0.05700279314,17543,65,0.3705181554,3869,1658,42.853450504,19198,1969.4601878,10.258673757,13160,1978,15.030395137,17543,5,28.501396568,3898,270,6.926629041,0,9.4,17543,8644,49.273214388,48690,390,,,673.055699182,,,540.280787015,600.052417875,17635,16,,,,,,,90.728664587,,,,,,,,,,,17543,21,119.705865587,17714,11191,63.176018968,17.8,10.258673757,6,22,6,27.272727273,89807,98,,,93.279119828,,,125.664789175,109.122896879,7100,980,11.47751606,2.112676056,0.8450704225,13.802816901,6340,35.4,,,,,,,,,,3180,17.8,17596,33,18.754262332,24.011328256,37.2,13.5,17.6,,,71.256939724,,,73.234863245,72.461755777,89807,19,,,33.484812246,,,,21.156480007,,,,51371,38380,0.7471141305,7131,5096,71.462627962,6626,817,12.330214307,,,23,,25,25,2.792830359,2100,22,0,10.476190476,,,2.560258899,,3.315054907,2.772355149,,,2.694727449,,3.386159081,2.902805775,,,,,,,,,,,7131,4957,69.513392231,0.2613702901,12329,10538,85.473274394,-11916.46,,50082,,17.14388403,913,7,7.667031763,13990,9236,66.018584703,59.9,2024,2259805835.07422,209978.979544502
"{
  ""coordinates"": [
    [
      [
        [
          -9.241552140000000e+01,
          3.249561490000000e+01
        ],
        [
          -9.241558340000000e+01,
          3.240803480000000e+01
        ],
        [
          -9.231196330000000e+01,
          3.232097180000000e+01
        ],
        [
          -9.231216929999999e+01,
          3.227735380000000e+01
        ],
        [
          -9.216485030000000e+01,
          3.227687480000000e+01
        ],
        [
          -9.215264630000000e+01,
          3.225883880000000e+01
        ],
        [
          -9.210633330000000e+01,
          3.225873580000000e+01
        ],
        [
          -9.210650430000000e+01,
          3.227689180000000e+01
        ],
        [
          -9.203447930000000e+01,
          3.227724280000000e+01
        ],
        [
          -9.201982230000000e+01,
          3.229765480000000e+01
        ],
        [
          -9.200619829999999e+01,
          3.235424990000000e+01
        ],
        [
          -9.201114629999999e+01,
          3.236372890000000e+01
        ],
        [
          -9.199421420000000e+01,
          3.240109990000000e+01
        ],
        [
          -9.197110120000001e+01,
          3.242034690000000e+01
        ],
        [
          -9.194447520000000e+01,
          3.244857490000000e+01
        ],
        [
          -9.194583419999999e+01,
          3.245928990000000e+01
        ],
        [
          -9.193337520000000e+01,
          3.249142090000000e+01
        ],
        [
          -9.191306320000000e+01,
          3.250590790000000e+01
        ],
        [
          -9.190445420000000e+01,
          3.251481990000000e+01
        ],
        [
          -9.190730720000001e+01,
          3.253526790000000e+01
        ],
        [
          -9.192074420000000e+01,
          3.254741690000000e+01
        ],
        [
          -9.192459920000000e+01,
          3.258267390000000e+01
        ],
        [
          -9.194342519999999e+01,
          3.258712490000000e+01
        ],
        [
          -9.192440720000000e+01,
          3.261859290000000e+01
        ],
        [
          -9.192422019999999e+01,
          3.264526090000000e+01
        ],
        [
          -9.191117420000000e+01,
          3.266114490000000e+01
        ],
        [
          -9.192252920000000e+01,
          3.266757990000000e+01
        ],
        [
          -9.193524619999999e+01,
          3.265866590000000e+01
        ],
        [
          -9.194772230000000e+01,
          3.266481190000000e+01
        ],
        [
          -9.196730330000000e+01,
          3.268622790000000e+01
        ],
        [
          -9.197503230000000e+01,
          3.271143390000000e+01
        ],
        [
          -9.201600230000000e+01,
          3.270066490000000e+01
        ],
        [
          -9.203324730000000e+01,
          3.271234190000000e+01
        ],
        [
          -9.204430730000000e+01,
          3.270657190000000e+01
        ],
        [
          -9.203188530000000e+01,
          3.270037790000000e+01
        ],
        [
          -9.205013930000000e+01,
          3.268643290000000e+01
        ],
        [
          -9.204283529999999e+01,
          3.269925390000000e+01
        ],
        [
          -9.205585630000000e+01,
          3.269807990000000e+01
        ],
        [
          -9.205214130000000e+01,
          3.271516290000000e+01
        ],
        [
          -9.206518530000000e+01,
          3.272300890000000e+01
        ],
        [
          -9.208873629999999e+01,
          3.269010490000000e+01
        ],
        [
          -9.212087330000000e+01,
          3.267359490000000e+01
        ],
        [
          -9.213904630000000e+01,
          3.267536890000000e+01
        ],
        [
          -9.213816330000000e+01,
          3.266085190000000e+01
        ],
        [
          -9.222167829999999e+01,
          3.261034690000000e+01
        ],
        [
          -9.222427130000000e+01,
          3.259009990000000e+01
        ],
        [
          -9.224812030000000e+01,
          3.258913390000000e+01
        ],
        [
          -9.227231930000001e+01,
          3.258098090000000e+01
        ],
        [
          -9.229750530000000e+01,
          3.258793790000000e+01
        ],
        [
          -9.230072130000001e+01,
          3.258269190000000e+01
        ],
        [
          -9.241523440000000e+01,
          3.258285990000000e+01
        ],
        [
          -9.241552140000000e+01,
          3.249561490000000e+01
        ]
      ]
    ]
  ],
  ""type"": ""MultiPolygon""
}",2319,22,073,22073,Ouachita Parish,LA,435240,0,3078,,2,,2,16954.07391002,,8112.738028144,1,,2,10398.689903224,,12731.030795882,21.2,89650,9441,10.530953709,158768,149,93.847626726,,,5073,13793,3866,4188,21.8,37.1,37345,1166,,,44.461639188,46.103183315,,35.360678925,18.675995694,31.222385862,1088579,165,,,31.206691501,,,5.711756222,15.15737489,1692,1518.35,89.736997636,70659,2577,3.647093788,12873,70.588235294,29.285714286,55.59463103,40.519480519,12.520538942,34.2,4.232988019,14448,0,1861,,9.793814433,18.01051709,8.121827411,,17.142857143,7.956043956,12.880675526,1088579,193,,,17.200538623,,,18.404547827,17.729535477,5.834714053,17790,111788,6.283754918,158768,1146,721.8,16.501759994,,33,43,,43,43,157702,157702,38128,24.177245691,157702,25497,16.167835538,157702,59490,37.723047266,157702,534,0.338613334,157702,3880,2.460336584,157702,81710,51.812912962,160368,40404,25.194552529,149218,598,0.400755941,12.4,131198,643,490.1,157702,850,538.991262,,68077,33047,46071,68127,47283,26697,12569,47.080196277,67312,54195,,85.31598513,78.259973623,65.559721478,84.166571592,80.513132874,41991,24641,58.681622252,31.2,157702,89,0.05643555567,157702,1671,1.05959341,38973,15264,39.165576168,153720,23740.214479161,15.44380333,126939,10958,8.632492772,157702,102,64.67895144,39087,1677,4.290429043,1,7.3,157702,90306,57.26369989,435240,3078,,,777.931586372,278.547599279,,514.472277266,594.122617601,169507,171,,,135.220290921,,,71.834707121,100.880789584,14759,155,,,15.512783683,,,,5.839623985,10.502066536,157702,310,196.573283788,160368,119287,74.383293425,14.5,15.44380333,6.2,142,37,26.056338028,774835,804,,,88.162466896,72.690673227,,118.694494677,103.76402718,56955,8800,13.369467028,2.563427267,0.8427706084,15.450794487,67312,20.8,464486,118,,,14.300995921,,,34.059308109,25.404425537,23310,14.5,158768,192,12.093117001,64.769825595,38.1,13.5,19.3,,,68.876025639,83.595671034,,74.309218077,72.513641817,774835,189,,,34.094078995,,,19.670650719,24.392289971,8759,900,10.275145565,56372,41258,0.7318881714,59595,35465,59.510026009,56374,10234,18.153758825,,36,36,12,43,42,50.084632811,,,,,,,,,,,,,,,,,774835,123,15.874347442,,,6.369315274,,,21.6560441,15.810877553,59595,47579,79.837234667,0.3660609952,104662,92109,88.006153141,-16788.7335,,47283,,33.618848212,10615,55,5.18134715,114965,69166,60.1626582,58.9,2024,2306931455.6875,220285.052157887
"{
  ""coordinates"": [
    [
      [
        [
          -9.182231010000000e+01,
          3.086041950000000e+01
        ],
        [
          -9.181526409999999e+01,
          3.084811250000000e+01
        ],
        [
          -9.179846510000000e+01,
          3.082899650000000e+01
        ],
        [
          -9.180730110000000e+01,
          3.081107450000000e+01
        ],
        [
          -9.176876510000000e+01,
          3.078539450000000e+01
        ],
        [
          -9.175628510000000e+01,
          3.076014050000000e+01
        ],
        [
          -9.175794809999999e+01,
          3.074099550000000e+01
        ],
        [
          -9.175190310000001e+01,
          3.073580750000000e+01
        ],
        [
          -9.173367910000000e+01,
          3.070173550000000e+01
        ],
        [
          -9.173620510000001e+01,
          3.067925850000000e+01
        ],
        [
          -9.173149810000000e+01,
          3.066977750000000e+01
        ],
        [
          -9.174643610000000e+01,
          3.065878750000000e+01
        ],
        [
          -9.174100210000000e+01,
          3.063254350000000e+01
        ],
        [
          -9.175473409999999e+01,
          3.061245650000000e+01
        ],
        [
          -9.175136310000001e+01,
          3.060370350000000e+01
        ],
        [
          -9.175698610000001e+01,
          3.056255650000000e+01
        ],
        [
          -9.173143810000001e+01,
          3.051212450000000e+01
        ],
        [
          -9.175378809999999e+01,
          3.050623250000000e+01
        ],
        [
          -9.175621510000001e+01,
          3.049813850000000e+01
        ],
        [
          -9.170134510000000e+01,
          3.049775250000000e+01
        ],
        [
          -9.158343100000000e+01,
          3.049696150000000e+01
        ],
        [
          -9.158346299999999e+01,
          3.048259550000000e+01
        ],
        [
          -9.155633100000000e+01,
          3.048287150000000e+01
        ],
        [
          -9.152651800000000e+01,
          3.049723950000000e+01
        ],
        [
          -9.148516100000001e+01,
          3.049728750000000e+01
        ],
        [
          -9.148174000000000e+01,
          3.051103450000000e+01
        ],
        [
          -9.141482100000000e+01,
          3.051143250000000e+01
        ],
        [
          -9.140768500000000e+01,
          3.054034750000000e+01
        ],
        [
          -9.139756100000000e+01,
          3.056889450000000e+01
        ],
        [
          -9.136497199999999e+01,
          3.056959650000000e+01
        ],
        [
          -9.136527800000000e+01,
          3.058863750000000e+01
        ],
        [
          -9.132002000000000e+01,
          3.063281650000000e+01
        ],
        [
          -9.130975800000000e+01,
          3.065009150000000e+01
        ],
        [
          -9.133087600000000e+01,
          3.065868250000000e+01
        ],
        [
          -9.134065800000000e+01,
          3.067024350000000e+01
        ],
        [
          -9.135318700000001e+01,
          3.072205350000000e+01
        ],
        [
          -9.136199700000000e+01,
          3.073930850000000e+01
        ],
        [
          -9.138062600000001e+01,
          3.075880950000000e+01
        ],
        [
          -9.139705100000000e+01,
          3.075758750000000e+01
        ],
        [
          -9.145038800000000e+01,
          3.073617350000000e+01
        ],
        [
          -9.148691200000000e+01,
          3.074134250000000e+01
        ],
        [
          -9.150992400000000e+01,
          3.074028450000000e+01
        ],
        [
          -9.155302500000001e+01,
          3.073080350000000e+01
        ],
        [
          -9.157127210000000e+01,
          3.073534950000000e+01
        ],
        [
          -9.159460110000001e+01,
          3.075018950000000e+01
        ],
        [
          -9.159294710000000e+01,
          3.076602150000000e+01
        ],
        [
          -9.158448110000000e+01,
          3.077277050000000e+01
        ],
        [
          -9.155725710000000e+01,
          3.077816450000000e+01
        ],
        [
          -9.153947900000000e+01,
          3.079122950000000e+01
        ],
        [
          -9.151790000000000e+01,
          3.085138660000000e+01
        ],
        [
          -9.151559200000000e+01,
          3.087518660000000e+01
        ],
        [
          -9.153449310000001e+01,
          3.090628360000000e+01
        ],
        [
          -9.154931410000000e+01,
          3.091623360000000e+01
        ],
        [
          -9.156831310000000e+01,
          3.091880760000000e+01
        ],
        [
          -9.161461410000000e+01,
          3.091760560000000e+01
        ],
        [
          -9.161386709999999e+01,
          3.090181560000000e+01
        ],
        [
          -9.157608410000000e+01,
          3.089340760000000e+01
        ],
        [
          -9.156361110000000e+01,
          3.088333760000000e+01
        ],
        [
          -9.155641310000000e+01,
          3.084864860000000e+01
        ],
        [
          -9.156354109999999e+01,
          3.083648860000000e+01
        ],
        [
          -9.157855210000000e+01,
          3.084628360000000e+01
        ],
        [
          -9.160303709999999e+01,
          3.084596960000000e+01
        ],
        [
          -9.162338710000000e+01,
          3.084048560000000e+01
        ],
        [
          -9.164696710000000e+01,
          3.084494160000000e+01
        ],
        [
          -9.166181709999999e+01,
          3.086002460000000e+01
        ],
        [
          -9.166073609999999e+01,
          3.089498560000000e+01
        ],
        [
          -9.164492310000000e+01,
          3.092897660000000e+01
        ],
        [
          -9.166251210000000e+01,
          3.097036760000000e+01
        ],
        [
          -9.166314810000000e+01,
          3.098439860000000e+01
        ],
        [
          -9.165832709999999e+01,
          3.099437060000000e+01
        ],
        [
          -9.168727210000000e+01,
          3.101814760000000e+01
        ],
        [
          -9.171400710000000e+01,
          3.100677360000000e+01
        ],
        [
          -9.175012510000001e+01,
          3.101881960000000e+01
        ],
        [
          -9.177418010000000e+01,
          3.100264260000000e+01
        ],
        [
          -9.178216610000000e+01,
          3.098583260000000e+01
        ],
        [
          -9.180506910000000e+01,
          3.097575160000000e+01
        ],
        [
          -9.180184310000000e+01,
          3.091310360000000e+01
        ],
        [
          -9.180433010000000e+01,
          3.086371850000000e+01
        ],
        [
          -9.182231010000000e+01,
          3.086041950000000e+01
        ]
      ]
    ]
  ],
  ""type"": ""MultiPolygon""
}",2337,22,077,22077,Pointe Coupee Parish,LA,58046,0,452,,2,,2,16448.076567845,,,2,,2,10798.75973239,,12209.332700535,21.8,11357,1286,11.323412873,20356,6,29.475338966,,,4108,,1116,1727,22.6,40.3,4307,116,,,39.249146758,,,,20.089285714,26.93289993,152233,22,,,31.76560719,,,,14.451531534,166,136.95,82.5,9863,382,3.873060935,1051,,,34.461709212,4.975124378,15.423340961,24.9,4.514905491,1769,0,193,,,14.835164835,,,,8.033826638,10.910118711,152233,53,,,41.108432834,,,33.718375427,34.815053241,6.112365707,14848,117523,7.915072737,20356,156,766.4,16.703739014,,,38,,45,43,20151,20151,4251,21.095727259,20151,4522,22.440573669,20151,6843,33.958612476,20151,77,0.3821150315,20151,696,3.453922882,20151,10392,51.570641656,20758,13964,67.270449947,19509,155,0.7945051002,12.6,17239,63,365.4,20151,24,119.100789043,,,38557,,65787,56457,2589,1389,53.650057937,7836,7118,,,91.060786651,,83.421650265,90.837161817,4721,2329,49.332768481,31.7,20151,3,0.01488759863,20151,84,0.4168527616,4391,1791,40.787975404,22802,2403.753583102,10.541854149,15609,1486,9.520148632,20151,7,34.737730137,4451,216,4.852842058,1,8.7,20151,12249,60.786065208,58046,452,,,736.638553818,,,483.225876841,548.487556368,20266,14,,,,,,,69.081219777,,,,,,,,,,,20151,16,79.400526028,20758,6192,29.829463339,15.4,10.541854149,6.5,43,17,39.534883721,107823,131,,,113.744577293,,,133.685730969,121.49541378,9055,1470,14.06779661,1.711761458,1.049144119,16.234124793,7836,50.6,63615,23,,,,,,46.777546778,36.154994891,3220,15.4,20356,11,5.403812144,52.989507994,38.2,13.9,19.9,,,70.272506032,,,74.593695787,73.500344205,107823,22,,,31.742672733,,,15.366175973,20.403809948,,,,61770,41332,0.6691274081,8203,6346,77.361940753,7431,994,13.376396178,,,27,,36,34,6.38095187,,,,,,,,,,,,,,,,,107823,15,13.911688601,,,,,,19.150806,14.998311279,8203,6499,79.227112032,0.1089949725,14640,11859,81.004098361,-8895.158,,56457,,33.094213295,1136,7,6.161971831,16945,12371,73.006786663,48.6,2024,2079888404.74609,279896.52262037
