GEO,FID,HLTHCNTYPE,HLTHCNNUM,BHCMIS,BPHCNUM,NAME,ADDRESS,CITY,STATE,ZIP,PHONE,WEBSITE,OPHOURS,SETTINGID,SETTNGDESC,STATUSID,STATUSDESC,MEDICRENUM,NPINUM,LOCIDNUM,LOCTYPE,TYPEIDNUM,TYPEDESC,OPIDNUM,OPDESC,OPSCHEDNUM,OPSCHDDESC,OPCLNDRKEY,OPCLNDR,SITEADDED,ADMNAME,ADMSTREET,ADMCITY,ADMSTATE,ADMZIP,ORGTYPE,XCOORD,YCOORD,MX100K,MXBRDRCNTY,FIPS,COUNTYNAME,COUNTYEQIV,COUNTYDESC,HHSRGNCODE,HHSRGNNAME,STATEFIPS,STATENAME,FIPSCNGDST,CNGDISTNUM,CNGDSTNAME,CNGDSTCODE,USREPNAME,SENATOR1,SENATOR2,CREATEDATE,BHCMISID,GRANTNUM,PATIENTS,MALE,FEMALE,UNDER6,OVER64,INDIAN,CHINESE,FILIPINO,JAPANESE,KOREAN,VIETNAMESE,OTHERASIAN,ASIANHISP,ASIANNOHIS,TOTALASIAN,HAWAIIAN,PACISLAND,GUAMANIAN,SAMOAN,HAWPIHISP,HAWPINOHIS,TOTALHAWPI,BLACKHISP,BLACKNOHIS,TOTALBLACK,AIAKHISP,AIAKNOHISP,TOTALAIAK,WHITEHISP,WHITENOHIS,TOTALWHITE,MLTRCEHISP,MLTRCENOHI,TOTALMLTRC,NORCEHISP,NORCENOHIS,NORCENOETH,TOTALNORAC,TOTALHISP,TOTALNOHIS,TOTALNOETH,NONENGLISH,FPL100BLOW,FPL101_150,FPL151_200,FPLOVER200,FPLUNKNOWN,UNINSURED,MEDICAID,MEDICARE,PUBLICINS,PRIVATEINS,MIGSEASAG,HOMELESS,SCHOOLBASE,VETERAN,HIV,TUBERC,SEXTRANSMT,HEPB,HEPC,COVID,ASTHMA,CHRONLWRSP,ACUTERESP,ABNORMBRST,ABNORMCERV,DIABETES,HARTDISEAS,HYPERTENSN,DERMATITIS,DEHYDRATN,EXPOSURE,OBESITY,OTITIS,PERINATAL,NUTRDEFIC,ALCOHOL,SUBSTANCE,TOBACCO,DEPRESSN,ANXIETY,ATTNDEF,MENTLDSORD,FLUVAC,CONTRACPT,EYEEXAM,EMERGSRVCS,ORALEXAMS,ORALSURG,REHAB,FOODINSCUR,HOUSINSCUR,FINCLSTRAN,LACKTRANSP,MOUDOPIOID,LATITUDE,LONGITUDE
"{
  ""coordinates"": [
    -9.412053106999996e+01,
    3.009535113000003e+01
  ],
  ""type"": ""Point""
}",16274,Federally Qualified Health Center (FQHC),H80CS28977,06E01197,BPS-H80-033971,Triangle Area Network Mobile Healthcare,1495 N 7th St,Beaumont,TX,77702-1345,409-550-1067,www.tanhealthcare.org,32,7,All Other Clinic Types,1,Active, ,0,5,Mobile Van,2,Service Delivery Site,1,Health Center/Applicant,0,Unknown,0,Unknown,12/08/2021,"TRIANGLE AREA NETWORK, INC",1495 N 7th St,Beaumont,TX,77702-1345,"Corporate Entity, Federal Tax Exempt",-94.12053107,30.09535113,N,N,48245,Jefferson County,Jefferson,County,06,Region 6,48,Texas,4836,36,Texas District 36,TX-36,Brian Babin,John Cornyn,Ted Cruz,08/21/2024,06E01197,H80CS28977,3742,1536,2206,16,333,0,0,0,0,0,0,52,0,55,56,0,0,0,0,0,0,0,0,1181,1195,44,0,53,279,2077,2356,0,39,46,24,0,0,33,371,3367,0,142,1473,498,323,314,1134,1146,830,399,0,1367,141,124,0,119,300,0,38,17,157,31,114,187,0,39,0,731,237,1395,80,0,0,1201,89,0,29,67,102,683,741,745,191,255,255,117,0,0,0,0,0,41,68,128,59,66,30.09535113,-94.12053107
"{
  ""coordinates"": [
    -9.246172509999997e+01,
    3.141017669000007e+01
  ],
  ""type"": ""Point""
}",14222,Federally Qualified Health Center (FQHC),H80CS12857,06E00021,BPS-H80-037845,Mary Goff Elementary School-Based Clinic,6900 Shreveport Hwy,Pineville,LA,71360-2718,318-648-0375,www.winnchc.org,40,2,School,1,Active, ,0,2,Seasonal,2,Service Delivery Site,1,Health Center/Applicant,0,Unknown,0,Unknown,11/28/2023,WINN COMMUNITY HEALTH CENTER INC,431 W Lafayette St,Winnfield,LA,71483-3463,"Corporate Entity, Federal Tax Exempt",-92.4617251,31.41017669,N,N,22079,Rapides Parish,Rapides,Parish,06,Region 6,22,Louisiana,2205,5,Louisiana District 05,LA-05,Julia Letlow,Bill Cassidy,John Kennedy,08/21/2024,06E00021,H80CS12857,34454,14380,20074,2247,2985,0,0,0,0,0,0,180,0,181,183,30,0,0,0,24,17,41,81,13030,13111,54,112,166,673,18504,19177,0,0,0,578,886,312,1776,1412,32730,312,257,15538,1487,773,843,15813,1734,20554,3847,0,8312,1125,1496,12881,84,24,16,255,0,64,1038,981,1280,26,277,25,2462,951,5217,796,105,22,14765,1179,42,236,192,682,1287,3332,4121,2158,2717,3060,799,0,1568,4971,2327,278,239,211,7320,477,187,31.41017669,-92.4617251
"{
  ""coordinates"": [
    -9.244760905999998e+01,
    3.129542956000006e+01
  ],
  ""type"": ""Point""
}",14210,Federally Qualified Health Center (FQHC),H80CS12857,06E00021,BPS-H80-037618,Alma Redwine Elementary School-Based Clinic,1321 Vance Ave,Alexandria,LA,71301-6154,318-648-0375, ,40,2,School,1,Active, ,0,2,Seasonal,2,Service Delivery Site,1,Health Center/Applicant,0,Unknown,0,Unknown,10/20/2023,WINN COMMUNITY HEALTH CENTER INC,431 W Lafayette St,Winnfield,LA,71483-3463,"Corporate Entity, Federal Tax Exempt",-92.44760906,31.29542956,N,N,22079,Rapides Parish,Rapides,Parish,06,Region 6,22,Louisiana,2205,5,Louisiana District 05,LA-05,Julia Letlow,Bill Cassidy,John Kennedy,08/21/2024,06E00021,H80CS12857,34454,14380,20074,2247,2985,0,0,0,0,0,0,180,0,181,183,30,0,0,0,24,17,41,81,13030,13111,54,112,166,673,18504,19177,0,0,0,578,886,312,1776,1412,32730,312,257,15538,1487,773,843,15813,1734,20554,3847,0,8312,1125,1496,12881,84,24,16,255,0,64,1038,981,1280,26,277,25,2462,951,5217,796,105,22,14765,1179,42,236,192,682,1287,3332,4121,2158,2717,3060,799,0,1568,4971,2327,278,239,211,7320,477,187,31.29542956,-92.44760906
"{
  ""coordinates"": [
    -9.259385012999995e+01,
    3.456364133000005e+01
  ],
  ""type"": ""Point""
}",7240,Federally Qualified Health Center (FQHC),H80CS00207,060940,BPS-H80-027250,ARcare-121,630 W South St,Benton,AR,72015-4258,870-347-2534,www.arcare.net,40,7,All Other Clinic Types,1,Active, ,0,1,Permanent,2,Service Delivery Site,1,Health Center/Applicant,0,Unknown,0,Unknown,12/28/2018,ARCARE,117 S 2nd St,Augusta,AR,72006-2309,"Corporate Entity, Federal Tax Exempt",-92.59385013,34.56364133,N,N,05125,Saline County,Saline,County,06,Region 6,05,Arkansas,0502,2,Arkansas District 02,AR-02,J. French Hill,John Boozman,Tom Cotton,08/21/2024,060940,H80CS00207,106184,45583,60601,7031,12205,0,0,0,0,0,0,785,43,742,785,0,872,0,0,558,314,872,129,19550,19679,73,214,287,4379,76561,80940,122,1041,1163,997,561,900,2458,6301,98983,900,1687,1983,575,298,228,103100,11146,46192,16430,0,32416,428,7617,4775,444,612,0,1245,25,925,3572,3329,4122,2434,931,77,10451,4041,24879,2261,292,60,12308,4608,247,800,884,2552,4218,13292,14730,2188,5820,6184,1262,0,0,0,0,0,0,0,0,0,1883,34.56364133,-92.59385013
"{
  ""coordinates"": [
    -9.055203795999994e+01,
    3.006637506000005e+01
  ],
  ""type"": ""Point""
}",7761,Federally Qualified Health Center (FQHC),H80CS00767,060180,BPS-H80-007895,Teche Action Clinic @ Reserve,471 Central Ave,Reserve,LA,70084-5509,337-828-2550,www.tabhealth.org,40,7,All Other Clinic Types,1,Active,191874,1386880433,1,Permanent,2,Service Delivery Site,1,Health Center/Applicant,2,Part-Time,1,Year-Round,08/25/2008,TECHE ACTION BOARD,1115 Weber St,Franklin,LA,70538-4124,"Corporate Entity, Federal Tax Exempt",-90.55203796,30.06637506,N,N,22095,St. John the Baptist Parish,St. John the Baptist,Parish,06,Region 6,22,Louisiana,2202,2,Louisiana District 02,LA-02,Troy A. Carter,Bill Cassidy,John Kennedy,08/21/2024,060180,H80CS00767,18840,7573,11267,973,2863,0,0,0,0,0,0,139,0,127,141,0,0,0,0,0,0,0,67,8768,8835,1194,453,1647,122,7095,7217,20,177,197,336,359,108,803,1753,16979,108,1298,13268,2717,597,682,1576,1992,10850,3343,0,2653,35,21,1539,188,0,0,112,0,73,356,885,737,24,191,38,2915,687,5345,362,26,0,3204,293,50,103,184,349,1394,2741,2831,851,1058,1744,324,0,806,2614,732,411,36,31,19,8,0,30.06637506,-90.55203796
"{
  ""coordinates"": [
    -9.020635435999998e+01,
    2.998470699000006e+01
  ],
  ""type"": ""Point""
}",16180,Federally Qualified Health Center (FQHC),H80CS24198,06E00523,BPS-H80-035992,DePaul Community Health Centers - St. Therese Academy,6421 W Metairie Ave,Metairie,LA,70003-4327,504-513-4400, ,20,2,School,1,Active, ,0,2,Seasonal,2,Service Delivery Site,1,Health Center/Applicant,0,Unknown,0,Unknown,11/28/2022,MARILLAC COMMUNITY HEALTH CENTERS,3201 S Carrollton Ave,New Orleans,LA,70118-4307,"Corporate Entity, Federal Tax Exempt",-90.20635436,29.98470699,N,N,22051,Jefferson Parish,Jefferson,Parish,06,Region 6,22,Louisiana,2201,1,Louisiana District 01,LA-01,Steve Scalise,Bill Cassidy,John Kennedy,08/21/2024,06E00523,H80CS24198,44602,18392,26210,4274,4577,32,0,0,0,0,24,198,18,251,269,21,210,0,0,156,76,232,964,27658,28622,470,45,515,8065,5006,13071,0,22,23,386,392,1092,1870,10060,33450,1092,9011,10643,494,140,579,32746,7176,28411,3896,0,5119,1558,360,1689,104,225,76,530,38,226,506,2832,1105,0,679,297,5270,1152,11726,1982,99,0,23748,929,153,400,420,1069,3731,5505,4012,1259,3665,5659,211,0,1470,3294,1293,1495,360,62,6,76,114,29.98470699,-90.20635436
"{
  ""coordinates"": [
    -9.118950302999995e+01,
    3.083538047000007e+01
  ],
  ""type"": ""Point""
}",13775,Federally Qualified Health Center (FQHC),H80CS06459,0618980,BPS-H80-032092,JACKSON COMPLEX HEALTH CENTER,3619 Highway 10,Jackson,LA,70748-6237,225-683-1360, ,40,2,School,1,Active, ,0,1,Permanent,2,Service Delivery Site,1,Health Center/Applicant,0,Unknown,0,Unknown,03/01/2021,"PRIMARY CARE PROVIDERS FOR A HEALTHY FELICIANA, INC.",11990 Jackson St,Clinton,LA,70722-3210,"Corporate Entity, Federal Tax Exempt",-91.18950303,30.83538047,N,N,22037,East Feliciana Parish,East Feliciana,Parish,06,Region 6,22,Louisiana,2205,5,Louisiana District 05,LA-05,Julia Letlow,Bill Cassidy,John Kennedy,08/21/2024,0618980,H80CS06459,22347,9442,12905,688,1858,0,0,0,0,0,0,432,175,272,447,0,0,0,0,0,0,17,60,7734,7794,0,60,70,305,13065,13370,33,156,189,153,131,176,460,745,21426,176,240,7336,2051,1169,2216,9575,1831,13708,1961,0,4839,89,742,4764,199,21,0,139,0,167,563,649,521,0,230,86,1769,703,4694,376,38,0,10409,355,0,216,333,632,1934,5645,6058,3712,3534,1735,818,0,1251,2065,573,75,0,0,0,0,141,30.83538047,-91.18950303
"{
  ""coordinates"": [
    -9.114724461999998e+01,
    3.051459670000003e+01
  ],
  ""type"": ""Point""
}",13761,Federally Qualified Health Center (FQHC),H80CS02585,0618420,BPS-H80-034497,"Baton Rouge Primary Care Collaborative, Inc. - Primary",7050 Plank Rd,Baton Rouge,LA,70811-6043,225-774-1120, ,40,7,All Other Clinic Types,1,Active, ,0,1,Permanent,2,Service Delivery Site,1,Health Center/Applicant,0,Unknown,0,Unknown,04/20/2022,BATON ROUGE PRIMARY CARE COLLABORATIVE INC,7050 Plank Rd,Baton Rouge,LA,70811-6043,"Corporate Entity, Federal Tax Exempt",-91.14724462,30.5145967,N,N,22033,East Baton Rouge Parish,East Baton Rouge,Parish,06,Region 6,22,Louisiana,2202,2,Louisiana District 02,LA-02,Troy A. Carter,Bill Cassidy,John Kennedy,08/21/2024,0618420,H80CS02585,2227,916,1311,16,164,0,0,0,0,0,0,0,0,0,0,0,0,0,0,0,0,0,0,2093,2100,0,0,0,0,87,99,0,0,0,0,0,0,0,33,2191,0,0,1776,230,88,114,19,215,1100,24,0,888,0,350,0,0,0,0,114,0,0,16,91,27,0,32,16,421,41,1018,42,0,0,1582,46,0,0,0,0,601,202,148,38,129,155,137,0,0,0,0,0,351,351,351,351,0,30.5145967,-91.14724462
"{
  ""coordinates"": [
    -9.045706613999992e+01,
    3.157818415000002e+01
  ],
  ""type"": ""Point""
}",3931,Federally Qualified Health Center (FQHC),H80CS00487,042440,BPS-H80-022068,"Family Health Care Clinic, Brookhaven",215 Highway 51 S,Brookhaven,MS,39601-3245,601-825-7280,www.familyhealthcareclinic.com,44,7,All Other Clinic Types,1,Active,251982,0,1,Permanent,2,Service Delivery Site,1,Health Center/Applicant,0,Unknown,0,Unknown,05/04/2018,"Family Health Care Clinic, Inc.",4635 Highway 80 E,Pearl,MS,39208-4226,"Corporate Entity, Federal Tax Exempt",-90.45706614,31.57818415,N,N,28085,Lincoln County,Lincoln,County,04,Region 4,28,Mississippi,2803,3,Mississippi District 03,MS-03,Michael Guest,Roger F. Wicker,Cindy Hyde-Smith,08/21/2024,042440,H80CS00487,40994,15625,25369,3147,3840,0,0,0,0,0,0,469,260,216,476,19,0,0,0,0,24,30,263,19910,20173,151,36,187,665,14417,15082,61,341,402,3681,709,254,4644,5087,35653,254,3499,24542,5829,2559,3043,5021,14582,11884,4639,0,9879,0,110,490,0,65,0,671,33,227,816,994,897,0,348,222,4239,970,12747,572,103,16,27601,298,67,81,292,349,3731,2219,2189,278,1444,2289,1207,0,1844,1025,657,228,1332,1832,18110,2517,0,31.57818415,-90.45706614
"{
  ""coordinates"": [
    -9.077581935999996e+01,
    3.477126681000004e+01
  ],
  ""type"": ""Point""
}",7724,Federally Qualified Health Center (FQHC),H80CS00122,060060,BPS-H80-035108,Mobile Van #1,530 Atkins Blvd,Marianna,AR,72360-2198,870-295-5225,www.lccc.us.com,14,7,All Other Clinic Types,1,Active, ,0,5,Mobile Van,2,Service Delivery Site,1,Health Center/Applicant,0,Unknown,0,Unknown,06/10/2022,LEE COUNTY COOPERATIVE CLINIC,530 Atkins Blvd,Marianna,AR,72360-2198,"Corporate Entity, Federal Tax Exempt",-90.77581936,34.77126681,N,N,05077,Lee County,Lee,County,06,Region 6,05,Arkansas,0501,1,Arkansas District 01,AR-01,Eric A. “Rick” Crawford,John Boozman,Tom Cotton,08/21/2024,060060,H80CS00122,1973,872,1101,0,606,0,0,0,0,0,0,0,0,0,0,0,0,0,0,0,0,0,0,1634,1641,0,0,0,0,272,277,0,0,0,16,0,0,29,38,1931,0,16,1184,285,123,143,238,232,431,316,0,987,28,0,0,34,0,0,35,0,0,60,143,142,0,34,0,478,182,1216,135,0,0,1134,0,0,0,17,40,221,182,198,17,147,141,35,0,0,461,202,0,10,16,30,14,0,34.77126681,-90.77581936
"{
  ""coordinates"": [
    -9.006310495999996e+01,
    3.228360755000006e+01
  ],
  ""type"": ""Point""
}",3943,Federally Qualified Health Center (FQHC),H80CS00487,042440,BPS-H80-038174,"Family Health Care Clinic, Inc. -Mobile unit4",4635 Highway 80 E,Pearl,MS,39208-4226,601-825-7280, ,8,7,All Other Clinic Types,1,Active, ,0,5,Mobile Van,2,Service Delivery Site,1,Health Center/Applicant,0,Unknown,0,Unknown,01/28/2024,"Family Health Care Clinic, Inc.",4635 Highway 80 E,Pearl,MS,39208-4226,"Corporate Entity, Federal Tax Exempt",-90.06310496,32.28360755,N,N,28121,Rankin County,Rankin,County,04,Region 4,28,Mississippi,2803,3,Mississippi District 03,MS-03,Michael Guest,Roger F. Wicker,Cindy Hyde-Smith,08/21/2024,042440,H80CS00487,40994,15625,25369,3147,3840,0,0,0,0,0,0,469,260,216,476,19,0,0,0,0,24,30,263,19910,20173,151,36,187,665,14417,15082,61,341,402,3681,709,254,4644,5087,35653,254,3499,24542,5829,2559,3043,5021,14582,11884,4639,0,9879,0,110,490,0,65,0,671,33,227,816,994,897,0,348,222,4239,970,12747,572,103,16,27601,298,67,81,292,349,3731,2219,2189,278,1444,2289,1207,0,1844,1025,657,228,1332,1832,18110,2517,0,32.28360755,-90.06310496
"{
  ""coordinates"": [
    -9.031339478999995e+01,
    3.219042691000004e+01
  ],
  ""type"": ""Point""
}",3333,Federally Qualified Health Center (FQHC),H80CS00084,040750,BPS-H80-014170,Byram Middle School-based Clinic,2009 Byram Bulldog Blvd,Terry,MS,39170-8632,601-364-5142, ,40,2,School,1,Active,251027,0,2,Seasonal,2,Service Delivery Site,1,Health Center/Applicant,2,Part-Time,0,Unknown,08/07/2014,CENTRAL MISSISSIPPI CIVIC IMPROVEMENT ASSOCIATION INC,3502 W Northside Dr,Jackson,MS,39213-4454,"Corporate Entity, Federal Tax Exempt",-90.31339479,32.19042691,N,N,28049,Hinds County,Hinds,County,04,Region 4,28,Mississippi,2802,2,Mississippi District 02,MS-02,Bennie G. Thompson,Roger F. Wicker,Cindy Hyde-Smith,08/21/2024,040750,H80CS00084,50003,17448,32555,3399,6228,0,0,0,0,0,0,201,31,189,220,0,18,0,0,0,17,27,218,42542,42760,705,87,792,78,2741,2819,53,172,225,1863,650,647,3160,2958,46398,647,2740,31439,4766,1820,2480,9498,13837,18168,9839,0,8159,136,4955,5088,310,138,0,1616,20,67,525,1642,785,0,560,613,5671,1267,12760,1116,53,0,23581,650,55,251,391,505,3014,1704,1956,181,1529,3702,3478,915,2897,2882,1207,362,3215,8739,951,3246,0,32.19042691,-90.31339479
"{
  ""coordinates"": [
    -9.243196129999997e+01,
    3.133436033000005e+01
  ],
  ""type"": ""Point""
}",14216,Federally Qualified Health Center (FQHC),H80CS12857,06E00021,BPS-H80-030984,Pineville High School Based Clinic,1511 Line St,Pineville,LA,71360-5033,318-648-0375, ,40,2,School,1,Active,191040,0,2,Seasonal,2,Service Delivery Site,1,Health Center/Applicant,0,Unknown,0,Unknown,07/09/2020,WINN COMMUNITY HEALTH CENTER INC,431 W Lafayette St,Winnfield,LA,71483-3463,"Corporate Entity, Federal Tax Exempt",-92.4319613,31.33436033,N,N,22079,Rapides Parish,Rapides,Parish,06,Region 6,22,Louisiana,2205,5,Louisiana District 05,LA-05,Julia Letlow,Bill Cassidy,John Kennedy,08/21/2024,06E00021,H80CS12857,34454,14380,20074,2247,2985,0,0,0,0,0,0,180,0,181,183,30,0,0,0,24,17,41,81,13030,13111,54,112,166,673,18504,19177,0,0,0,578,886,312,1776,1412,32730,312,257,15538,1487,773,843,15813,1734,20554,3847,0,8312,1125,1496,12881,84,24,16,255,0,64,1038,981,1280,26,277,25,2462,951,5217,796,105,22,14765,1179,42,236,192,682,1287,3332,4121,2158,2717,3060,799,0,1568,4971,2327,278,239,211,7320,477,187,31.33436033,-92.4319613
"{
  ""coordinates"": [
    -9.379472875000000e+01,
    3.240208173000008e+01
  ],
  ""type"": ""Point""
}",16231,Federally Qualified Health Center (FQHC),H80CS26579,06E01083,BPS-H80-032812,CASSE - Shreveport Administration,2120 Bert Kouns Industrial Loop STE H,Shreveport,LA,71118-3354,318-688-3350,www.casseusa.com,35,7,All Other Clinic Types,1,Active, ,0,1,Permanent,1,Administrative,1,Health Center/Applicant,0,Unknown,0,Unknown,07/27/2021,COUNCIL FOR THE ADVANCEMENT OF SOCIAL SERVICES AND EDUCATION,2120 Bert Kouns Industrial Loop STE A,Shreveport,LA,71118-3351,"Corporate Entity, Federal Tax Exempt",-93.79472875,32.40208173,N,N,22017,Caddo Parish,Caddo,Parish,06,Region 6,22,Louisiana,2204,4,Louisiana District 04,LA-04,Mike Johnson,Bill Cassidy,John Kennedy,08/21/2024,06E01083,H80CS26579,10950,3297,7653,678,291,23,0,0,0,0,0,92,25,90,115,0,0,0,0,0,16,20,178,5328,5506,0,52,61,134,3786,3920,46,73,119,242,920,47,1209,638,10265,47,146,4588,4147,516,1241,458,435,8758,511,0,1241,20,40,0,0,0,0,185,0,0,64,128,187,63,110,69,570,83,931,104,0,0,2649,125,17,45,16,49,76,493,606,164,263,530,1055,0,58,4627,967,106,0,0,0,0,16,32.40208173,-93.79472875
"{
  ""coordinates"": [
    -8.998763835999993e+01,
    2.995665351000003e+01
  ],
  ""type"": ""Point""
}",13389,Federally Qualified Health Center (FQHC),H80CS00867,0613350,BPS-H80-012385,ST Bernard Community Health Center,8050 W Judge Perez Dr,Chalmette,LA,70043-1734,504-281-2800,www.accesshealthla.org,55,7,All Other Clinic Types,1,Active,191891,1174828362,1,Permanent,2,Service Delivery Site,1,Health Center/Applicant,1,Full-Time,1,Year-Round,02/27/2013,ACCESS HEALTH LOUISIANA,2900 Indiana Ave,Kenner,LA,70065-4605,"Corporate Entity, Federal Tax Exempt",-89.98763836,29.95665351,N,N,22087,St. Bernard Parish,St. Bernard,Parish,06,Region 6,22,Louisiana,2201,1,Louisiana District 01,LA-01,Steve Scalise,Bill Cassidy,John Kennedy,08/21/2024,0613350,H80CS00867,56382,23991,32391,2427,3790,0,0,0,0,0,0,643,18,631,649,0,108,0,0,53,56,109,445,16357,16802,87,248,335,5409,21181,26590,165,783,948,6640,1126,3183,10949,12817,40382,3183,10182,22871,6359,2554,2349,22249,11408,30297,4318,0,10354,319,850,15894,882,179,23,492,28,289,863,2673,1171,0,683,199,5111,1564,10189,860,109,19,26486,1286,131,909,700,1515,3148,9074,11864,7657,7814,4338,3543,0,619,960,317,120,683,573,1131,1003,152,29.95665351,-89.98763836
"{
  ""coordinates"": [
    -9.205046433999995e+01,
    3.107904328000006e+01
  ],
  ""type"": ""Point""
}",13463,Federally Qualified Health Center (FQHC),H80CS00867,0613350,BPS-H80-036463,Avoyelles Public Charter SBHC,201 Longfellow Rd,Mansura,LA,71350-4292,504-575-3700,https://accesshealthla.org,35,2,School,1,Active, ,0,2,Seasonal,2,Service Delivery Site,1,Health Center/Applicant,0,Unknown,0,Unknown,03/20/2023,ACCESS HEALTH LOUISIANA,2900 Indiana Ave,Kenner,LA,70065-4605,"Corporate Entity, Federal Tax Exempt",-92.05046434,31.07904328,N,N,22009,Avoyelles Parish,Avoyelles,Parish,06,Region 6,22,Louisiana,2205,5,Louisiana District 05,LA-05,Julia Letlow,Bill Cassidy,John Kennedy,08/21/2024,0613350,H80CS00867,56382,23991,32391,2427,3790,0,0,0,0,0,0,643,18,631,649,0,108,0,0,53,56,109,445,16357,16802,87,248,335,5409,21181,26590,165,783,948,6640,1126,3183,10949,12817,40382,3183,10182,22871,6359,2554,2349,22249,11408,30297,4318,0,10354,319,850,15894,882,179,23,492,28,289,863,2673,1171,0,683,199,5111,1564,10189,860,109,19,26486,1286,131,909,700,1515,3148,9074,11864,7657,7814,4338,3543,0,619,960,317,120,683,573,1131,1003,152,31.07904328,-92.05046434
"{
  ""coordinates"": [
    -8.904285366999993e+01,
    3.044056023000007e+01
  ],
  ""type"": ""Point""
}",3900,Federally Qualified Health Center (FQHC),H80CS00188,042430,BPS-H80-038716,Coastal Family Health Center Corporate Office,10467 Corporate Dr,Gulfport,MS,39503-4634,228-374-2494,www.coastalfamilyhealth.org,45,7,All Other Clinic Types,1,Active, ,0,1,Permanent,1,Administrative,1,Health Center/Applicant,0,Unknown,0,Unknown,06/03/2024,COASTAL FAMILY HEALTH CENTER,1046 Division St,Biloxi,MS,39530-2935,"Corporate Entity, Federal Tax Exempt",-89.04285367,30.44056023,N,N,28047,Harrison County,Harrison,County,04,Region 4,28,Mississippi,2804,4,Mississippi District 04,MS-04,Mike Ezell,Roger F. Wicker,Cindy Hyde-Smith,08/21/2024,042430,H80CS00188,36247,15100,21147,2421,4031,0,0,0,0,0,44,618,45,634,679,0,216,0,0,168,65,233,154,10034,10188,20,60,80,847,17649,18496,1624,782,2406,1202,330,2633,4165,4060,29554,2633,3561,9547,1600,549,382,24169,10438,10696,4748,0,10352,306,4005,5809,532,549,0,487,88,483,875,1099,1311,0,583,201,4542,1206,10833,604,54,0,17690,1245,56,163,442,887,2665,4203,3379,1484,2328,3246,1214,3387,844,2609,914,820,6553,2993,6484,297,0,30.44056023,-89.04285367
"{
  ""coordinates"": [
    -9.009722667999995e+01,
    2.988928355000007e+01
  ],
  ""type"": ""Point""
}",16280,Federally Qualified Health Center (FQHC),H80CS28963,06E01198,BPS-H80-029898,Priority Health Care - Administration,"4700 Wichers Dr, Ste 306",Marrero,LA,70072-3054,504-309-6522, ,0,7,All Other Clinic Types,1,Active, ,0,1,Permanent,1,Administrative,1,Health Center/Applicant,0,Unknown,0,Unknown,11/04/2019,PRIORITY HEALTH CARE,"4700 Wichers Dr, Ste 306",Marrero,LA,70072-3054,"Corporate Entity, Federal Tax Exempt",-90.09722668,29.88928355,N,N,22051,Jefferson Parish,Jefferson,Parish,06,Region 6,22,Louisiana,2202,2,Louisiana District 02,LA-02,Troy A. Carter,Bill Cassidy,John Kennedy,08/21/2024,06E01198,H80CS28963,1677,722,955,0,60,0,0,0,0,0,0,26,0,26,26,0,0,0,0,0,21,21,0,1114,1114,0,0,0,0,414,414,0,26,26,0,49,21,70,0,1656,21,66,119,27,21,41,1469,92,1030,185,0,368,0,59,0,0,394,0,154,0,32,26,42,25,0,27,0,176,34,483,23,0,0,623,0,0,0,51,128,144,443,484,140,110,141,23,0,0,0,0,0,0,0,0,0,24,29.88928355,-90.09722668
"{
  ""coordinates"": [
    -9.110329000000000e+01,
    3.036830114000003e+01
  ],
  ""type"": ""Point""
}",7787,Federally Qualified Health Center (FQHC),H80CS00370,063710,BPS-H80-032783,Southeast Community Health Systems -Women&#39;s Healthcare,8913 Bluebonnet Blvd,Baton Rouge,LA,70810-2974,225-306-2000, ,40,7,All Other Clinic Types,1,Active, ,0,1,Permanent,2,Service Delivery Site,1,Health Center/Applicant,0,Unknown,0,Unknown,07/19/2021,SOUTHEAST COMMUNITY HEALTH SYSTEMS,6351 Main St,Zachary,LA,70791-4038,"Corporate Entity, Federal Tax Exempt",-91.10329,30.36830114,N,N,22033,East Baton Rouge Parish,East Baton Rouge,Parish,06,Region 6,22,Louisiana,2206,6,Louisiana District 06,LA-06,Garret Graves,Bill Cassidy,John Kennedy,08/21/2024,063710,H80CS00370,9749,3543,6206,245,1141,0,0,0,0,0,0,23,0,27,33,33,0,0,0,31,0,36,34,6505,6539,29,23,52,68,2291,2359,0,52,60,391,208,71,670,567,9111,71,408,707,118,49,42,8833,977,6004,1316,0,1451,133,0,802,93,0,0,136,0,28,214,200,171,0,128,76,1197,214,1936,190,0,0,1424,94,0,27,69,112,285,945,1151,385,720,443,585,0,447,1195,378,155,95,316,201,193,0,30.36830114,-91.10329
"{
  ""coordinates"": [
    -9.123390494999995e+01,
    3.191423267000004e+01
  ],
  ""type"": ""Point""
}",12822,Federally Qualified Health Center (FQHC),H80CS06450,0622350,BPS-H80-032018,Tensas Health Mobile,402 Levee Rd,Saint Joseph,LA,71366-6661,318-766-1967,www.tensashealth.com,16,7,All Other Clinic Types,1,Active, ,0,5,Mobile Van,2,Service Delivery Site,1,Health Center/Applicant,0,Unknown,0,Unknown,02/11/2021,TENSAS COMMUNITY HEALTH CENTER,402 Levee Rd,Saint Joseph,LA,71366-6661,"Corporate Entity, Federal Tax Exempt",-91.23390495,31.91423267,N,N,22107,Tensas Parish,Tensas,Parish,06,Region 6,22,Louisiana,2205,5,Louisiana District 05,LA-05,Julia Letlow,Bill Cassidy,John Kennedy,08/21/2024,0622350,H80CS06450,4329,1681,2648,95,685,0,0,0,0,0,0,0,0,0,0,0,0,0,0,0,0,0,0,1741,1746,0,0,0,19,2430,2449,0,0,16,39,45,17,101,75,4237,17,56,379,56,35,87,3772,689,1957,458,0,1225,0,0,235,24,0,0,0,0,0,174,56,76,0,31,0,277,137,710,69,0,0,1138,83,0,0,25,24,352,372,637,148,216,112,84,0,548,1372,833,420,0,0,0,0,0,31.91423267,-91.23390495
"{
  ""coordinates"": [
    -8.986938441999996e+01,
    3.196320966000006e+01
  ],
  ""type"": ""Point""
}",3937,Federally Qualified Health Center (FQHC),H80CS00487,042440,BPS-H80-004916,"Family Health Care Clinic, Inc. --MENDENHALL",401 Main St N,Mendenhall,MS,39114-3303,601-847-3306,www.familyhealthcareclinic.net,44,7,All Other Clinic Types,1,Active,251863,0,1,Permanent,2,Service Delivery Site,1,Health Center/Applicant,1,Full-Time,1,Year-Round,02/01/1992,"Family Health Care Clinic, Inc.",4635 Highway 80 E,Pearl,MS,39208-4226,"Corporate Entity, Federal Tax Exempt",-89.86938442,31.96320966,N,N,28127,Simpson County,Simpson,County,04,Region 4,28,Mississippi,2803,3,Mississippi District 03,MS-03,Michael Guest,Roger F. Wicker,Cindy Hyde-Smith,08/21/2024,042440,H80CS00487,40994,15625,25369,3147,3840,0,0,0,0,0,0,469,260,216,476,19,0,0,0,0,24,30,263,19910,20173,151,36,187,665,14417,15082,61,341,402,3681,709,254,4644,5087,35653,254,3499,24542,5829,2559,3043,5021,14582,11884,4639,0,9879,0,110,490,0,65,0,671,33,227,816,994,897,0,348,222,4239,970,12747,572,103,16,27601,298,67,81,292,349,3731,2219,2189,278,1444,2289,1207,0,1844,1025,657,228,1332,1832,18110,2517,0,31.96320966,-89.86938442
"{
  ""coordinates"": [
    -9.217719879999997e+01,
    3.248698923000005e+01
  ],
  ""type"": ""Point""
}",13320,Federally Qualified Health Center (FQHC),H80CS08764,0627740,BPS-H80-015186,CommuniHealth Services Riser Middle School-Based Health Center,100 Price Dr,West Monroe,LA,71292-6315,318-325-0973,www.communihealth.org,40,2,School,1,Active,191944,1073993580,2,Seasonal,2,Service Delivery Site,1,Health Center/Applicant,0,Unknown,0,Unknown,05/19/2015,MOREHOUSE COMMUNITY MEDICAL CENTERS INC,314 N Franklin St,Bastrop,LA,71220-3846,"Corporate Entity, Federal Tax Exempt",-92.1771988,32.48698923,N,N,22073,Ouachita Parish,Ouachita,Parish,06,Region 6,22,Louisiana,2205,5,Louisiana District 05,LA-05,Julia Letlow,Bill Cassidy,John Kennedy,08/21/2024,0627740,H80CS08764,16822,7414,9408,2022,1605,0,0,0,0,0,0,101,0,97,101,0,0,0,0,0,0,0,112,7941,8053,0,47,56,351,7285,7636,28,298,326,347,141,151,639,852,15819,151,317,6262,1509,815,1415,6821,1437,10516,1883,0,2982,99,72,5438,264,0,0,317,0,76,980,991,270,0,135,16,1141,385,2659,344,32,0,8345,1031,161,420,74,227,2482,1357,2051,1132,1501,896,312,0,1000,2244,786,360,76,191,771,270,17,32.48698923,-92.1771988
"{
  ""coordinates"": [
    -9.149236972999995e+01,
    3.246226233000004e+01
  ],
  ""type"": ""Point""
}",14814,Federally Qualified Health Center (FQHC),H80CS24167,06E00261,BPS-H80-012086,Delhi Elementary & High School-Based Health Center,509 Main St,Delhi,LA,71232-2537,318-878-8965,http://www.dchc-delhi.com,40,2,School,1,Active,191903,1588917660,1,Permanent,2,Service Delivery Site,1,Health Center/Applicant,1,Full-Time,1,Year-Round,10/17/2012,HOSPITAL SERVICE DISTRICT 1 A,407 Cincinnati St,Delhi,LA,71232-3007,U.S. Government Entity,-91.49236973,32.46226233,N,N,22083,Richland Parish,Richland,Parish,06,Region 6,22,Louisiana,2205,5,Louisiana District 05,LA-05,Julia Letlow,Bill Cassidy,John Kennedy,08/21/2024,06E00261,H80CS24167,8186,3651,4535,355,1514,0,0,0,0,0,0,16,0,16,18,0,16,0,0,0,0,16,0,3377,3390,0,0,0,85,4423,4508,0,18,20,39,31,154,224,153,7879,154,0,2382,786,506,829,3683,1286,3581,1609,0,1710,18,0,1338,165,0,0,33,0,0,200,288,293,0,63,0,785,604,1865,134,25,0,2046,159,0,27,89,360,447,1373,1535,587,956,687,266,0,914,1357,687,0,2,1,0,0,242,32.46226233,-91.49236973
"{
  ""coordinates"": [
    -9.075840121999994e+01,
    2.960652778000008e+01
  ],
  ""type"": ""Point""
}",16340,Federally Qualified Health Center (FQHC) Look-Alike,LALCS47057,06E01459,BPS-LAL-036293,Life Coast Community Health Center Houma,605 Enterprise Dr STE C,Houma,LA,70360-5405,985-360-3755, ,42,7,All Other Clinic Types,1,Active, ,0,1,Permanent,2,Service Delivery Site,1,Health Center/Applicant,0,Unknown,0,Unknown,01/10/2023,"LIFE COAST COMMUNITY HEALTH CENTER, INC.",1101 AUDUBON AVE STE S1,THIBODAUX,LA,70301, ,-90.75840122,29.60652778,N,N,22109,Terrebonne Parish,Terrebonne,Parish,06,Region 6,22,Louisiana,2206,6,Louisiana District 06,LA-06,Garret Graves,Bill Cassidy,John Kennedy,08/21/2024,06E01459,LALCS47057,3840,728,3112,0,268,0,0,0,0,0,0,0,0,18,19,0,0,0,0,0,0,0,0,896,897,0,138,143,82,2611,2693,0,49,51,0,17,0,36,97,3729,0,43,206,108,85,183,3258,37,1898,363,0,1540,0,0,0,0,0,0,48,0,0,0,54,70,0,103,27,375,88,609,91,0,0,359,0,0,0,32,127,119,500,806,257,249,68,347,0,106,349,54,0,0,0,0,0,38,29.60652778,-90.75840122
"{
  ""coordinates"": [
    -8.971972751999992e+01,
    3.363020046000003e+01
  ],
  ""type"": ""Point""
}",3951,Federally Qualified Health Center (FQHC),H80CS00487,042440,BPS-H80-009014,"Family Health Care Clinic, Duckhill--Head Start",620 Carrollton St,Duck Hill,MS,38925-9416,662-283-2505, ,4,7,All Other Clinic Types,1,Active,251984,0,2,Seasonal,2,Service Delivery Site,1,Health Center/Applicant,2,Part-Time,2,Seasonal,09/01/2009,"Family Health Care Clinic, Inc.",4635 Highway 80 E,Pearl,MS,39208-4226,"Corporate Entity, Federal Tax Exempt",-89.71972752,33.63020046,N,N,28097,Montgomery County,Montgomery,County,04,Region 4,28,Mississippi,2802,2,Mississippi District 02,MS-02,Bennie G. Thompson,Roger F. Wicker,Cindy Hyde-Smith,08/21/2024,042440,H80CS00487,40994,15625,25369,3147,3840,0,0,0,0,0,0,469,260,216,476,19,0,0,0,0,24,30,263,19910,20173,151,36,187,665,14417,15082,61,341,402,3681,709,254,4644,5087,35653,254,3499,24542,5829,2559,3043,5021,14582,11884,4639,0,9879,0,110,490,0,65,0,671,33,227,816,994,897,0,348,222,4239,970,12747,572,103,16,27601,298,67,81,292,349,3731,2219,2189,278,1444,2289,1207,0,1844,1025,657,228,1332,1832,18110,2517,0,33.63020046,-89.71972752
"{
  ""coordinates"": [
    -9.412977571999994e+01,
    3.008491105000007e+01
  ],
  ""type"": ""Point""
}",13171,Federally Qualified Health Center (FQHC),H80CS07502,0625340,BPS-H80-017188,Legacy Central Beaumont,450 N 11th St,Beaumont,TX,77702-1804,409-242-2577,www.legacycommunityhealth.org,45,7,All Other Clinic Types,1,Active,741864,1184029969,1,Permanent,2,Service Delivery Site,1,Health Center/Applicant,0,Unknown,0,Unknown,10/17/2015,LEGACY COMMUNITY HEALTH SERVICES INC,1415 California St,Houston,TX,77006-2602,"Corporate Entity, Federal Tax Exempt",-94.12977572,30.08491105,N,N,48245,Jefferson County,Jefferson,County,06,Region 6,48,Texas,4836,36,Texas District 36,TX-36,Brian Babin,John Cornyn,Ted Cruz,08/21/2024,0625340,H80CS07502,164700,67814,96886,30354,6796,32,0,0,0,0,0,3307,274,3072,3346,0,62,0,0,24,41,65,3064,28638,31702,586,349,935,90334,17647,107981,1311,1665,2976,6496,1817,9382,17695,102089,53229,9382,80304,61068,15562,7116,8481,72473,56877,68689,6283,6359,26492,421,686,6332,1157,7653,102,6714,278,430,1460,3641,1179,0,1498,2472,9190,1740,16579,2657,142,0,30984,5219,1569,2050,1182,1870,2422,13233,16559,10687,15486,24365,17836,2193,2110,6225,910,1106,4459,1462,3240,2274,0,30.08491105,-94.12977572
"{
  ""coordinates"": [
    -8.853134625999996e+01,
    3.114476546000003e+01
  ],
  ""type"": ""Point""
}",3914,Federally Qualified Health Center (FQHC),H80CS00188,042430,BPS-H80-019158,SBHC - Leakesville Elementary,175 Annex Rd,Leakesville,MS,39451-9602,601-394-5093, ,12,2,School,1,Active,251065,1700979960,2,Seasonal,2,Service Delivery Site,1,Health Center/Applicant,0,Unknown,0,Unknown,01/25/2017,COASTAL FAMILY HEALTH CENTER,1046 Division St,Biloxi,MS,39530-2935,"Corporate Entity, Federal Tax Exempt",-88.53134626,31.14476546,N,N,28041,Greene County,Greene,County,04,Region 4,28,Mississippi,2804,4,Mississippi District 04,MS-04,Mike Ezell,Roger F. Wicker,Cindy Hyde-Smith,08/21/2024,042430,H80CS00188,36247,15100,21147,2421,4031,0,0,0,0,0,44,618,45,634,679,0,216,0,0,168,65,233,154,10034,10188,20,60,80,847,17649,18496,1624,782,2406,1202,330,2633,4165,4060,29554,2633,3561,9547,1600,549,382,24169,10438,10696,4748,0,10352,306,4005,5809,532,549,0,487,88,483,875,1099,1311,0,583,201,4542,1206,10833,604,54,0,17690,1245,56,163,442,887,2665,4203,3379,1484,2328,3246,1214,3387,844,2609,914,820,6553,2993,6484,297,0,31.14476546,-88.53134626
"{
  ""coordinates"": [
    -8.808280103999994e+01,
    3.072997381000005e+01
  ],
  ""type"": ""Point""
}",5938,Federally Qualified Health Center (FQHC),H80CS00099,044710,BPS-H80-002124,DR. ALBERT THOMAS MEDICAL CENTER,510 S Wilson Ave,Mobile,AL,36610-3912,251-301-7011,www.franklinprimary.org,40,7,All Other Clinic Types,1,Active,011009,1881015261,1,Permanent,3,Administrative/Service Delivery Site,1,Health Center/Applicant,1,Full-Time,1,Year-Round,01/01/1987,"FRANKLIN PRIMARY HEALTH CENTER, INC.",1303 Dr Martin L King Jr Ave,Mobile,AL,36603-5341,"Corporate Entity, Federal Tax Exempt",-88.08280104,30.72997381,N,N,01097,Mobile County,Mobile,County,04,Region 4,01,Alabama,0101,1,Alabama District 01,AL-01,Jerry L. Carl,Tommy Tuberville,Tommy Tuberville,08/21/2024,044710,H80CS00099,35393,15151,20242,2764,5470,26,0,0,0,0,0,62,0,97,100,0,0,0,0,0,0,0,69,21698,21767,0,87,94,1997,8131,10128,0,149,153,228,671,2243,3142,2312,30838,2243,2058,24054,1673,785,711,8170,15578,9011,4583,0,6218,285,1749,0,334,348,0,548,30,312,243,1369,1644,20,594,241,4997,1859,11110,626,54,29,19651,138,23,73,579,797,1698,2345,2783,352,1461,1979,952,2522,3952,156,1380,0,38,31,124,28,0,30.72997381,-88.08280104
"{
  ""coordinates"": [
    -9.005626356000000e+01,
    3.001846913000003e+01
  ],
  ""type"": ""Point""
}",16188,Federally Qualified Health Center (FQHC),H80CS24198,06E00523,BPS-H80-031195,DePaul Community Health Centers - Pierre Capdua Charter School,5800 Saint Roch Ave,New Orleans,LA,70122-5336,504-667-4327,https://www.dcsno.org/,40,2,School,1,Active, ,0,2,Seasonal,2,Service Delivery Site,1,Health Center/Applicant,0,Unknown,0,Unknown,08/17/2020,MARILLAC COMMUNITY HEALTH CENTERS,3201 S Carrollton Ave,New Orleans,LA,70118-4307,"Corporate Entity, Federal Tax Exempt",-90.05626356,30.01846913,N,N,22071,Orleans Parish,Orleans,Parish,06,Region 6,22,Louisiana,2202,2,Louisiana District 02,LA-02,Troy A. Carter,Bill Cassidy,John Kennedy,08/21/2024,06E00523,H80CS24198,44602,18392,26210,4274,4577,32,0,0,0,0,24,198,18,251,269,21,210,0,0,156,76,232,964,27658,28622,470,45,515,8065,5006,13071,0,22,23,386,392,1092,1870,10060,33450,1092,9011,10643,494,140,579,32746,7176,28411,3896,0,5119,1558,360,1689,104,225,76,530,38,226,506,2832,1105,0,679,297,5270,1152,11726,1982,99,0,23748,929,153,400,420,1069,3731,5505,4012,1259,3665,5659,211,0,1470,3294,1293,1495,360,62,6,76,114,30.01846913,-90.05626356
"{
  ""coordinates"": [
    -8.935399309999997e+01,
    3.031574409000007e+01
  ],
  ""type"": ""Point""
}",3831,Federally Qualified Health Center (FQHC),H80CS00188,042430,BPS-H80-004067,Bay St. Louis Health Center,109 Hospital Dr,Bay Saint Louis,MS,39520-1604,228-463-9666,www.coastalfamilyhealth.org,45,7,All Other Clinic Types,1,Active,251866,1124016209,1,Permanent,2,Service Delivery Site,1,Health Center/Applicant,1,Full-Time,1,Year-Round,01/06/1998,COASTAL FAMILY HEALTH CENTER,1046 Division St,Biloxi,MS,39530-2935,"Corporate Entity, Federal Tax Exempt",-89.3539931,30.31574409,N,N,28045,Hancock County,Hancock,County,04,Region 4,28,Mississippi,2804,4,Mississippi District 04,MS-04,Mike Ezell,Roger F. Wicker,Cindy Hyde-Smith,08/21/2024,042430,H80CS00188,36247,15100,21147,2421,4031,0,0,0,0,0,44,618,45,634,679,0,216,0,0,168,65,233,154,10034,10188,20,60,80,847,17649,18496,1624,782,2406,1202,330,2633,4165,4060,29554,2633,3561,9547,1600,549,382,24169,10438,10696,4748,0,10352,306,4005,5809,532,549,0,487,88,483,875,1099,1311,0,583,201,4542,1206,10833,604,54,0,17690,1245,56,163,442,887,2665,4203,3379,1484,2328,3246,1214,3387,844,2609,914,820,6553,2993,6484,297,0,30.31574409,-89.3539931
"{
  ""coordinates"": [
    -9.246147565999995e+01,
    3.126047138000008e+01
  ],
  ""type"": ""Point""
}",14196,Federally Qualified Health Center (FQHC),H80CS12857,06E00021,BPS-H80-032654,Horseshoe Drive Elementary,2905 Horseshoe Dr,Alexandria,LA,71301-2518,318-648-0375,www.wchc.org,40,2,School,1,Active,191073,0,2,Seasonal,2,Service Delivery Site,1,Health Center/Applicant,0,Unknown,0,Unknown,06/23/2021,WINN COMMUNITY HEALTH CENTER INC,431 W Lafayette St,Winnfield,LA,71483-3463,"Corporate Entity, Federal Tax Exempt",-92.46147566,31.26047138,N,N,22079,Rapides Parish,Rapides,Parish,06,Region 6,22,Louisiana,2205,5,Louisiana District 05,LA-05,Julia Letlow,Bill Cassidy,John Kennedy,08/21/2024,06E00021,H80CS12857,34454,14380,20074,2247,2985,0,0,0,0,0,0,180,0,181,183,30,0,0,0,24,17,41,81,13030,13111,54,112,166,673,18504,19177,0,0,0,578,886,312,1776,1412,32730,312,257,15538,1487,773,843,15813,1734,20554,3847,0,8312,1125,1496,12881,84,24,16,255,0,64,1038,981,1280,26,277,25,2462,951,5217,796,105,22,14765,1179,42,236,192,682,1287,3332,4121,2158,2717,3060,799,0,1568,4971,2327,278,239,211,7320,477,187,31.26047138,-92.46147566
"{
  ""coordinates"": [
    -9.208560194999995e+01,
    3.251429421000005e+01
  ],
  ""type"": ""Point""
}",6536,Federally Qualified Health Center (FQHC),H80CS00754,068480,BPS-H80-022294,PHSC School Based Health Center- Carroll Jr. High School,2945 Renwick St,Monroe,LA,71201-8146,318-654-8760 x230, ,40,2,School,1,Active, ,1184111668,2,Seasonal,2,Service Delivery Site,1,Health Center/Applicant,0,Unknown,0,Unknown,06/24/2018,PRIMARY HEALTH SERVICES CENTER,2913 Betin Ave,Monroe,LA,71201-7257,"Corporate Entity, Federal Tax Exempt",-92.08560195,32.51429421,N,N,22073,Ouachita Parish,Ouachita,Parish,06,Region 6,22,Louisiana,2205,5,Louisiana District 05,LA-05,Julia Letlow,Bill Cassidy,John Kennedy,08/21/2024,068480,H80CS00754,17960,6866,11094,1147,1213,0,0,0,0,0,0,105,0,98,105,0,0,0,0,0,0,0,56,13633,13689,0,21,26,248,3594,3842,0,155,163,0,51,64,130,339,17557,64,109,13086,2441,759,1125,549,1307,14014,1216,0,1420,0,8690,2442,98,18,0,793,0,53,120,337,192,0,184,151,874,228,3964,152,0,0,8970,258,20,133,81,320,2345,4156,1282,380,1931,1246,1117,0,0,3486,1055,468,184,131,158,240,0,32.51429421,-92.08560195
"{
  ""coordinates"": [
    -9.005019674000000e+01,
    3.512448130000007e+01
  ],
  ""type"": ""Point""
}",3167,Federally Qualified Health Center (FQHC),H80CS00780,041410,BPS-H80-032832,Memphis Health Center Mobile Medical Unit,360 E Eh Crump Blvd,Memphis,TN,38126-5310,901-261-2089, ,12,7,All Other Clinic Types,1,Active, ,0,5,Mobile Van,2,Service Delivery Site,1,Health Center/Applicant,0,Unknown,0,Unknown,08/04/2021,MEMPHIS HEALTH CENTER INC,360 E Eh Crump Blvd,Memphis,TN,38126-5310,"Corporate Entity, Federal Tax Exempt",-90.05019674,35.1244813,N,N,47157,Shelby County,Shelby,County,04,Region 4,47,Tennessee,4709,9,Tennessee District 09,TN-09,Steve Cohen,Marsha Blackburn,Bill Hagerty,08/21/2024,041410,H80CS00780,18414,7373,11041,2111,1740,0,0,0,0,0,0,69,35,43,78,0,30,0,0,19,0,31,2200,15012,17212,0,34,44,54,568,622,0,0,16,279,92,40,411,2608,15766,40,202,8545,606,275,215,8773,5383,8304,1879,0,2836,0,740,0,19,195,0,524,0,48,39,778,316,0,265,148,1611,407,5225,389,0,0,7491,218,79,220,250,367,2329,476,217,222,224,1468,923,315,960,2164,870,357,219,946,1075,767,0,35.1244813,-90.05019674
"{
  ""coordinates"": [
    -9.005706369999996e+01,
    2.997427848000006e+01
  ],
  ""type"": ""Point""
}",16137,Federally Qualified Health Center (FQHC),H80CS26583,06E00338,BPS-H80-024531,CrescentCare Elysian Fields,1631 Elysian Fields Ave,New Orleans,LA,70117-8208,504-821-2601,www.crescentcare.org,43.5,7,All Other Clinic Types,1,Active,191010,0,1,Permanent,3,Administrative/Service Delivery Site,1,Health Center/Applicant,0,Unknown,0,Unknown,08/15/2018,NO AIDS TASK FORCE,1631 Elysian Fields Ave,New Orleans,LA,70117-8208,"Corporate Entity, Federal Tax Exempt",-90.0570637,29.97427848,N,N,22071,Orleans Parish,Orleans,Parish,06,Region 6,22,Louisiana,2202,2,Louisiana District 02,LA-02,Troy A. Carter,Bill Cassidy,John Kennedy,08/21/2024,06E00338,H80CS26583,12826,7320,5506,190,715,0,0,0,0,0,0,148,0,144,152,0,0,0,0,0,0,0,162,5328,5490,26,32,58,775,5022,5797,23,148,171,875,246,30,1151,1872,10924,30,1156,2253,658,405,1093,8417,1342,5753,1201,0,4527,497,762,0,103,2822,20,1078,90,281,60,573,276,0,184,63,840,269,2467,290,0,0,1267,0,0,52,431,1045,982,2238,2511,332,1270,2763,550,0,47,341,99,74,0,0,0,0,344,29.97427848,-90.0570637
"{
  ""coordinates"": [
    -9.015759628999994e+01,
    3.240042859000004e+01
  ],
  ""type"": ""Point""
}",3402,Federally Qualified Health Center (FQHC),H80CS00084,040750,BPS-H80-006785,JACKSON-HINDS TOUGALOO CLINIC,500 W County Line Rd,Tougaloo,MS,39174-9700,601-948-4395,www.jackson-hinds.com,12,7,All Other Clinic Types,1,Active,251894,1235167891,1,Permanent,2,Service Delivery Site,1,Health Center/Applicant,2,Part-Time,1,Year-Round,09/01/2000,CENTRAL MISSISSIPPI CIVIC IMPROVEMENT ASSOCIATION INC,3502 W Northside Dr,Jackson,MS,39213-4454,"Corporate Entity, Federal Tax Exempt",-90.15759629,32.40042859,N,N,28089,Madison County,Madison,County,04,Region 4,28,Mississippi,2802,2,Mississippi District 02,MS-02,Bennie G. Thompson,Roger F. Wicker,Cindy Hyde-Smith,08/21/2024,040750,H80CS00084,50003,17448,32555,3399,6228,0,0,0,0,0,0,201,31,189,220,0,18,0,0,0,17,27,218,42542,42760,705,87,792,78,2741,2819,53,172,225,1863,650,647,3160,2958,46398,647,2740,31439,4766,1820,2480,9498,13837,18168,9839,0,8159,136,4955,5088,310,138,0,1616,20,67,525,1642,785,0,560,613,5671,1267,12760,1116,53,0,23581,650,55,251,391,505,3014,1704,1956,181,1529,3702,3478,915,2897,2882,1207,362,3215,8739,951,3246,0,32.40042859,-90.15759629
"{
  ""coordinates"": [
    -9.011396055999995e+01,
    2.996186953000005e+01
  ],
  ""type"": ""Point""
}",16171,Federally Qualified Health Center (FQHC),H80CS24198,06E00523,BPS-H80-012079,Daughters of Charity Health Center - Carrollton,3201 S Carrollton Ave,New Orleans,LA,70118-4307,504-207-3060, ,68.5,7,All Other Clinic Types,1,Active,191904,0,1,Permanent,3,Administrative/Service Delivery Site,1,Health Center/Applicant,1,Full-Time,1,Year-Round,10/16/2012,MARILLAC COMMUNITY HEALTH CENTERS,3201 S Carrollton Ave,New Orleans,LA,70118-4307,"Corporate Entity, Federal Tax Exempt",-90.11396056,29.96186953,N,N,22071,Orleans Parish,Orleans,Parish,06,Region 6,22,Louisiana,2202,2,Louisiana District 02,LA-02,Troy A. Carter,Bill Cassidy,John Kennedy,08/21/2024,06E00523,H80CS24198,44602,18392,26210,4274,4577,32,0,0,0,0,24,198,18,251,269,21,210,0,0,156,76,232,964,27658,28622,470,45,515,8065,5006,13071,0,22,23,386,392,1092,1870,10060,33450,1092,9011,10643,494,140,579,32746,7176,28411,3896,0,5119,1558,360,1689,104,225,76,530,38,226,506,2832,1105,0,679,297,5270,1152,11726,1982,99,0,23748,929,153,400,420,1069,3731,5505,4012,1259,3665,5659,211,0,1470,3294,1293,1495,360,62,6,76,114,29.96186953,-90.11396056
"{
  ""coordinates"": [
    -9.007650643999996e+01,
    2.992921971000004e+01
  ],
  ""type"": ""Point""
}",14179,Federally Qualified Health Center (FQHC),H80CS12863,06E00020,BPS-H80-018670,"Herschel L. Abbott, Jr. Community Health Center",1024 Jackson Ave,New Orleans,LA,70130-5546,504-529-5558,www.stthomaschc.org,40,7,All Other Clinic Types,1,Active,191963,1598216186,1,Permanent,3,Administrative/Service Delivery Site,1,Health Center/Applicant,0,Unknown,0,Unknown,10/04/2016,"ST. THOMAS COMMUNITY HEALTH CENTER, INC.",1020 Saint Andrew St,New Orleans,LA,70130-5022,"Corporate Entity, Federal Tax Exempt",-90.07650644,29.92921971,N,N,22071,Orleans Parish,Orleans,Parish,06,Region 6,22,Louisiana,2202,2,Louisiana District 02,LA-02,Troy A. Carter,Bill Cassidy,John Kennedy,08/21/2024,06E00020,H80CS12863,20619,7559,13060,523,2397,16,0,0,0,0,0,84,23,104,127,0,22,0,0,18,0,26,139,13149,13288,0,33,41,678,2761,3439,0,183,192,1780,652,1074,3506,2655,16890,1074,3614,9450,1136,460,527,9046,4643,10247,2655,0,3074,0,941,0,0,210,30,581,26,134,397,866,516,0,451,157,3033,1611,7148,549,41,0,2222,98,0,36,289,326,1312,1759,1683,270,1034,1254,1459,799,0,0,0,0,0,0,0,0,27,29.92921971,-90.07650644
"{
  ""coordinates"": [
    -9.282745033999998e+01,
    3.437691868000007e+01
  ],
  ""type"": ""Point""
}",13128,Federally Qualified Health Center (FQHC),H80CS00279,0612200,BPS-H80-030023,Healthy Connections-Malvern,900 Martin Luther King Blvd STE 200,Malvern,AR,72104-2217,501-332-7575, ,50,7,All Other Clinic Types,1,Active, ,0,1,Permanent,2,Service Delivery Site,1,Health Center/Applicant,0,Unknown,0,Unknown,11/25/2019,"HEALTHY CONNECTIONS, INC.",136 Health Park Dr,Mena,AR,71953-9072,"Corporate Entity, Federal Tax Exempt",-92.82745034,34.37691868,N,N,05059,Hot Spring County,Hot Spring,County,06,Region 6,05,Arkansas,0504,4,Arkansas District 04,AR-04,Bruce Westerman,John Boozman,Tom Cotton,08/21/2024,0612200,H80CS00279,19662,8511,11151,794,3190,90,0,0,0,0,0,0,0,86,90,74,0,0,0,0,63,74,33,1973,2006,0,81,94,2055,14292,16347,0,0,0,175,532,341,1048,2292,17029,341,1440,7699,2209,1156,2450,6148,3790,7171,4055,0,4646,0,0,0,221,188,0,146,0,222,439,579,866,246,179,39,2198,922,4672,205,51,0,3404,769,39,1376,85,670,1026,3515,3769,997,1789,534,408,0,742,850,497,314,0,0,0,0,539,34.37691868,-92.82745034
"{
  ""coordinates"": [
    -9.225259158999994e+01,
    3.467344476000005e+01
  ],
  ""type"": ""Point""
}",7054,Federally Qualified Health Center (FQHC),H80CS00638,062730,BPS-H80-038705,PCSSD SBHC-Mills,1205 E Dixon Rd,Little Rock,AR,72206-4171,501-234-2020,www.mainlinehealth.net,42,2,School,1,Active, ,0,2,Seasonal,2,Service Delivery Site,1,Health Center/Applicant,0,Unknown,0,Unknown,05/17/2024,MAINLINE HEALTH SYSTEMS INC,233 N Main St,Portland,AR,71663-9230,"Corporate Entity, Federal Tax Exempt",-92.25259159,34.67344476,N,N,05119,Pulaski County,Pulaski,County,06,Region 6,05,Arkansas,0504,4,Arkansas District 04,AR-04,Bruce Westerman,John Boozman,Tom Cotton,08/21/2024,062730,H80CS00638,30618,13827,16791,1601,5523,0,0,0,0,0,0,119,0,126,126,0,0,0,0,0,0,0,0,7693,7697,0,25,25,1697,20121,21818,24,96,120,479,270,70,819,2204,28344,70,913,7441,873,518,425,21361,3020,10089,5014,0,12495,508,84,3074,764,24,0,278,0,38,1425,1406,1836,132,392,134,3896,2529,10003,943,161,29,10669,1369,25,182,186,448,3118,5230,5679,1388,3115,3082,1239,0,684,876,365,203,24,304,295,240,0,34.67344476,-92.25259159
"{
  ""coordinates"": [
    -9.142932733999999e+01,
    3.352532737000007e+01
  ],
  ""type"": ""Point""
}",6994,Federally Qualified Health Center (FQHC),H80CS00638,062730,BPS-H80-018879,Dermott School Clinic,525 E Speedway St,Dermott,AR,71638-2322,870-538-3355,www.mainlinehealth.net,17.5,2,School,1,Active,041922,1477004471,2,Seasonal,2,Service Delivery Site,1,Health Center/Applicant,0,Unknown,0,Unknown,11/02/2016,MAINLINE HEALTH SYSTEMS INC,233 N Main St,Portland,AR,71663-9230,"Corporate Entity, Federal Tax Exempt",-91.42932734,33.52532737,N,N,05017,Chicot County,Chicot,County,06,Region 6,05,Arkansas,0501,1,Arkansas District 01,AR-01,Eric A. “Rick” Crawford,John Boozman,Tom Cotton,08/21/2024,062730,H80CS00638,30618,13827,16791,1601,5523,0,0,0,0,0,0,119,0,126,126,0,0,0,0,0,0,0,0,7693,7697,0,25,25,1697,20121,21818,24,96,120,479,270,70,819,2204,28344,70,913,7441,873,518,425,21361,3020,10089,5014,0,12495,508,84,3074,764,24,0,278,0,38,1425,1406,1836,132,392,134,3896,2529,10003,943,161,29,10669,1369,25,182,186,448,3118,5230,5679,1388,3115,3082,1239,0,684,876,365,203,24,304,295,240,0,33.52532737,-91.42932734
"{
  ""coordinates"": [
    -9.005826565999995e+01,
    2.990750966000008e+01
  ],
  ""type"": ""Point""
}",13363,Federally Qualified Health Center (FQHC),H80CS00867,0613350,BPS-H80-031260,Douglass Community School SBHC,1400 Huey P Long Ave,Gretna,LA,70053-6436,504-575-3700,accesshealthla.org,35,2,School,1,Active, ,0,2,Seasonal,2,Service Delivery Site,1,Health Center/Applicant,0,Unknown,0,Unknown,09/02/2020,ACCESS HEALTH LOUISIANA,2900 Indiana Ave,Kenner,LA,70065-4605,"Corporate Entity, Federal Tax Exempt",-90.05826566,29.90750966,N,N,22051,Jefferson Parish,Jefferson,Parish,06,Region 6,22,Louisiana,2202,2,Louisiana District 02,LA-02,Troy A. Carter,Bill Cassidy,John Kennedy,08/21/2024,0613350,H80CS00867,56382,23991,32391,2427,3790,0,0,0,0,0,0,643,18,631,649,0,108,0,0,53,56,109,445,16357,16802,87,248,335,5409,21181,26590,165,783,948,6640,1126,3183,10949,12817,40382,3183,10182,22871,6359,2554,2349,22249,11408,30297,4318,0,10354,319,850,15894,882,179,23,492,28,289,863,2673,1171,0,683,199,5111,1564,10189,860,109,19,26486,1286,131,909,700,1515,3148,9074,11864,7657,7814,4338,3543,0,619,960,317,120,683,573,1131,1003,152,29.90750966,-90.05826566
"{
  ""coordinates"": [
    -9.110902867000000e+01,
    3.040341817000007e+01
  ],
  ""type"": ""Point""
}",6453,Federally Qualified Health Center (FQHC),H80CS00504,067570,BPS-H80-036838,CareSouth Urology,7777 Hennessy Blvd,Baton Rouge,LA,70808-4300,225-767-0394, ,40,7,All Other Clinic Types,1,Active, ,0,1,Permanent,2,Service Delivery Site,1,Health Center/Applicant,0,Unknown,0,Unknown,06/27/2023,CAPITOL CITY FAMILY HEALTH CENTER INCORPORATED,3140 Florida St,Baton Rouge,LA,70806-3757,"Corporate Entity, Federal Tax Exempt",-91.10902867,30.40341817,N,N,22033,East Baton Rouge Parish,East Baton Rouge,Parish,06,Region 6,22,Louisiana,2206,6,Louisiana District 06,LA-06,Garret Graves,Bill Cassidy,John Kennedy,08/21/2024,067570,H80CS00504,17988,7326,10662,617,2046,0,0,0,0,0,0,92,0,97,104,0,38,0,0,33,18,51,118,12422,12540,0,25,37,156,3463,3619,0,0,0,390,166,1070,1626,719,16199,1070,399,5367,1750,755,1592,8524,3324,10338,2190,0,2136,0,38,1066,33,605,0,302,55,232,126,356,203,0,211,85,1162,365,3212,182,16,0,6931,57,36,69,318,624,2076,2710,3077,1361,2431,739,605,0,1322,2743,1332,723,9,101,4,8,0,30.40341817,-91.10902867
"{
  ""coordinates"": [
    -9.316520875999998e+01,
    3.528939189000004e+01
  ],
  ""type"": ""Point""
}",13197,Federally Qualified Health Center (FQHC),H80CS00279,0612200,BPS-H80-033921,Healthy Connections - Russellville,3312 W Main St,Russellville,AR,72801-2304,479-437-3449, ,32,7,All Other Clinic Types,1,Active, ,0,1,Permanent,2,Service Delivery Site,1,Health Center/Applicant,0,Unknown,0,Unknown,11/29/2021,"HEALTHY CONNECTIONS, INC.",136 Health Park Dr,Mena,AR,71953-9072,"Corporate Entity, Federal Tax Exempt",-93.16520876,35.28939189,N,N,05115,Pope County,Pope,County,06,Region 6,05,Arkansas,0504,4,Arkansas District 04,AR-04,Bruce Westerman,John Boozman,Tom Cotton,08/21/2024,0612200,H80CS00279,19662,8511,11151,794,3190,90,0,0,0,0,0,0,0,86,90,74,0,0,0,0,63,74,33,1973,2006,0,81,94,2055,14292,16347,0,0,0,175,532,341,1048,2292,17029,341,1440,7699,2209,1156,2450,6148,3790,7171,4055,0,4646,0,0,0,221,188,0,146,0,222,439,579,866,246,179,39,2198,922,4672,205,51,0,3404,769,39,1376,85,670,1026,3515,3769,997,1789,534,408,0,742,850,497,314,0,0,0,0,539,35.28939189,-93.16520876
"{
  ""coordinates"": [
    -9.019742293999995e+01,
    3.519515868000008e+01
  ],
  ""type"": ""Point""
}",7744,Federally Qualified Health Center (FQHC),H80CS00123,060140,BPS-H80-022179,Marion School District School Based Health Center,1 Patriot Dr,Marion,AR,72364-2408,870-739-5100,eafhc.org,40,2,School,1,Active,041941,1437638038,2,Seasonal,2,Service Delivery Site,1,Health Center/Applicant,0,Unknown,0,Unknown,05/31/2018,"EAST ARKANSAS FAMILY HEALTH CENTER, INC.",900 N 7th St,West Memphis,AR,72301,"Corporate Entity, Federal Tax Exempt",-90.19742294,35.19515868,N,N,05035,Crittenden County,Crittenden,County,06,Region 6,05,Arkansas,0501,1,Arkansas District 01,AR-01,Eric A. “Rick” Crawford,John Boozman,Tom Cotton,08/21/2024,060140,H80CS00123,20366,8080,12286,594,4410,0,0,0,0,0,0,77,0,82,86,0,113,0,0,89,30,119,81,13371,13452,39,0,48,130,5818,5948,20,101,121,387,187,18,592,750,19598,18,304,12668,3214,1506,2390,588,4099,6626,5212,0,4429,140,0,980,334,238,0,195,0,85,375,741,1135,0,284,40,3197,1546,7613,678,23,0,6436,116,0,148,320,434,1705,2476,2098,226,1465,0,688,1423,2089,2442,1969,552,201,483,375,444,0,35.19515868,-90.19742294
"{
  ""coordinates"": [
    -9.001975490999997e+01,
    3.034741057000008e+01
  ],
  ""type"": ""Point""
}",16294,Federally Qualified Health Center (FQHC),H80CS28964,06E01206,BPS-H80-031354,Start Community Health Center - Mandeville,23251 S Robin Rd,Mandeville,LA,70448,985-898-2445, ,32,7,All Other Clinic Types,1,Active, ,1346712957,1,Permanent,2,Service Delivery Site,1,Health Center/Applicant,0,Unknown,0,Unknown,09/21/2020,START CORP,420 Magnolia St,Houma,LA,70360-6304,"Corporate Entity, Federal Tax Exempt",-90.01975491,30.34741057,N,N,22103,St. Tammany Parish,St. Tammany,Parish,06,Region 6,22,Louisiana,2201,1,Louisiana District 01,LA-01,Steve Scalise,Bill Cassidy,John Kennedy,08/21/2024,06E01206,H80CS28964,23501,10785,12716,126,2280,0,0,0,0,0,0,86,0,85,89,0,0,0,0,0,0,0,109,9168,9277,29,593,622,382,10890,11272,262,122,384,79,226,1542,1847,870,21089,1542,220,13958,2208,1289,1812,4234,2429,15759,1376,0,3937,58,11990,0,207,35,0,117,18,222,143,411,367,0,98,0,1066,361,2641,168,19,0,4794,0,0,27,469,1445,1507,6594,5506,2307,3130,372,131,0,69,562,259,56,749,2810,4935,934,369,30.34741057,-90.01975491
"{
  ""coordinates"": [
    -9.001895830999995e+01,
    2.992342233000005e+01
  ],
  ""type"": ""Point""
}",16217,Federally Qualified Health Center (FQHC),H80CS26580,06E01048,BPS-H80-032185,Common Ground Health Clinic-Algiers,3737 General Degaulle Dr,New Orleans,LA,70114-8205,504-361-9800, ,40,7,All Other Clinic Types,1,Active, ,0,1,Permanent,2,Service Delivery Site,1,Health Center/Applicant,0,Unknown,0,Unknown,03/22/2021,COMMON GROUND HEALTH CLINIC,441 Wall Blvd,Gretna,LA,70056-7723,"Corporate Entity, Federal Tax Exempt",-90.01895831,29.92342233,N,N,22071,Orleans Parish,Orleans,Parish,06,Region 6,22,Louisiana,2202,2,Louisiana District 02,LA-02,Troy A. Carter,Bill Cassidy,John Kennedy,08/21/2024,06E01048,H80CS26580,2569,993,1576,0,168,0,0,0,0,0,0,20,0,22,22,0,0,0,0,0,0,0,99,1014,1113,0,0,0,640,340,980,0,0,24,349,23,46,418,1105,1418,46,952,1648,177,66,185,493,1187,1010,116,0,249,0,0,0,0,0,0,55,0,0,51,51,16,0,62,49,277,38,620,20,0,0,515,0,0,0,31,19,129,207,171,29,139,59,122,0,0,0,0,0,0,0,0,0,0,29.92342233,-90.01895831
"{
  ""coordinates"": [
    -9.010467977999997e+01,
    2.985555971000008e+01
  ],
  ""type"": ""Point""
}",13340,Federally Qualified Health Center (FQHC),H80CS00867,0613350,BPS-H80-030169,Fisher Middle High SBHC,2590 Barataria Blvd,Marrero,LA,70072-5304,504-575-3700,www.accesshealthla.org,35,2,School,1,Active, ,0,2,Seasonal,2,Service Delivery Site,1,Health Center/Applicant,0,Unknown,0,Unknown,01/06/2020,ACCESS HEALTH LOUISIANA,2900 Indiana Ave,Kenner,LA,70065-4605,"Corporate Entity, Federal Tax Exempt",-90.10467978,29.85555971,N,N,22051,Jefferson Parish,Jefferson,Parish,06,Region 6,22,Louisiana,2202,2,Louisiana District 02,LA-02,Troy A. Carter,Bill Cassidy,John Kennedy,08/21/2024,0613350,H80CS00867,56382,23991,32391,2427,3790,0,0,0,0,0,0,643,18,631,649,0,108,0,0,53,56,109,445,16357,16802,87,248,335,5409,21181,26590,165,783,948,6640,1126,3183,10949,12817,40382,3183,10182,22871,6359,2554,2349,22249,11408,30297,4318,0,10354,319,850,15894,882,179,23,492,28,289,863,2673,1171,0,683,199,5111,1564,10189,860,109,19,26486,1286,131,909,700,1515,3148,9074,11864,7657,7814,4338,3543,0,619,960,317,120,683,573,1131,1003,152,29.85555971,-90.10467978
"{
  ""coordinates"": [
    -9.310951135000001e+01,
    3.174602309000005e+01
  ],
  ""type"": ""Point""
}",13506,Federally Qualified Health Center (FQHC),H80CS00867,0613350,BPS-H80-036285,Natchitoches Central High SBHC,6513 LA-1 N,Natchitoches,LA,71457,504-575-3700,http://accesshealthla.org,35,2,School,1,Active, ,0,2,Seasonal,2,Service Delivery Site,1,Health Center/Applicant,0,Unknown,0,Unknown,02/07/2023,ACCESS HEALTH LOUISIANA,2900 Indiana Ave,Kenner,LA,70065-4605,"Corporate Entity, Federal Tax Exempt",-93.10951135,31.74602309,N,N,22069,Natchitoches Parish,Natchitoches,Parish,06,Region 6,22,Louisiana,2204,4,Louisiana District 04,LA-04,Mike Johnson,Bill Cassidy,John Kennedy,08/21/2024,0613350,H80CS00867,56382,23991,32391,2427,3790,0,0,0,0,0,0,643,18,631,649,0,108,0,0,53,56,109,445,16357,16802,87,248,335,5409,21181,26590,165,783,948,6640,1126,3183,10949,12817,40382,3183,10182,22871,6359,2554,2349,22249,11408,30297,4318,0,10354,319,850,15894,882,179,23,492,28,289,863,2673,1171,0,683,199,5111,1564,10189,860,109,19,26486,1286,131,909,700,1515,3148,9074,11864,7657,7814,4338,3543,0,619,960,317,120,683,573,1131,1003,152,31.74602309,-93.10951135
"{
  ""coordinates"": [
    -9.230853584999994e+01,
    3.127371214000004e+01
  ],
  ""type"": ""Point""
}",14202,Federally Qualified Health Center (FQHC),H80CS12857,06E00021,BPS-H80-037844,Ruby Wise Elementary School-Based Clinic,5279 Old Marksville Hwy,Pineville,LA,71360-9067,318-648-0375,www.winnchc.org,40,2,School,1,Active, ,0,2,Seasonal,2,Service Delivery Site,1,Health Center/Applicant,0,Unknown,0,Unknown,11/28/2023,WINN COMMUNITY HEALTH CENTER INC,431 W Lafayette St,Winnfield,LA,71483-3463,"Corporate Entity, Federal Tax Exempt",-92.30853585,31.27371214,N,N,22079,Rapides Parish,Rapides,Parish,06,Region 6,22,Louisiana,2205,5,Louisiana District 05,LA-05,Julia Letlow,Bill Cassidy,John Kennedy,08/21/2024,06E00021,H80CS12857,34454,14380,20074,2247,2985,0,0,0,0,0,0,180,0,181,183,30,0,0,0,24,17,41,81,13030,13111,54,112,166,673,18504,19177,0,0,0,578,886,312,1776,1412,32730,312,257,15538,1487,773,843,15813,1734,20554,3847,0,8312,1125,1496,12881,84,24,16,255,0,64,1038,981,1280,26,277,25,2462,951,5217,796,105,22,14765,1179,42,236,192,682,1287,3332,4121,2158,2717,3060,799,0,1568,4971,2327,278,239,211,7320,477,187,31.27371214,-92.30853585
"{
  ""coordinates"": [
    -9.223924709999994e+01,
    3.479768623000006e+01
  ],
  ""type"": ""Point""
}",7269,Federally Qualified Health Center (FQHC),H80CS00207,060940,BPS-H80-038637,ARcare - 091,2411 McCain Blvd,North Little Rock,AR,72116-7571,870-347-2534, ,40,7,All Other Clinic Types,1,Active, ,0,1,Permanent,2,Service Delivery Site,1,Health Center/Applicant,0,Unknown,0,Unknown,04/30/2024,ARCARE,117 S 2nd St,Augusta,AR,72006-2309,"Corporate Entity, Federal Tax Exempt",-92.2392471,34.79768623,N,N,05119,Pulaski County,Pulaski,County,06,Region 6,05,Arkansas,0502,2,Arkansas District 02,AR-02,J. French Hill,John Boozman,Tom Cotton,08/21/2024,060940,H80CS00207,106184,45583,60601,7031,12205,0,0,0,0,0,0,785,43,742,785,0,872,0,0,558,314,872,129,19550,19679,73,214,287,4379,76561,80940,122,1041,1163,997,561,900,2458,6301,98983,900,1687,1983,575,298,228,103100,11146,46192,16430,0,32416,428,7617,4775,444,612,0,1245,25,925,3572,3329,4122,2434,931,77,10451,4041,24879,2261,292,60,12308,4608,247,800,884,2552,4218,13292,14730,2188,5820,6184,1262,0,0,0,0,0,0,0,0,0,1883,34.79768623,-92.2392471
"{
  ""coordinates"": [
    -9.075353471999993e+01,
    3.000558996000006e+01
  ],
  ""type"": ""Point""
}",13403,Federally Qualified Health Center (FQHC),H80CS00867,0613350,BPS-H80-032863,Magnolia Academic Center for Excellence,3125 Valcour Aime St,Vacherie,LA,70090-7104,504-575-3700,http://accesshealthla.org,35,2,School,1,Active, ,0,2,Seasonal,2,Service Delivery Site,1,Health Center/Applicant,0,Unknown,0,Unknown,08/02/2021,ACCESS HEALTH LOUISIANA,2900 Indiana Ave,Kenner,LA,70065-4605,"Corporate Entity, Federal Tax Exempt",-90.75353472,30.00558996,N,N,22093,St. James Parish,St. James,Parish,06,Region 6,22,Louisiana,2202,2,Louisiana District 02,LA-02,Troy A. Carter,Bill Cassidy,John Kennedy,08/21/2024,0613350,H80CS00867,56382,23991,32391,2427,3790,0,0,0,0,0,0,643,18,631,649,0,108,0,0,53,56,109,445,16357,16802,87,248,335,5409,21181,26590,165,783,948,6640,1126,3183,10949,12817,40382,3183,10182,22871,6359,2554,2349,22249,11408,30297,4318,0,10354,319,850,15894,882,179,23,492,28,289,863,2673,1171,0,683,199,5111,1564,10189,860,109,19,26486,1286,131,909,700,1515,3148,9074,11864,7657,7814,4338,3543,0,619,960,317,120,683,573,1131,1003,152,30.00558996,-90.75353472
"{
  ""coordinates"": [
    -8.806602901999997e+01,
    3.069987498000007e+01
  ],
  ""type"": ""Point""
}",5935,Federally Qualified Health Center (FQHC),H80CS00099,044710,BPS-H80-009547,J.R. Thomas Wellness and Fitness Center,1361 Dr Martin L King Jr Ave,Mobile,AL,36603-5341,251-432-7189, ,40,7,All Other Clinic Types,1,Active,016621,1710117213,1,Permanent,3,Administrative/Service Delivery Site,1,Health Center/Applicant,1,Full-Time,1,Year-Round,06/16/2010,"FRANKLIN PRIMARY HEALTH CENTER, INC.",1303 Dr Martin L King Jr Ave,Mobile,AL,36603-5341,"Corporate Entity, Federal Tax Exempt",-88.06602902,30.69987498,N,N,01097,Mobile County,Mobile,County,04,Region 4,01,Alabama,0101,1,Alabama District 01,AL-01,Jerry L. Carl,Tommy Tuberville,Tommy Tuberville,08/21/2024,044710,H80CS00099,35393,15151,20242,2764,5470,26,0,0,0,0,0,62,0,97,100,0,0,0,0,0,0,0,69,21698,21767,0,87,94,1997,8131,10128,0,149,153,228,671,2243,3142,2312,30838,2243,2058,24054,1673,785,711,8170,15578,9011,4583,0,6218,285,1749,0,334,348,0,548,30,312,243,1369,1644,20,594,241,4997,1859,11110,626,54,29,19651,138,23,73,579,797,1698,2345,2783,352,1461,1979,952,2522,3952,156,1380,0,38,31,124,28,0,30.69987498,-88.06602902
"{
  ""coordinates"": [
    -9.006825898999995e+01,
    2.990318129000008e+01
  ],
  ""type"": ""Point""
}",16157,Federally Qualified Health Center (FQHC),H80CS24198,06E00523,BPS-H80-036533,DePaul Community Health Centers - Westbank Expressway,1629 Westbank Expy STE A,Harvey,LA,70058-4364,504-582-0710, ,45,7,All Other Clinic Types,1,Active, ,0,1,Permanent,2,Service Delivery Site,1,Health Center/Applicant,0,Unknown,0,Unknown,04/04/2023,MARILLAC COMMUNITY HEALTH CENTERS,3201 S Carrollton Ave,New Orleans,LA,70118-4307,"Corporate Entity, Federal Tax Exempt",-90.06825899,29.90318129,N,N,22051,Jefferson Parish,Jefferson,Parish,06,Region 6,22,Louisiana,2202,2,Louisiana District 02,LA-02,Troy A. Carter,Bill Cassidy,John Kennedy,08/21/2024,06E00523,H80CS24198,44602,18392,26210,4274,4577,32,0,0,0,0,24,198,18,251,269,21,210,0,0,156,76,232,964,27658,28622,470,45,515,8065,5006,13071,0,22,23,386,392,1092,1870,10060,33450,1092,9011,10643,494,140,579,32746,7176,28411,3896,0,5119,1558,360,1689,104,225,76,530,38,226,506,2832,1105,0,679,297,5270,1152,11726,1982,99,0,23748,929,153,400,420,1069,3731,5505,4012,1259,3665,5659,211,0,1470,3294,1293,1495,360,62,6,76,114,29.90318129,-90.06825899
"{
  ""coordinates"": [
    -9.238883128999997e+01,
    3.107402164000007e+01
  ],
  ""type"": ""Point""
}",14190,Federally Qualified Health Center (FQHC),H80CS12857,06E00021,BPS-H80-034871,Rapides High School Based Clinic,9463 Highway 71 S,Lecompte,LA,71346,318-648-0375, ,40,2,School,1,Active, ,0,2,Seasonal,2,Service Delivery Site,1,Health Center/Applicant,0,Unknown,0,Unknown,05/19/2022,WINN COMMUNITY HEALTH CENTER INC,431 W Lafayette St,Winnfield,LA,71483-3463,"Corporate Entity, Federal Tax Exempt",-92.38883129,31.07402164,N,N,22079,Rapides Parish,Rapides,Parish,06,Region 6,22,Louisiana,2205,5,Louisiana District 05,LA-05,Julia Letlow,Bill Cassidy,John Kennedy,08/21/2024,06E00021,H80CS12857,34454,14380,20074,2247,2985,0,0,0,0,0,0,180,0,181,183,30,0,0,0,24,17,41,81,13030,13111,54,112,166,673,18504,19177,0,0,0,578,886,312,1776,1412,32730,312,257,15538,1487,773,843,15813,1734,20554,3847,0,8312,1125,1496,12881,84,24,16,255,0,64,1038,981,1280,26,277,25,2462,951,5217,796,105,22,14765,1179,42,236,192,682,1287,3332,4121,2158,2717,3060,799,0,1568,4971,2327,278,239,211,7320,477,187,31.07402164,-92.38883129
"{
  ""coordinates"": [
    -8.855557682999995e+01,
    3.092613095000007e+01
  ],
  ""type"": ""Point""
}",3911,Federally Qualified Health Center (FQHC),H80CS00188,042430,BPS-H80-027510,Lucedale Health Center,11231 Old 63 S,Lucedale,MS,39452-4941,601-947-8268, ,40,7,All Other Clinic Types,1,Active, ,0,1,Permanent,2,Service Delivery Site,1,Health Center/Applicant,0,Unknown,0,Unknown,03/06/2019,COASTAL FAMILY HEALTH CENTER,1046 Division St,Biloxi,MS,39530-2935,"Corporate Entity, Federal Tax Exempt",-88.55557683,30.92613095,N,N,28039,George County,George,County,04,Region 4,28,Mississippi,2804,4,Mississippi District 04,MS-04,Mike Ezell,Roger F. Wicker,Cindy Hyde-Smith,08/21/2024,042430,H80CS00188,36247,15100,21147,2421,4031,0,0,0,0,0,44,618,45,634,679,0,216,0,0,168,65,233,154,10034,10188,20,60,80,847,17649,18496,1624,782,2406,1202,330,2633,4165,4060,29554,2633,3561,9547,1600,549,382,24169,10438,10696,4748,0,10352,306,4005,5809,532,549,0,487,88,483,875,1099,1311,0,583,201,4542,1206,10833,604,54,0,17690,1245,56,163,442,887,2665,4203,3379,1484,2328,3246,1214,3387,844,2609,914,820,6553,2993,6484,297,0,30.92613095,-88.55557683
"{
  ""coordinates"": [
    -9.114960001999997e+01,
    3.044840368000006e+01
  ],
  ""type"": ""Point""
}",16263,Federally Qualified Health Center (FQHC),H80CS28962,06E01178,BPS-H80-036221,OHCC - Main Admin,3949 North Blvd,Baton Rouge,LA,70806-3827,225-655-6422, ,0,7,All Other Clinic Types,1,Active, ,0,1,Permanent,1,Administrative,1,Health Center/Applicant,0,Unknown,0,Unknown,01/25/2023,"HIV/AIDS ALLIANCE FOR REGION TWO (HAART), INC.",3949 North Blvd,Baton Rouge,LA,70806-3827,"Corporate Entity, Federal Tax Exempt",-91.14960002,30.44840368,N,N,22033,East Baton Rouge Parish,East Baton Rouge,Parish,06,Region 6,22,Louisiana,2206,6,Louisiana District 06,LA-06,Garret Graves,Bill Cassidy,John Kennedy,08/21/2024,06E01178,H80CS28962,15248,6792,8456,1016,605,0,0,0,0,0,0,109,0,108,111,0,0,0,0,0,0,0,73,8370,8443,0,16,24,848,2276,3124,0,0,17,3162,285,70,3517,4103,11075,70,3787,8601,2147,904,1628,1968,4399,7558,890,0,2393,0,45,0,24,1040,0,825,50,256,107,371,209,0,289,132,1012,270,2664,161,35,0,7125,229,23,79,215,418,752,1375,2219,471,1229,2108,3173,0,252,1092,331,575,316,194,0,634,0,30.44840368,-91.14960002
"{
  ""coordinates"": [
    -9.241862727999995e+01,
    3.509886390000003e+01
  ],
  ""type"": ""Point""
}",7306,Federally Qualified Health Center (FQHC),H80CS00207,060940,BPS-H80-011019,ARcare 24,1500 Museum Rd,Conway,AR,72032-4785,870-347-2534,www.arcare.net,48,7,All Other Clinic Types,1,Active,041879,1831487404,1,Permanent,2,Service Delivery Site,1,Health Center/Applicant,1,Full-Time,1,Year-Round,11/16/2011,ARCARE,117 S 2nd St,Augusta,AR,72006-2309,"Corporate Entity, Federal Tax Exempt",-92.41862728,35.0988639,N,N,05045,Faulkner County,Faulkner,County,06,Region 6,05,Arkansas,0502,2,Arkansas District 02,AR-02,J. French Hill,John Boozman,Tom Cotton,08/21/2024,060940,H80CS00207,106184,45583,60601,7031,12205,0,0,0,0,0,0,785,43,742,785,0,872,0,0,558,314,872,129,19550,19679,73,214,287,4379,76561,80940,122,1041,1163,997,561,900,2458,6301,98983,900,1687,1983,575,298,228,103100,11146,46192,16430,0,32416,428,7617,4775,444,612,0,1245,25,925,3572,3329,4122,2434,931,77,10451,4041,24879,2261,292,60,12308,4608,247,800,884,2552,4218,13292,14730,2188,5820,6184,1262,0,0,0,0,0,0,0,0,0,1883,35.0988639,-92.41862728
"{
  ""coordinates"": [
    -9.370638877000000e+01,
    3.242200966000008e+01
  ],
  ""type"": ""Point""
}",6467,Federally Qualified Health Center (FQHC),H80CS00504,067570,BPS-H80-033993,CareSouth-Shreveport,8730 Youree Dr STE A-B,Shreveport,LA,71115-2500,225-650-2000, ,40,7,All Other Clinic Types,1,Active, ,0,1,Permanent,2,Service Delivery Site,1,Health Center/Applicant,0,Unknown,0,Unknown,12/13/2021,CAPITOL CITY FAMILY HEALTH CENTER INCORPORATED,3140 Florida St,Baton Rouge,LA,70806-3757,"Corporate Entity, Federal Tax Exempt",-93.70638877,32.42200966,N,N,22017,Caddo Parish,Caddo,Parish,06,Region 6,22,Louisiana,2204,4,Louisiana District 04,LA-04,Mike Johnson,Bill Cassidy,John Kennedy,08/21/2024,067570,H80CS00504,17988,7326,10662,617,2046,0,0,0,0,0,0,92,0,97,104,0,38,0,0,33,18,51,118,12422,12540,0,25,37,156,3463,3619,0,0,0,390,166,1070,1626,719,16199,1070,399,5367,1750,755,1592,8524,3324,10338,2190,0,2136,0,38,1066,33,605,0,302,55,232,126,356,203,0,211,85,1162,365,3212,182,16,0,6931,57,36,69,318,624,2076,2710,3077,1361,2431,739,605,0,1322,2743,1332,723,9,101,4,8,0,32.42200966,-93.70638877
"{
  ""coordinates"": [
    -9.026589195999998e+01,
    3.230011897000003e+01
  ],
  ""type"": ""Point""
}",3373,Federally Qualified Health Center (FQHC),H80CS00084,040750,BPS-H80-005948,JACKSON-HINDS VAN WINKLE ELEM SCHOOLBASE CLINIC,1655 Whiting Rd,Jackson,MS,39209-5826,601-922-6642,www.jackson-hinds.com,8,2,School,1,Active,251911,1255360483,2,Seasonal,2,Service Delivery Site,1,Health Center/Applicant,2,Part-Time,2,Seasonal,01/02/2003,CENTRAL MISSISSIPPI CIVIC IMPROVEMENT ASSOCIATION INC,3502 W Northside Dr,Jackson,MS,39213-4454,"Corporate Entity, Federal Tax Exempt",-90.26589196,32.30011897,N,N,28049,Hinds County,Hinds,County,04,Region 4,28,Mississippi,2802,2,Mississippi District 02,MS-02,Bennie G. Thompson,Roger F. Wicker,Cindy Hyde-Smith,08/21/2024,040750,H80CS00084,50003,17448,32555,3399,6228,0,0,0,0,0,0,201,31,189,220,0,18,0,0,0,17,27,218,42542,42760,705,87,792,78,2741,2819,53,172,225,1863,650,647,3160,2958,46398,647,2740,31439,4766,1820,2480,9498,13837,18168,9839,0,8159,136,4955,5088,310,138,0,1616,20,67,525,1642,785,0,560,613,5671,1267,12760,1116,53,0,23581,650,55,251,391,505,3014,1704,1956,181,1529,3702,3478,915,2897,2882,1207,362,3215,8739,951,3246,0,32.30011897,-90.26589196
"{
  ""coordinates"": [
    -9.015412593999996e+01,
    3.106781551000006e+01
  ],
  ""type"": ""Point""
}",3920,Federally Qualified Health Center (FQHC),H80CS00487,042440,BPS-H80-008605,"Family Health Care Clinic, Tylertown--Head Start",130 E Lexie Rd,Tylertown,MS,39667-5604,601-876-3858,www.familyhealthcareclinic.com,4,7,All Other Clinic Types,1,Active,251805,0,2,Seasonal,2,Service Delivery Site,1,Health Center/Applicant,2,Part-Time,2,Seasonal,09/01/2009,"Family Health Care Clinic, Inc.",4635 Highway 80 E,Pearl,MS,39208-4226,"Corporate Entity, Federal Tax Exempt",-90.15412594,31.06781551,N,N,28147,Walthall County,Walthall,County,04,Region 4,28,Mississippi,2803,3,Mississippi District 03,MS-03,Michael Guest,Roger F. Wicker,Cindy Hyde-Smith,08/21/2024,042440,H80CS00487,40994,15625,25369,3147,3840,0,0,0,0,0,0,469,260,216,476,19,0,0,0,0,24,30,263,19910,20173,151,36,187,665,14417,15082,61,341,402,3681,709,254,4644,5087,35653,254,3499,24542,5829,2559,3043,5021,14582,11884,4639,0,9879,0,110,490,0,65,0,671,33,227,816,994,897,0,348,222,4239,970,12747,572,103,16,27601,298,67,81,292,349,3731,2219,2189,278,1444,2289,1207,0,1844,1025,657,228,1332,1832,18110,2517,0,31.06781551,-90.15412594
"{
  ""coordinates"": [
    -9.057281507999993e+01,
    3.048241760000008e+01
  ],
  ""type"": ""Point""
}",7793,Federally Qualified Health Center (FQHC),H80CS00370,063710,BPS-H80-016996,Southeast Community Health Systems - Albany Location,30575 Old Baton Rouge Hwy,Hammond,LA,70403-8350,225-306-2050, ,40,7,All Other Clinic Types,1,Active,191895,0,1,Permanent,2,Service Delivery Site,1,Health Center/Applicant,0,Unknown,0,Unknown,09/03/2015,SOUTHEAST COMMUNITY HEALTH SYSTEMS,6351 Main St,Zachary,LA,70791-4038,"Corporate Entity, Federal Tax Exempt",-90.57281508,30.4824176,N,N,22063,Livingston Parish,Livingston,Parish,06,Region 6,22,Louisiana,2206,6,Louisiana District 06,LA-06,Garret Graves,Bill Cassidy,John Kennedy,08/21/2024,063710,H80CS00370,9749,3543,6206,245,1141,0,0,0,0,0,0,23,0,27,33,33,0,0,0,31,0,36,34,6505,6539,29,23,52,68,2291,2359,0,52,60,391,208,71,670,567,9111,71,408,707,118,49,42,8833,977,6004,1316,0,1451,133,0,802,93,0,0,136,0,28,214,200,171,0,128,76,1197,214,1936,190,0,0,1424,94,0,27,69,112,285,945,1151,385,720,443,585,0,447,1195,378,155,95,316,201,193,0,30.4824176,-90.57281508
"{
  ""coordinates"": [
    -9.073259320999993e+01,
    2.959137034000003e+01
  ],
  ""type"": ""Point""
}",7750,Federally Qualified Health Center (FQHC),H80CS00767,060180,BPS-H80-010632,Teche Action Clinic @ Houma,1014 W Tunnel Blvd,Houma,LA,70360-4050,985-851-1717, ,40,7,All Other Clinic Types,1,Active,191848,1215974019,1,Permanent,2,Service Delivery Site,1,Health Center/Applicant,1,Full-Time,1,Year-Round,07/01/2011,TECHE ACTION BOARD,1115 Weber St,Franklin,LA,70538-4124,"Corporate Entity, Federal Tax Exempt",-90.73259321,29.59137034,N,N,22109,Terrebonne Parish,Terrebonne,Parish,06,Region 6,22,Louisiana,2201,1,Louisiana District 01,LA-01,Steve Scalise,Bill Cassidy,John Kennedy,08/21/2024,060180,H80CS00767,18840,7573,11267,973,2863,0,0,0,0,0,0,139,0,127,141,0,0,0,0,0,0,0,67,8768,8835,1194,453,1647,122,7095,7217,20,177,197,336,359,108,803,1753,16979,108,1298,13268,2717,597,682,1576,1992,10850,3343,0,2653,35,21,1539,188,0,0,112,0,73,356,885,737,24,191,38,2915,687,5345,362,26,0,3204,293,50,103,184,349,1394,2741,2831,851,1058,1744,324,0,806,2614,732,411,36,31,19,8,0,29.59137034,-90.73259321
"{
  ""coordinates"": [
    -9.165586029999996e+01,
    3.198631494000006e+01
  ],
  ""type"": ""Point""
}",6957,Federally Qualified Health Center (FQHC),H80CS00206,062480,BPS-H80-005575,WISNER MEDICAL CLINIC,126 Watson St,Wisner,LA,71378-4660,318-724-7008, ,45,7,All Other Clinic Types,1,Active,191824,0,1,Permanent,2,Service Delivery Site,1,Health Center/Applicant,1,Full-Time,1,Year-Round,07/31/1995,Catahoula Parish Hospital District #2,307 Chisum St,Sicily Island,LA,71368-4807,U.S. Government Entity,-91.6558603,31.98631494,N,N,22041,Franklin Parish,Franklin,Parish,06,Region 6,22,Louisiana,2205,5,Louisiana District 05,LA-05,Julia Letlow,Bill Cassidy,John Kennedy,08/21/2024,062480,H80CS00206,7803,3069,4734,33,2082,0,0,0,0,0,0,0,0,0,0,0,0,0,0,0,0,0,23,3203,3226,0,0,0,55,4420,4475,0,68,70,0,0,0,23,82,7713,0,19,3497,937,429,797,2143,924,3128,2080,0,1671,22,178,0,56,0,0,45,0,32,243,154,384,0,99,0,1229,766,3238,170,21,0,5327,100,0,0,81,216,188,1090,1365,208,480,602,131,0,98,775,203,93,0,0,0,0,0,31.98631494,-91.6558603
"{
  ""coordinates"": [
    -9.308957496999993e+01,
    3.412092916000005e+01
  ],
  ""type"": ""Point""
}",13111,Federally Qualified Health Center (FQHC),H80CS00279,0612200,BPS-H80-028023,HCI-Arkadelphia Clinic,301 Professional Park Dr STE B,Arkadelphia,AR,71923-5317,870-403-0299, ,40,7,All Other Clinic Types,1,Active, ,0,1,Permanent,2,Service Delivery Site,1,Health Center/Applicant,0,Unknown,0,Unknown,07/11/2019,"HEALTHY CONNECTIONS, INC.",136 Health Park Dr,Mena,AR,71953-9072,"Corporate Entity, Federal Tax Exempt",-93.08957497,34.12092916,N,N,05019,Clark County,Clark,County,06,Region 6,05,Arkansas,0504,4,Arkansas District 04,AR-04,Bruce Westerman,John Boozman,Tom Cotton,08/21/2024,0612200,H80CS00279,19662,8511,11151,794,3190,90,0,0,0,0,0,0,0,86,90,74,0,0,0,0,63,74,33,1973,2006,0,81,94,2055,14292,16347,0,0,0,175,532,341,1048,2292,17029,341,1440,7699,2209,1156,2450,6148,3790,7171,4055,0,4646,0,0,0,221,188,0,146,0,222,439,579,866,246,179,39,2198,922,4672,205,51,0,3404,769,39,1376,85,670,1026,3515,3769,997,1789,534,408,0,742,850,497,314,0,0,0,0,539,34.12092916,-93.08957497
"{
  ""coordinates"": [
    -8.814375900000000e+01,
    3.257110699000003e+01
  ],
  ""type"": ""Point""
}",3963,Federally Qualified Health Center (FQHC),H80CS00094,042450,BPS-H80-038818,Sumter County Health Center,107 Hospital Drive,Livingston,AL,35470,205-392-9656, ,40,7,All Other Clinic Types,1,Active,011940,0,1,Permanent,2,Service Delivery Site,1,Health Center/Applicant,0,Unknown,0,Unknown,06/26/2024,WHATLEY HEALTH SERVICES INC,2731 Ml King Jr Blvd,Tuscaloosa,AL,35401-5235,"Corporate Entity, Federal Tax Exempt",-88.143759,32.57110699,N,N,01119,Sumter County,Sumter,County,04,Region 4,01,Alabama,0107,7,Alabama District 07,AL-07,Terri A. Sewell,Tommy Tuberville,Tommy Tuberville,08/21/2024,042450,H80CS00094,18497,7653,10844,1574,2274,23,0,0,0,0,0,48,0,69,78,0,16,0,0,0,0,24,42,10986,11028,0,0,21,1023,2806,3829,20,45,65,1899,444,1109,3452,3014,14374,1109,2955,14158,1849,502,591,1397,6668,5612,2134,0,4083,335,894,165,363,427,0,353,0,66,288,736,565,0,256,111,2573,804,5834,453,23,0,9159,212,54,354,162,342,1317,843,1329,235,748,1971,792,0,1333,2062,929,406,523,578,773,415,0,32.57110699,-88.143759
"{
  ""coordinates"": [
    -9.042658098999998e+01,
    2.987705800000000e+01
  ],
  ""type"": ""Point""
}",13349,Federally Qualified Health Center (FQHC),H80CS00867,0613350,BPS-H80-014006,AHL SBHC Paradis La.,434 South St,Paradis,LA,70080-2244,504-433-2400, ,40,2,School,1,Active, ,1104239482,2,Seasonal,2,Service Delivery Site,1,Health Center/Applicant,1,Full-Time,1,Year-Round,07/10/2014,ACCESS HEALTH LOUISIANA,2900 Indiana Ave,Kenner,LA,70065-4605,"Corporate Entity, Federal Tax Exempt",-90.42658099,29.877058,N,N,22089,St. Charles Parish,St. Charles,Parish,06,Region 6,22,Louisiana,2202,2,Louisiana District 02,LA-02,Troy A. Carter,Bill Cassidy,John Kennedy,08/21/2024,0613350,H80CS00867,56382,23991,32391,2427,3790,0,0,0,0,0,0,643,18,631,649,0,108,0,0,53,56,109,445,16357,16802,87,248,335,5409,21181,26590,165,783,948,6640,1126,3183,10949,12817,40382,3183,10182,22871,6359,2554,2349,22249,11408,30297,4318,0,10354,319,850,15894,882,179,23,492,28,289,863,2673,1171,0,683,199,5111,1564,10189,860,109,19,26486,1286,131,909,700,1515,3148,9074,11864,7657,7814,4338,3543,0,619,960,317,120,683,573,1131,1003,152,29.877058,-90.42658099
"{
  ""coordinates"": [
    -9.109940632999997e+01,
    3.044293080000005e+01
  ],
  ""type"": ""Point""
}",16260,Federally Qualified Health Center (FQHC),H80CS28962,06E01178,BPS-H80-034524,OHCC - Colonial,781 Colonial Dr,Baton Rouge,LA,70806-6512,225-655-6422, ,40,7,All Other Clinic Types,1,Active, ,0,1,Permanent,2,Service Delivery Site,1,Health Center/Applicant,0,Unknown,0,Unknown,04/26/2022,"HIV/AIDS ALLIANCE FOR REGION TWO (HAART), INC.",3949 North Blvd,Baton Rouge,LA,70806-3827,"Corporate Entity, Federal Tax Exempt",-91.09940633,30.4429308,N,N,22033,East Baton Rouge Parish,East Baton Rouge,Parish,06,Region 6,22,Louisiana,2206,6,Louisiana District 06,LA-06,Garret Graves,Bill Cassidy,John Kennedy,08/21/2024,06E01178,H80CS28962,15248,6792,8456,1016,605,0,0,0,0,0,0,109,0,108,111,0,0,0,0,0,0,0,73,8370,8443,0,16,24,848,2276,3124,0,0,17,3162,285,70,3517,4103,11075,70,3787,8601,2147,904,1628,1968,4399,7558,890,0,2393,0,45,0,24,1040,0,825,50,256,107,371,209,0,289,132,1012,270,2664,161,35,0,7125,229,23,79,215,418,752,1375,2219,471,1229,2108,3173,0,252,1092,331,575,316,194,0,634,0,30.4429308,-91.09940633
"{
  ""coordinates"": [
    -9.337672663999996e+01,
    3.173723759000006e+01
  ],
  ""type"": ""Point""
}",13503,Federally Qualified Health Center (FQHC),H80CS00867,0613350,BPS-H80-036286,Marthaville Elementary SBHC,10800 Highway 120,Marthaville,LA,71450,504-575-3700,http://accesshealthla.org,35,2,School,1,Active, ,0,2,Seasonal,2,Service Delivery Site,1,Health Center/Applicant,0,Unknown,0,Unknown,02/07/2023,ACCESS HEALTH LOUISIANA,2900 Indiana Ave,Kenner,LA,70065-4605,"Corporate Entity, Federal Tax Exempt",-93.37672664,31.73723759,N,N,22069,Natchitoches Parish,Natchitoches,Parish,06,Region 6,22,Louisiana,2204,4,Louisiana District 04,LA-04,Mike Johnson,Bill Cassidy,John Kennedy,08/21/2024,0613350,H80CS00867,56382,23991,32391,2427,3790,0,0,0,0,0,0,643,18,631,649,0,108,0,0,53,56,109,445,16357,16802,87,248,335,5409,21181,26590,165,783,948,6640,1126,3183,10949,12817,40382,3183,10182,22871,6359,2554,2349,22249,11408,30297,4318,0,10354,319,850,15894,882,179,23,492,28,289,863,2673,1171,0,683,199,5111,1564,10189,860,109,19,26486,1286,131,909,700,1515,3148,9074,11864,7657,7814,4338,3543,0,619,960,317,120,683,573,1131,1003,152,31.73723759,-93.37672664
"{
  ""coordinates"": [
    -9.393603698999998e+01,
    2.990412392000007e+01
  ],
  ""type"": ""Point""
}",7847,Federally Qualified Health Center (FQHC),H80CS00408,061730,BPS-H80-000555,"GULF COAST HEALTH CENTER, INC. - PORT ARTHUR",2548 Memorial Blvd,Port Arthur,TX,77640-2825,409-983-1161,www.gulfcoasthc.org,59,7,All Other Clinic Types,1,Active,451821,1912904897,1,Permanent,3,Administrative/Service Delivery Site,1,Health Center/Applicant,1,Full-Time,1,Year-Round,01/01/1980,"GULF COAST HEALTH CENTER, INC",2548 Memorial Blvd,Port Arthur,TX,77640-2825,"Corporate Entity, Federal Tax Exempt",-93.93603699,29.90412392,N,N,48245,Jefferson County,Jefferson,County,06,Region 6,48,Texas,4814,14,Texas District 14,TX-14,"Randy K. Weber, Sr.",John Cornyn,Ted Cruz,08/21/2024,061730,H80CS00408,16361,6087,10274,564,1505,0,0,0,0,0,0,459,0,449,459,26,0,0,0,0,16,29,105,5038,5143,0,40,52,3386,5185,8571,57,44,101,1493,401,112,2006,5076,11173,112,3210,8006,1471,481,517,5886,8392,3692,1414,0,2862,0,0,323,39,18,0,119,0,59,143,503,619,109,238,76,3097,567,5672,319,24,0,1810,96,0,44,85,202,365,2092,1878,443,577,242,933,374,938,994,427,247,9,5,15,20,94,29.90412392,-93.93603699
"{
  ""coordinates"": [
    -8.806574595999994e+01,
    3.069940400000000e+01
  ],
  ""type"": ""Point""
}",5932,Federally Qualified Health Center (FQHC),H80CS00099,044710,BPS-H80-002617,FRANKLIN MEDICAL MALL,1303 Dr Martin L King Jr Ave,Mobile,AL,36603-5341,251-432-4117,www.franklinprimary.org,44,7,All Other Clinic Types,1,Active,011845,0,1,Permanent,3,Administrative/Service Delivery Site,1,Health Center/Applicant,1,Full-Time,1,Year-Round,09/01/2003,"FRANKLIN PRIMARY HEALTH CENTER, INC.",1303 Dr Martin L King Jr Ave,Mobile,AL,36603-5341,"Corporate Entity, Federal Tax Exempt",-88.06574596,30.699404,N,N,01097,Mobile County,Mobile,County,04,Region 4,01,Alabama,0101,1,Alabama District 01,AL-01,Jerry L. Carl,Tommy Tuberville,Tommy Tuberville,08/21/2024,044710,H80CS00099,35393,15151,20242,2764,5470,26,0,0,0,0,0,62,0,97,100,0,0,0,0,0,0,0,69,21698,21767,0,87,94,1997,8131,10128,0,149,153,228,671,2243,3142,2312,30838,2243,2058,24054,1673,785,711,8170,15578,9011,4583,0,6218,285,1749,0,334,348,0,548,30,312,243,1369,1644,20,594,241,4997,1859,11110,626,54,29,19651,138,23,73,579,797,1698,2345,2783,352,1461,1979,952,2522,3952,156,1380,0,38,31,124,28,0,30.699404,-88.06574596
"{
  ""coordinates"": [
    -8.803139859999999e+01,
    3.126426397000006e+01
  ],
  ""type"": ""Point""
}",5926,Federally Qualified Health Center (FQHC),H80CS00098,044700,BPS-H80-005224,SOUTHWEST ALABAMA HEALTH SERVICE,7777 Highway 43,Mc Intosh,AL,36553-6621,251-944-2842,mostellarmedical.org,45,7,All Other Clinic Types,1,Active,011832,0,1,Permanent,2,Service Delivery Site,1,Health Center/Applicant,1,Full-Time,1,Year-Round,01/05/1985,"Bayou La Batre Area Health Development Board, Inc.",12701 Padgett Switch Rd,Irvington,AL,36544-4011,"Corporate Entity, Not Federal Tax Exempt",-88.0313986,31.26426397,N,N,01129,Washington County,Washington,County,04,Region 4,01,Alabama,0101,1,Alabama District 01,AL-01,Jerry L. Carl,Tommy Tuberville,Tommy Tuberville,08/21/2024,044700,H80CS00098,11052,4537,6515,1232,1330,0,0,0,0,0,0,681,0,687,695,0,0,0,0,0,0,0,0,2334,2346,0,592,607,76,6199,6275,97,367,464,421,70,164,655,632,10256,164,214,4511,957,438,677,4469,3007,4584,1184,0,2277,53,647,0,107,0,16,94,23,113,126,697,489,31,129,67,1330,600,3144,236,52,0,8579,566,69,749,133,1395,1503,1371,1375,544,935,1357,736,762,0,0,0,0,0,0,0,0,0,31.26426397,-88.0313986
"{
  ""coordinates"": [
    -8.876179387999996e+01,
    3.134951864000003e+01
  ],
  ""type"": ""Point""
}",3917,Federally Qualified Health Center (FQHC),H80CS00188,042430,BPS-H80-020864,SBHC - Sand Hill,39455 Highway 63 N,Richton,MS,39476-2604,601-989-3105, ,12,2,School,1,Active,251054,1306931431,2,Seasonal,2,Service Delivery Site,1,Health Center/Applicant,0,Unknown,0,Unknown,07/12/2017,COASTAL FAMILY HEALTH CENTER,1046 Division St,Biloxi,MS,39530-2935,"Corporate Entity, Federal Tax Exempt",-88.76179388,31.34951864,N,N,28041,Greene County,Greene,County,04,Region 4,28,Mississippi,2804,4,Mississippi District 04,MS-04,Mike Ezell,Roger F. Wicker,Cindy Hyde-Smith,08/21/2024,042430,H80CS00188,36247,15100,21147,2421,4031,0,0,0,0,0,44,618,45,634,679,0,216,0,0,168,65,233,154,10034,10188,20,60,80,847,17649,18496,1624,782,2406,1202,330,2633,4165,4060,29554,2633,3561,9547,1600,549,382,24169,10438,10696,4748,0,10352,306,4005,5809,532,549,0,487,88,483,875,1099,1311,0,583,201,4542,1206,10833,604,54,0,17690,1245,56,163,442,887,2665,4203,3379,1484,2328,3246,1214,3387,844,2609,914,820,6553,2993,6484,297,0,31.34951864,-88.76179388
"{
  ""coordinates"": [
    -9.012868856999995e+01,
    2.988418526000006e+01
  ],
  ""type"": ""Point""
}",12954,Federally Qualified Health Center (FQHC),H80CS06716,0623760,BPS-H80-029888,LW Higgins High School SBHC,7201 Lapalco Blvd,Marrero,LA,70072-4523,504-762-8931,www.jchcc.org,40,2,School,1,Active, ,0,1,Permanent,2,Service Delivery Site,1,Health Center/Applicant,0,Unknown,0,Unknown,11/01/2019,"JEFFERSON COMMUNITY HEALTH CARE CENTERS, INC",4028 Highway 90 W,Avondale,LA,70094-2622,"Corporate Entity, Federal Tax Exempt",-90.12868857,29.88418526,N,N,22051,Jefferson Parish,Jefferson,Parish,06,Region 6,22,Louisiana,2202,2,Louisiana District 02,LA-02,Troy A. Carter,Bill Cassidy,John Kennedy,08/21/2024,0623760,H80CS06716,8452,3361,5091,0,1118,0,0,0,0,0,0,175,0,173,176,0,25,0,0,16,0,25,87,4710,4797,0,32,39,386,1585,1971,0,0,0,430,221,788,1439,933,6731,788,669,5140,474,153,167,2518,912,5216,1063,0,1261,0,17,298,36,0,0,92,208,211,93,318,132,0,108,60,1499,210,2621,125,0,0,3014,0,0,0,50,72,755,586,1160,168,459,726,255,0,367,2696,62,136,0,0,0,0,0,29.88418526,-90.12868857
"{
  ""coordinates"": [
    -9.022264123999996e+01,
    3.231407187000007e+01
  ],
  ""type"": ""Point""
}",3376,Federally Qualified Health Center (FQHC),H80CS00084,040750,BPS-H80-015713,Pecan Park Elementary School-Based Clinic,415 Claiborne Ave,Jackson,MS,39209-5321,601-364-5142,www.jhchc.org,20,2,School,1,Active,To be obtained,0,2,Seasonal,2,Service Delivery Site,1,Health Center/Applicant,0,Unknown,0,Unknown,08/11/2015,CENTRAL MISSISSIPPI CIVIC IMPROVEMENT ASSOCIATION INC,3502 W Northside Dr,Jackson,MS,39213-4454,"Corporate Entity, Federal Tax Exempt",-90.22264124,32.31407187,N,N,28049,Hinds County,Hinds,County,04,Region 4,28,Mississippi,2802,2,Mississippi District 02,MS-02,Bennie G. Thompson,Roger F. Wicker,Cindy Hyde-Smith,08/21/2024,040750,H80CS00084,50003,17448,32555,3399,6228,0,0,0,0,0,0,201,31,189,220,0,18,0,0,0,17,27,218,42542,42760,705,87,792,78,2741,2819,53,172,225,1863,650,647,3160,2958,46398,647,2740,31439,4766,1820,2480,9498,13837,18168,9839,0,8159,136,4955,5088,310,138,0,1616,20,67,525,1642,785,0,560,613,5671,1267,12760,1116,53,0,23581,650,55,251,391,505,3014,1704,1956,181,1529,3702,3478,915,2897,2882,1207,362,3215,8739,951,3246,0,32.31407187,-90.22264124
"{
  ""coordinates"": [
    -9.009702600999996e+01,
    3.049236462000005e+01
  ],
  ""type"": ""Point""
}",16297,Federally Qualified Health Center (FQHC),H80CS28964,06E01206,BPS-H80-022289,Start Community Health Center - Covington,1505 N Florida St,Covington,LA,70433-1544,985-900-1626, ,41,7,All Other Clinic Types,1,Active,191005,1902309370,1,Permanent,2,Service Delivery Site,1,Health Center/Applicant,0,Unknown,0,Unknown,06/24/2018,START CORP,420 Magnolia St,Houma,LA,70360-6304,"Corporate Entity, Federal Tax Exempt",-90.09702601,30.49236462,N,N,22103,St. Tammany Parish,St. Tammany,Parish,06,Region 6,22,Louisiana,2201,1,Louisiana District 01,LA-01,Steve Scalise,Bill Cassidy,John Kennedy,08/21/2024,06E01206,H80CS28964,23501,10785,12716,126,2280,0,0,0,0,0,0,86,0,85,89,0,0,0,0,0,0,0,109,9168,9277,29,593,622,382,10890,11272,262,122,384,79,226,1542,1847,870,21089,1542,220,13958,2208,1289,1812,4234,2429,15759,1376,0,3937,58,11990,0,207,35,0,117,18,222,143,411,367,0,98,0,1066,361,2641,168,19,0,4794,0,0,27,469,1445,1507,6594,5506,2307,3130,372,131,0,69,562,259,56,749,2810,4935,934,369,30.49236462,-90.09702601
"{
  ""coordinates"": [
    -9.243194310999996e+01,
    3.126649838000004e+01
  ],
  ""type"": ""Point""
}",14199,Federally Qualified Health Center (FQHC),H80CS12857,06E00021,BPS-H80-032655,Phoenix Magnet Elementary School Based Health Center,4500 Lincoln Rd,Alexandria,LA,71302-3617,318-648-0375,www.winnchc.org,40,2,School,1,Active, ,0,2,Seasonal,2,Service Delivery Site,1,Health Center/Applicant,0,Unknown,0,Unknown,06/23/2021,WINN COMMUNITY HEALTH CENTER INC,431 W Lafayette St,Winnfield,LA,71483-3463,"Corporate Entity, Federal Tax Exempt",-92.43194311,31.26649838,N,N,22079,Rapides Parish,Rapides,Parish,06,Region 6,22,Louisiana,2205,5,Louisiana District 05,LA-05,Julia Letlow,Bill Cassidy,John Kennedy,08/21/2024,06E00021,H80CS12857,34454,14380,20074,2247,2985,0,0,0,0,0,0,180,0,181,183,30,0,0,0,24,17,41,81,13030,13111,54,112,166,673,18504,19177,0,0,0,578,886,312,1776,1412,32730,312,257,15538,1487,773,843,15813,1734,20554,3847,0,8312,1125,1496,12881,84,24,16,255,0,64,1038,981,1280,26,277,25,2462,951,5217,796,105,22,14765,1179,42,236,192,682,1287,3332,4121,2158,2717,3060,799,0,1568,4971,2327,278,239,211,7320,477,187,31.26649838,-92.43194311
"{
  ""coordinates"": [
    -9.264259336999997e+01,
    3.192491133000004e+01
  ],
  ""type"": ""Point""
}",14236,Federally Qualified Health Center (FQHC),H80CS12857,06E00021,BPS-H80-012690,Winn Community Dental Center,425 W Lafayette St,Winnfield,LA,71483-3463,318-648-0375,www.winnchc.org,40,7,All Other Clinic Types,1,Active, ,0,1,Permanent,2,Service Delivery Site,1,Health Center/Applicant,1,Full-Time,1,Year-Round,06/25/2013,WINN COMMUNITY HEALTH CENTER INC,431 W Lafayette St,Winnfield,LA,71483-3463,"Corporate Entity, Federal Tax Exempt",-92.64259337,31.92491133,N,N,22127,Winn Parish,Winn,Parish,06,Region 6,22,Louisiana,2205,5,Louisiana District 05,LA-05,Julia Letlow,Bill Cassidy,John Kennedy,08/21/2024,06E00021,H80CS12857,34454,14380,20074,2247,2985,0,0,0,0,0,0,180,0,181,183,30,0,0,0,24,17,41,81,13030,13111,54,112,166,673,18504,19177,0,0,0,578,886,312,1776,1412,32730,312,257,15538,1487,773,843,15813,1734,20554,3847,0,8312,1125,1496,12881,84,24,16,255,0,64,1038,981,1280,26,277,25,2462,951,5217,796,105,22,14765,1179,42,236,192,682,1287,3332,4121,2158,2717,3060,799,0,1568,4971,2327,278,239,211,7320,477,187,31.92491133,-92.64259337
"{
  ""coordinates"": [
    -8.864083805999996e+01,
    3.167762361000007e+01
  ],
  ""type"": ""Point""
}",3173,Federally Qualified Health Center (FQHC),H80CS00538,040570,BPS-H80-015712,"Family Health Center, Inc.",713 Lomax Ave,Waynesboro,MS,39367-2556,601-425-3033 x601,www.lfhc.net,40,7,All Other Clinic Types,1,Active,251835,0,1,Permanent,2,Service Delivery Site,1,Health Center/Applicant,0,Unknown,0,Unknown,08/11/2015,FAMILY HEALTH CENTER,117 S 11th Ave,Laurel,MS,39440-4312,"Corporate Entity, Federal Tax Exempt",-88.64083806,31.67762361,N,N,28153,Wayne County,Wayne,County,04,Region 4,28,Mississippi,2804,4,Mississippi District 04,MS-04,Mike Ezell,Roger F. Wicker,Cindy Hyde-Smith,08/21/2024,040570,H80CS00538,16925,6939,9986,3358,1198,34,0,0,0,0,0,0,0,31,34,0,0,0,0,0,0,0,0,11165,11178,0,19,24,1625,3889,5514,0,35,37,73,45,0,126,1726,15191,0,1186,14353,304,83,76,2109,5078,6093,2539,0,3215,0,271,0,0,71,0,239,0,21,136,595,144,0,57,88,1106,286,2539,59,0,0,3978,284,88,86,31,0,406,541,220,302,322,1609,609,0,687,220,216,49,21,63,72,116,0,31.67762361,-88.64083806
"{
  ""coordinates"": [
    -9.264267001999997e+01,
    3.192499532000005e+01
  ],
  ""type"": ""Point""
}",14239,Federally Qualified Health Center (FQHC),H80CS12857,06E00021,BPS-H80-033584,Winn Community Administrative Office,426 W Lafayette St,Winnfield,LA,71483-3432,318-648-0375,www.winnchc.org,0,7,All Other Clinic Types,1,Active, ,0,1,Permanent,1,Administrative,1,Health Center/Applicant,0,Unknown,0,Unknown,10/27/2021,WINN COMMUNITY HEALTH CENTER INC,431 W Lafayette St,Winnfield,LA,71483-3463,"Corporate Entity, Federal Tax Exempt",-92.64267002,31.92499532,N,N,22127,Winn Parish,Winn,Parish,06,Region 6,22,Louisiana,2205,5,Louisiana District 05,LA-05,Julia Letlow,Bill Cassidy,John Kennedy,08/21/2024,06E00021,H80CS12857,34454,14380,20074,2247,2985,0,0,0,0,0,0,180,0,181,183,30,0,0,0,24,17,41,81,13030,13111,54,112,166,673,18504,19177,0,0,0,578,886,312,1776,1412,32730,312,257,15538,1487,773,843,15813,1734,20554,3847,0,8312,1125,1496,12881,84,24,16,255,0,64,1038,981,1280,26,277,25,2462,951,5217,796,105,22,14765,1179,42,236,192,682,1287,3332,4121,2158,2717,3060,799,0,1568,4971,2327,278,239,211,7320,477,187,31.92499532,-92.64267002
"{
  ""coordinates"": [
    -9.039389454999997e+01,
    3.286515620000007e+01
  ],
  ""type"": ""Point""
}",3422,Federally Qualified Health Center (FQHC),H80CS00484,040760,BPS-H80-000101,G.A. CARMICHAEL FAMILY HLTH CTR,1547 Jerry Clower Blvd,Yazoo City,MS,39194-2718,601-746-6532,www.gacfhc.org,40,7,All Other Clinic Types,1,Active,251809,1508922675,1,Permanent,2,Service Delivery Site,1,Health Center/Applicant,1,Full-Time,1,Year-Round,01/08/1974,"G.A. CARMICHAEL FAMILY HEALTH CENTER, INC",232 W Peace St,Canton,MS,39046-4326,"Corporate Entity, Federal Tax Exempt",-90.39389455,32.8651562,N,N,28163,Yazoo County,Yazoo,County,04,Region 4,28,Mississippi,2802,2,Mississippi District 02,MS-02,Bennie G. Thompson,Roger F. Wicker,Cindy Hyde-Smith,08/21/2024,040760,H80CS00484,11066,4311,6755,505,2028,0,0,0,0,0,0,41,0,38,41,0,0,0,0,0,0,0,179,9676,9855,0,0,0,0,362,367,17,83,100,597,86,17,700,801,10248,17,458,9787,141,37,45,1056,3369,3179,1999,0,2512,59,304,1641,82,337,0,146,0,0,252,268,122,0,102,42,1697,263,3115,138,0,0,6167,0,0,24,41,32,326,270,408,38,280,664,444,0,1151,535,444,283,3052,706,3052,911,0,32.8651562,-90.39389455
"{
  ""coordinates"": [
    -9.079871083999996e+01,
    3.502917219000005e+01
  ],
  ""type"": ""Point""
}",7738,Federally Qualified Health Center (FQHC),H80CS00123,060140,BPS-H80-036757,Forrest City School District Health and Wellness,801 Deadrick Rd,Forrest City,AR,72335-1832,870-633-2141, ,40,2,School,1,Active, ,0,2,Seasonal,2,Service Delivery Site,1,Health Center/Applicant,0,Unknown,0,Unknown,05/24/2023,"EAST ARKANSAS FAMILY HEALTH CENTER, INC.",900 N 7th St,West Memphis,AR,72301,"Corporate Entity, Federal Tax Exempt",-90.79871084,35.02917219,N,N,05123,St. Francis County,St. Francis,County,06,Region 6,05,Arkansas,0501,1,Arkansas District 01,AR-01,Eric A. “Rick” Crawford,John Boozman,Tom Cotton,08/21/2024,060140,H80CS00123,20366,8080,12286,594,4410,0,0,0,0,0,0,77,0,82,86,0,113,0,0,89,30,119,81,13371,13452,39,0,48,130,5818,5948,20,101,121,387,187,18,592,750,19598,18,304,12668,3214,1506,2390,588,4099,6626,5212,0,4429,140,0,980,334,238,0,195,0,85,375,741,1135,0,284,40,3197,1546,7613,678,23,0,6436,116,0,148,320,434,1705,2476,2098,226,1465,0,688,1423,2089,2442,1969,552,201,483,375,444,0,35.02917219,-90.79871084
"{
  ""coordinates"": [
    -9.004090506999995e+01,
    2.994253759000003e+01
  ],
  ""type"": ""Point""
}",16168,Federally Qualified Health Center (FQHC),H80CS24198,06E00523,BPS-H80-036069,L.B. Landry High School,1200 L B Landry Ave,New Orleans,LA,70114-2657,508-302-7170, ,42.5,2,School,1,Active, ,0,1,Permanent,2,Service Delivery Site,1,Health Center/Applicant,0,Unknown,0,Unknown,12/20/2022,MARILLAC COMMUNITY HEALTH CENTERS,3201 S Carrollton Ave,New Orleans,LA,70118-4307,"Corporate Entity, Federal Tax Exempt",-90.04090507,29.94253759,N,N,22071,Orleans Parish,Orleans,Parish,06,Region 6,22,Louisiana,2202,2,Louisiana District 02,LA-02,Troy A. Carter,Bill Cassidy,John Kennedy,08/21/2024,06E00523,H80CS24198,44602,18392,26210,4274,4577,32,0,0,0,0,24,198,18,251,269,21,210,0,0,156,76,232,964,27658,28622,470,45,515,8065,5006,13071,0,22,23,386,392,1092,1870,10060,33450,1092,9011,10643,494,140,579,32746,7176,28411,3896,0,5119,1558,360,1689,104,225,76,530,38,226,506,2832,1105,0,679,297,5270,1152,11726,1982,99,0,23748,929,153,400,420,1069,3731,5505,4012,1259,3665,5659,211,0,1470,3294,1293,1495,360,62,6,76,114,29.94253759,-90.04090507
"{
  ""coordinates"": [
    -9.207329638999994e+01,
    3.056605308000006e+01
  ],
  ""type"": ""Point""
}",7097,Federally Qualified Health Center (FQHC),H80CS00579,062900,BPS-H80-013455,Southwest Louisiana Primary Health Care Center Mobile Unit,8762 Highway 182,Opelousas,LA,70570-5603,337-942-2005, ,24,7,All Other Clinic Types,1,Active, ,0,5,Mobile Van,2,Service Delivery Site,1,Health Center/Applicant,2,Part-Time,1,Year-Round,12/02/2013,"SOUTHWEST LA PRIMARY HEALTH CARE CENTER, INC",8762 Highway 182,Opelousas,LA,70570-5603,"Corporate Entity, Not Federal Tax Exempt",-92.07329639,30.56605308,N,N,22097,St. Landry Parish,St. Landry,Parish,06,Region 6,22,Louisiana,2204,4,Louisiana District 04,LA-04,Mike Johnson,Bill Cassidy,John Kennedy,08/21/2024,062900,H80CS00579,6898,2952,3946,1064,636,0,0,0,0,0,0,18,0,17,21,0,0,0,0,0,0,0,236,4526,4762,21,0,28,65,1124,1189,0,23,26,51,134,679,864,387,5832,679,292,4190,522,186,152,1848,672,3730,405,0,2091,19,419,0,0,0,0,38,0,0,32,170,111,0,40,0,490,125,1290,127,0,0,737,340,23,112,20,162,339,439,503,310,581,181,65,0,92,1247,420,122,0,0,0,0,140,30.56605308,-92.07329639
"{
  ""coordinates"": [
    -8.940046469999997e+01,
    3.040820977000004e+01
  ],
  ""type"": ""Point""
}",3854,Federally Qualified Health Center (FQHC),H80CS00188,042430,BPS-H80-037413,SBHC - East Hancock Elementary,4221 Kiln Delisle Rd,Kiln,MS,39556-6695,228-374-2494,www.coastalfamilyhealth.org,8,2,School,1,Active, ,0,2,Seasonal,2,Service Delivery Site,1,Health Center/Applicant,0,Unknown,0,Unknown,09/01/2023,COASTAL FAMILY HEALTH CENTER,1046 Division St,Biloxi,MS,39530-2935,"Corporate Entity, Federal Tax Exempt",-89.4004647,30.40820977,N,N,28045,Hancock County,Hancock,County,04,Region 4,28,Mississippi,2804,4,Mississippi District 04,MS-04,Mike Ezell,Roger F. Wicker,Cindy Hyde-Smith,08/21/2024,042430,H80CS00188,36247,15100,21147,2421,4031,0,0,0,0,0,44,618,45,634,679,0,216,0,0,168,65,233,154,10034,10188,20,60,80,847,17649,18496,1624,782,2406,1202,330,2633,4165,4060,29554,2633,3561,9547,1600,549,382,24169,10438,10696,4748,0,10352,306,4005,5809,532,549,0,487,88,483,875,1099,1311,0,583,201,4542,1206,10833,604,54,0,17690,1245,56,163,442,887,2665,4203,3379,1484,2328,3246,1214,3387,844,2609,914,820,6553,2993,6484,297,0,30.40820977,-89.4004647
"{
  ""coordinates"": [
    -9.117679291999997e+01,
    3.043201928000008e+01
  ],
  ""type"": ""Point""
}",16257,Federally Qualified Health Center (FQHC),H80CS28962,06E01178,BPS-H80-034126,OHCC Baranco-Clark,1735 Thomas H Delpit Dr,Baton Rouge,LA,70802-6633,225-655-6422, ,40,7,All Other Clinic Types,1,Active,191095,0,1,Permanent,2,Service Delivery Site,1,Health Center/Applicant,0,Unknown,0,Unknown,01/24/2022,"HIV/AIDS ALLIANCE FOR REGION TWO (HAART), INC.",3949 North Blvd,Baton Rouge,LA,70806-3827,"Corporate Entity, Federal Tax Exempt",-91.17679292,30.43201928,N,N,22033,East Baton Rouge Parish,East Baton Rouge,Parish,06,Region 6,22,Louisiana,2202,2,Louisiana District 02,LA-02,Troy A. Carter,Bill Cassidy,John Kennedy,08/21/2024,06E01178,H80CS28962,15248,6792,8456,1016,605,0,0,0,0,0,0,109,0,108,111,0,0,0,0,0,0,0,73,8370,8443,0,16,24,848,2276,3124,0,0,17,3162,285,70,3517,4103,11075,70,3787,8601,2147,904,1628,1968,4399,7558,890,0,2393,0,45,0,24,1040,0,825,50,256,107,371,209,0,289,132,1012,270,2664,161,35,0,7125,229,23,79,215,418,752,1375,2219,471,1229,2108,3173,0,252,1092,331,575,316,194,0,634,0,30.43201928,-91.17679292
"{
  ""coordinates"": [
    -9.155384436999996e+01,
    3.055678806000003e+01
  ],
  ""type"": ""Point""
}",13008,Federally Qualified Health Center (FQHC),H80CS00855,0610680,BPS-H80-013562,Livonia School Based Health Center- Suite A,8387 Newfield Dr,Livonia,LA,70755-3605,225-412-0404,arborfamilyhealth.org,40,7,All Other Clinic Types,1,Active,191919,1578986006,1,Permanent,2,Service Delivery Site,1,Health Center/Applicant,1,Full-Time,1,Year-Round,01/27/2014,INNIS COMMUNITY HEALTH CENTER INC,6450 LA Highway 1,Batchelor,LA,70715-3212,"Corporate Entity, Federal Tax Exempt",-91.55384437,30.55678806,N,N,22077,Pointe Coupee Parish,Pointe Coupee,Parish,06,Region 6,22,Louisiana,2205,5,Louisiana District 05,LA-05,Julia Letlow,Bill Cassidy,John Kennedy,08/21/2024,0610680,H80CS00855,10113,4491,5622,493,1655,0,0,0,0,0,0,50,28,22,50,0,25,0,0,26,0,33,0,4602,4617,0,27,34,214,4655,4869,0,77,81,301,80,48,429,595,9470,48,426,3275,353,136,466,5883,587,5178,1774,0,2571,224,0,2185,235,0,0,42,0,27,443,208,401,0,53,21,1273,447,2027,209,16,0,4669,247,0,0,94,175,1603,1244,1672,683,1148,1255,211,0,1258,2117,409,109,216,130,497,127,53,30.55678806,-91.55384437
"{
  ""coordinates"": [
    -9.153009835999995e+01,
    3.053179050000005e+01
  ],
  ""type"": ""Point""
}",13002,Federally Qualified Health Center (FQHC),H80CS00855,0610680,BPS-H80-017314,Valverda Elementary School,1653 Valverda Rd,Maringouin,LA,70757-5118,225-412-0404,arborfamilyhealth.org,40,2,School,1,Active, ,1164897542,2,Seasonal,2,Service Delivery Site,1,Health Center/Applicant,0,Unknown,0,Unknown,11/25/2015,INNIS COMMUNITY HEALTH CENTER INC,6450 LA Highway 1,Batchelor,LA,70715-3212,"Corporate Entity, Federal Tax Exempt",-91.53009836,30.5317905,N,N,22077,Pointe Coupee Parish,Pointe Coupee,Parish,06,Region 6,22,Louisiana,2205,5,Louisiana District 05,LA-05,Julia Letlow,Bill Cassidy,John Kennedy,08/21/2024,0610680,H80CS00855,10113,4491,5622,493,1655,0,0,0,0,0,0,50,28,22,50,0,25,0,0,26,0,33,0,4602,4617,0,27,34,214,4655,4869,0,77,81,301,80,48,429,595,9470,48,426,3275,353,136,466,5883,587,5178,1774,0,2571,224,0,2185,235,0,0,42,0,27,443,208,401,0,53,21,1273,447,2027,209,16,0,4669,247,0,0,94,175,1603,1244,1672,683,1148,1255,211,0,1258,2117,409,109,216,130,497,127,53,30.5317905,-91.53009836
"{
  ""coordinates"": [
    -9.019467392999995e+01,
    3.232694987000008e+01
  ],
  ""type"": ""Point""
}",3379,Federally Qualified Health Center (FQHC),H80CS00084,040750,BPS-H80-009605,Jackson-Hinds Comprehensive Health Center at the Jackson Medical Mall,350 W Woodrow Wilson Ave,Jackson,MS,39213-7681,601-709-5130,www.jackson-hinds.com,45,7,All Other Clinic Types,1,Active,251004,1427377266,1,Permanent,2,Service Delivery Site,1,Health Center/Applicant,1,Full-Time,1,Year-Round,07/30/2010,CENTRAL MISSISSIPPI CIVIC IMPROVEMENT ASSOCIATION INC,3502 W Northside Dr,Jackson,MS,39213-4454,"Corporate Entity, Federal Tax Exempt",-90.19467393,32.32694987,N,N,28049,Hinds County,Hinds,County,04,Region 4,28,Mississippi,2802,2,Mississippi District 02,MS-02,Bennie G. Thompson,Roger F. Wicker,Cindy Hyde-Smith,08/21/2024,040750,H80CS00084,50003,17448,32555,3399,6228,0,0,0,0,0,0,201,31,189,220,0,18,0,0,0,17,27,218,42542,42760,705,87,792,78,2741,2819,53,172,225,1863,650,647,3160,2958,46398,647,2740,31439,4766,1820,2480,9498,13837,18168,9839,0,8159,136,4955,5088,310,138,0,1616,20,67,525,1642,785,0,560,613,5671,1267,12760,1116,53,0,23581,650,55,251,391,505,3014,1704,1956,181,1529,3702,3478,915,2897,2882,1207,362,3215,8739,951,3246,0,32.32694987,-90.19467393
"{
  ""coordinates"": [
    -9.210614640999997e+01,
    3.249056160000003e+01
  ],
  ""type"": ""Point""
}",6533,Federally Qualified Health Center (FQHC),H80CS00754,068480,BPS-H80-009092,PHSC S D HILL CLINIC,850 S 2nd St,Monroe,LA,71202-2112,318-651-0041, ,40,7,All Other Clinic Types,1,Active,191838,0,1,Permanent,2,Service Delivery Site,1,Health Center/Applicant,1,Full-Time,1,Year-Round,07/01/2009,PRIMARY HEALTH SERVICES CENTER,2913 Betin Ave,Monroe,LA,71201-7257,"Corporate Entity, Federal Tax Exempt",-92.10614641,32.4905616,N,N,22073,Ouachita Parish,Ouachita,Parish,06,Region 6,22,Louisiana,2205,5,Louisiana District 05,LA-05,Julia Letlow,Bill Cassidy,John Kennedy,08/21/2024,068480,H80CS00754,17960,6866,11094,1147,1213,0,0,0,0,0,0,105,0,98,105,0,0,0,0,0,0,0,56,13633,13689,0,21,26,248,3594,3842,0,155,163,0,51,64,130,339,17557,64,109,13086,2441,759,1125,549,1307,14014,1216,0,1420,0,8690,2442,98,18,0,793,0,53,120,337,192,0,184,151,874,228,3964,152,0,0,8970,258,20,133,81,320,2345,4156,1282,380,1931,1246,1117,0,0,3486,1055,468,184,131,158,240,0,32.4905616,-92.10614641
"{
  ""coordinates"": [
    -9.328027331999994e+01,
    3.234656410000002e+01
  ],
  ""type"": ""Point""
}",14242,Federally Qualified Health Center (FQHC),H80CS12857,06E00021,BPS-H80-030867,Bienville Community Health Center,3265 Military Rd,Ringgold,LA,71068-2809,318-894-2341,www.winnchc.org,40,7,All Other Clinic Types,1,Active,191941,0,1,Permanent,2,Service Delivery Site,1,Health Center/Applicant,0,Unknown,0,Unknown,06/05/2020,WINN COMMUNITY HEALTH CENTER INC,431 W Lafayette St,Winnfield,LA,71483-3463,"Corporate Entity, Federal Tax Exempt",-93.28027332,32.3465641,N,N,22013,Bienville Parish,Bienville,Parish,06,Region 6,22,Louisiana,2204,4,Louisiana District 04,LA-04,Mike Johnson,Bill Cassidy,John Kennedy,08/21/2024,06E00021,H80CS12857,34454,14380,20074,2247,2985,0,0,0,0,0,0,180,0,181,183,30,0,0,0,24,17,41,81,13030,13111,54,112,166,673,18504,19177,0,0,0,578,886,312,1776,1412,32730,312,257,15538,1487,773,843,15813,1734,20554,3847,0,8312,1125,1496,12881,84,24,16,255,0,64,1038,981,1280,26,277,25,2462,951,5217,796,105,22,14765,1179,42,236,192,682,1287,3332,4121,2158,2717,3060,799,0,1568,4971,2327,278,239,211,7320,477,187,32.3465641,-93.28027332
"{
  ""coordinates"": [
    -9.136060094999998e+01,
    3.528224641000002e+01
  ],
  ""type"": ""Point""
}",7346,Federally Qualified Health Center (FQHC),H80CS00207,060940,BPS-H80-011455,ARcare - 29,800 Main St,Augusta,AR,72006-2449,870-347-3350,www.arcare.net,40,7,All Other Clinic Types,1,Active,041882,1598023293,1,Permanent,2,Service Delivery Site,1,Health Center/Applicant,1,Full-Time,1,Year-Round,05/18/2012,ARCARE,117 S 2nd St,Augusta,AR,72006-2309,"Corporate Entity, Federal Tax Exempt",-91.36060095,35.28224641,N,N,05147,Woodruff County,Woodruff,County,06,Region 6,05,Arkansas,0501,1,Arkansas District 01,AR-01,Eric A. “Rick” Crawford,John Boozman,Tom Cotton,08/21/2024,060940,H80CS00207,106184,45583,60601,7031,12205,0,0,0,0,0,0,785,43,742,785,0,872,0,0,558,314,872,129,19550,19679,73,214,287,4379,76561,80940,122,1041,1163,997,561,900,2458,6301,98983,900,1687,1983,575,298,228,103100,11146,46192,16430,0,32416,428,7617,4775,444,612,0,1245,25,925,3572,3329,4122,2434,931,77,10451,4041,24879,2261,292,60,12308,4608,247,800,884,2552,4218,13292,14730,2188,5820,6184,1262,0,0,0,0,0,0,0,0,0,1883,35.28224641,-91.36060095
"{
  ""coordinates"": [
    -8.903594758999996e+01,
    3.178306736000007e+01
  ],
  ""type"": ""Point""
}",3184,Federally Qualified Health Center (FQHC),H80CS00538,040570,BPS-H80-005525,SANDERSVILLE HEALTH CENTER,203 Broad St,Sandersville,MS,39477-4500,601-426-9918,www.lfhc.net,40,7,All Other Clinic Types,1,Active,251899,0,1,Permanent,2,Service Delivery Site,1,Health Center/Applicant,1,Full-Time,1,Year-Round,01/12/1992,FAMILY HEALTH CENTER,117 S 11th Ave,Laurel,MS,39440-4312,"Corporate Entity, Federal Tax Exempt",-89.03594759,31.78306736,N,N,28067,Jones County,Jones,County,04,Region 4,28,Mississippi,2803,3,Mississippi District 03,MS-03,Michael Guest,Roger F. Wicker,Cindy Hyde-Smith,08/21/2024,040570,H80CS00538,16925,6939,9986,3358,1198,34,0,0,0,0,0,0,0,31,34,0,0,0,0,0,0,0,0,11165,11178,0,19,24,1625,3889,5514,0,35,37,73,45,0,126,1726,15191,0,1186,14353,304,83,76,2109,5078,6093,2539,0,3215,0,271,0,0,71,0,239,0,21,136,595,144,0,57,88,1106,286,2539,59,0,0,3978,284,88,86,31,0,406,541,220,302,322,1609,609,0,687,220,216,49,21,63,72,116,0,31.78306736,-89.03594759
"{
  ""coordinates"": [
    -9.273019343999994e+01,
    3.114620646000003e+01
  ],
  ""type"": ""Point""
}",14193,Federally Qualified Health Center (FQHC),H80CS12857,06E00021,BPS-H80-034864,Oak Hill High School Based Clinic,7362 Highway 112,Elmer,LA,71424-9534,318-648-0375, ,40,2,School,1,Active,191099,0,2,Seasonal,2,Service Delivery Site,1,Health Center/Applicant,0,Unknown,0,Unknown,05/19/2022,WINN COMMUNITY HEALTH CENTER INC,431 W Lafayette St,Winnfield,LA,71483-3463,"Corporate Entity, Federal Tax Exempt",-92.73019344,31.14620646,N,N,22079,Rapides Parish,Rapides,Parish,06,Region 6,22,Louisiana,2205,5,Louisiana District 05,LA-05,Julia Letlow,Bill Cassidy,John Kennedy,08/21/2024,06E00021,H80CS12857,34454,14380,20074,2247,2985,0,0,0,0,0,0,180,0,181,183,30,0,0,0,24,17,41,81,13030,13111,54,112,166,673,18504,19177,0,0,0,578,886,312,1776,1412,32730,312,257,15538,1487,773,843,15813,1734,20554,3847,0,8312,1125,1496,12881,84,24,16,255,0,64,1038,981,1280,26,277,25,2462,951,5217,796,105,22,14765,1179,42,236,192,682,1287,3332,4121,2158,2717,3060,799,0,1568,4971,2327,278,239,211,7320,477,187,31.14620646,-92.73019344
"{
  ""coordinates"": [
    -9.115619187999994e+01,
    3.045025784000006e+01
  ],
  ""type"": ""Point""
}",6456,Federally Qualified Health Center (FQHC),H80CS00504,067570,BPS-H80-037281,CareSouth Medical Mobile Unit,3140 Florida St,Baton Rouge,LA,70806-3757,225-650-2000, ,30,7,All Other Clinic Types,1,Active, ,0,5,Mobile Van,2,Service Delivery Site,1,Health Center/Applicant,0,Unknown,0,Unknown,09/12/2023,CAPITOL CITY FAMILY HEALTH CENTER INCORPORATED,3140 Florida St,Baton Rouge,LA,70806-3757,"Corporate Entity, Federal Tax Exempt",-91.15619188,30.45025784,N,N,22033,East Baton Rouge Parish,East Baton Rouge,Parish,06,Region 6,22,Louisiana,2206,6,Louisiana District 06,LA-06,Garret Graves,Bill Cassidy,John Kennedy,08/21/2024,067570,H80CS00504,17988,7326,10662,617,2046,0,0,0,0,0,0,92,0,97,104,0,38,0,0,33,18,51,118,12422,12540,0,25,37,156,3463,3619,0,0,0,390,166,1070,1626,719,16199,1070,399,5367,1750,755,1592,8524,3324,10338,2190,0,2136,0,38,1066,33,605,0,302,55,232,126,356,203,0,211,85,1162,365,3212,182,16,0,6931,57,36,69,318,624,2076,2710,3077,1361,2431,739,605,0,1322,2743,1332,723,9,101,4,8,0,30.45025784,-91.15619188
"{
  ""coordinates"": [
    -9.123865667999995e+01,
    3.192252331000003e+01
  ],
  ""type"": ""Point""
}",12825,Federally Qualified Health Center (FQHC),H80CS06450,0622350,BPS-H80-021903,Tensas School-Based Health Center,720 Plank Rd,Saint Joseph,LA,71366-6616,318-766-1967, ,38,2,School,1,Active, ,0,2,Seasonal,2,Service Delivery Site,1,Health Center/Applicant,0,Unknown,0,Unknown,03/09/2018,TENSAS COMMUNITY HEALTH CENTER,402 Levee Rd,Saint Joseph,LA,71366-6661,"Corporate Entity, Federal Tax Exempt",-91.23865668,31.92252331,N,N,22107,Tensas Parish,Tensas,Parish,06,Region 6,22,Louisiana,2205,5,Louisiana District 05,LA-05,Julia Letlow,Bill Cassidy,John Kennedy,08/21/2024,0622350,H80CS06450,4329,1681,2648,95,685,0,0,0,0,0,0,0,0,0,0,0,0,0,0,0,0,0,0,1741,1746,0,0,0,19,2430,2449,0,0,16,39,45,17,101,75,4237,17,56,379,56,35,87,3772,689,1957,458,0,1225,0,0,235,24,0,0,0,0,0,174,56,76,0,31,0,277,137,710,69,0,0,1138,83,0,0,25,24,352,372,637,148,216,112,84,0,548,1372,833,420,0,0,0,0,0,31.92252331,-91.23865668
"{
  ""coordinates"": [
    -9.080965960999997e+01,
    2.979868997000005e+01
  ],
  ""type"": ""Point""
}",16291,Federally Qualified Health Center (FQHC),H80CS28964,06E01206,BPS-H80-034908,Start Community Health Center - Thibodaux,312 E Bayou Rd,Thibodaux,LA,70301-8036,985-446-5244, ,32,7,All Other Clinic Types,1,Active, ,0,1,Permanent,2,Service Delivery Site,1,Health Center/Applicant,0,Unknown,0,Unknown,06/03/2022,START CORP,420 Magnolia St,Houma,LA,70360-6304,"Corporate Entity, Federal Tax Exempt",-90.80965961,29.79868997,N,N,22057,Lafourche Parish,Lafourche,Parish,06,Region 6,22,Louisiana,2206,6,Louisiana District 06,LA-06,Garret Graves,Bill Cassidy,John Kennedy,08/21/2024,06E01206,H80CS28964,23501,10785,12716,126,2280,0,0,0,0,0,0,86,0,85,89,0,0,0,0,0,0,0,109,9168,9277,29,593,622,382,10890,11272,262,122,384,79,226,1542,1847,870,21089,1542,220,13958,2208,1289,1812,4234,2429,15759,1376,0,3937,58,11990,0,207,35,0,117,18,222,143,411,367,0,98,0,1066,361,2641,168,19,0,4794,0,0,27,469,1445,1507,6594,5506,2307,3130,372,131,0,69,562,259,56,749,2810,4935,934,369,29.79868997,-90.80965961
"{
  ""coordinates"": [
    -9.118977891999997e+01,
    3.064277909000003e+01
  ],
  ""type"": ""Point""
}",7807,Federally Qualified Health Center (FQHC),H80CS00370,063710,BPS-H80-036144,Southeast Community Health Systems - Copper Mill Elementary School,1300 Independence Blvd,Zachary,LA,70791-7361,225-654-1288, ,15,2,School,1,Active, ,0,2,Seasonal,2,Service Delivery Site,1,Health Center/Applicant,0,Unknown,0,Unknown,01/05/2023,SOUTHEAST COMMUNITY HEALTH SYSTEMS,6351 Main St,Zachary,LA,70791-4038,"Corporate Entity, Federal Tax Exempt",-91.18977892,30.64277909,N,N,22033,East Baton Rouge Parish,East Baton Rouge,Parish,06,Region 6,22,Louisiana,2206,6,Louisiana District 06,LA-06,Garret Graves,Bill Cassidy,John Kennedy,08/21/2024,063710,H80CS00370,9749,3543,6206,245,1141,0,0,0,0,0,0,23,0,27,33,33,0,0,0,31,0,36,34,6505,6539,29,23,52,68,2291,2359,0,52,60,391,208,71,670,567,9111,71,408,707,118,49,42,8833,977,6004,1316,0,1451,133,0,802,93,0,0,136,0,28,214,200,171,0,128,76,1197,214,1936,190,0,0,1424,94,0,27,69,112,285,945,1151,385,720,443,585,0,447,1195,378,155,95,316,201,193,0,30.64277909,-91.18977892
"{
  ""coordinates"": [
    -9.249701609999994e+01,
    3.114844125000007e+01
  ],
  ""type"": ""Point""
}",13466,Federally Qualified Health Center (FQHC),H80CS00867,0613350,BPS-H80-017454,Woodworth Community Health Center,9372 Highway 165 S,Woodworth,LA,71485-9786,504-575-3700, ,40,7,All Other Clinic Types,1,Active,191948,1578929105,1,Permanent,2,Service Delivery Site,1,Health Center/Applicant,0,Unknown,0,Unknown,01/06/2016,ACCESS HEALTH LOUISIANA,2900 Indiana Ave,Kenner,LA,70065-4605,"Corporate Entity, Federal Tax Exempt",-92.4970161,31.14844125,N,N,22079,Rapides Parish,Rapides,Parish,06,Region 6,22,Louisiana,2205,5,Louisiana District 05,LA-05,Julia Letlow,Bill Cassidy,John Kennedy,08/21/2024,0613350,H80CS00867,56382,23991,32391,2427,3790,0,0,0,0,0,0,643,18,631,649,0,108,0,0,53,56,109,445,16357,16802,87,248,335,5409,21181,26590,165,783,948,6640,1126,3183,10949,12817,40382,3183,10182,22871,6359,2554,2349,22249,11408,30297,4318,0,10354,319,850,15894,882,179,23,492,28,289,863,2673,1171,0,683,199,5111,1564,10189,860,109,19,26486,1286,131,909,700,1515,3148,9074,11864,7657,7814,4338,3543,0,619,960,317,120,683,573,1131,1003,152,31.14844125,-92.4970161
"{
  ""coordinates"": [
    -9.219105399999999e+01,
    3.136727702000008e+01
  ],
  ""type"": ""Point""
}",14219,Federally Qualified Health Center (FQHC),H80CS12857,06E00021,BPS-H80-032622,Buckeye Elementary School Based Clinic,642 Highway 1207,Deville,LA,71328-9574,318-648-0375,www.winnchc.org,40,2,School,1,Active,191081,0,2,Seasonal,2,Service Delivery Site,1,Health Center/Applicant,0,Unknown,0,Unknown,06/21/2021,WINN COMMUNITY HEALTH CENTER INC,431 W Lafayette St,Winnfield,LA,71483-3463,"Corporate Entity, Federal Tax Exempt",-92.191054,31.36727702,N,N,22079,Rapides Parish,Rapides,Parish,06,Region 6,22,Louisiana,2205,5,Louisiana District 05,LA-05,Julia Letlow,Bill Cassidy,John Kennedy,08/21/2024,06E00021,H80CS12857,34454,14380,20074,2247,2985,0,0,0,0,0,0,180,0,181,183,30,0,0,0,24,17,41,81,13030,13111,54,112,166,673,18504,19177,0,0,0,578,886,312,1776,1412,32730,312,257,15538,1487,773,843,15813,1734,20554,3847,0,8312,1125,1496,12881,84,24,16,255,0,64,1038,981,1280,26,277,25,2462,951,5217,796,105,22,14765,1179,42,236,192,682,1287,3332,4121,2158,2717,3060,799,0,1568,4971,2327,278,239,211,7320,477,187,31.36727702,-92.191054
"{
  ""coordinates"": [
    -9.263860127999999e+01,
    3.251960070000007e+01
  ],
  ""type"": ""Point""
}",16320,Federally Qualified Health Center (FQHC) Look-Alike,LALCS31662,06E01298,BPS-LAL-034116,Mercy Dental,900 S Vienna St,Ruston,LA,71270-5830,318-251-0334, ,32,7,All Other Clinic Types,1,Active, ,0,1,Permanent,2,Service Delivery Site,1,Health Center/Applicant,0,Unknown,0,Unknown,01/12/2022,MERCY MEDICAL HEALTH CENTER,244 Bond Street,JONESBORO,LA,71251, ,-92.63860128,32.5196007,N,N,22061,Lincoln Parish,Lincoln,Parish,06,Region 6,22,Louisiana,2205,5,Louisiana District 05,LA-05,Julia Letlow,Bill Cassidy,John Kennedy,08/21/2024,06E01298,LALCS31662,8047,3132,4915,473,1240,0,0,0,0,0,0,20,0,25,25,0,0,0,0,0,0,0,0,2158,2166,0,0,0,88,5515,5603,0,54,58,27,130,30,187,129,7888,30,42,3136,624,381,843,3063,413,2447,931,0,4256,16,0,0,172,0,0,22,0,0,620,113,468,0,79,0,830,297,1925,179,407,0,634,362,0,46,27,43,171,256,990,419,352,237,213,0,388,1695,474,71,1,0,3,1,0,32.5196007,-92.63860128
